# procedural placeholder mesh: farmer_torso
v 0.13500 -0.04000 0.00000
v 0.13313 -0.04000 0.02036
v 0.12758 -0.04000 0.03771
v 0.11845 -0.04000 0.05325
v 0.10595 -0.04000 0.06691
v 0.09033 -0.04000 0.07848
v 0.07189 -0.04000 0.08774
v 0.05090 -0.04000 0.09450
v 0.02749 -0.04000 0.09862
v 0.00000 -0.04000 0.10000
v -0.02749 -0.04000 0.09862
v -0.05090 -0.04000 0.09450
v -0.07189 -0.04000 0.08774
v -0.09033 -0.04000 0.07848
v -0.10595 -0.04000 0.06691
v -0.11845 -0.04000 0.05325
v -0.12758 -0.04000 0.03771
v -0.13313 -0.04000 0.02036
v -0.13500 -0.04000 0.00000
v -0.13313 -0.04000 -0.02036
v -0.12758 -0.04000 -0.03771
v -0.11845 -0.04000 -0.05325
v -0.10595 -0.04000 -0.06691
v -0.09033 -0.04000 -0.07848
v -0.07189 -0.04000 -0.08774
v -0.05090 -0.04000 -0.09450
v -0.02749 -0.04000 -0.09862
v -0.00000 -0.04000 -0.10000
v 0.02749 -0.04000 -0.09862
v 0.05090 -0.04000 -0.09450
v 0.07189 -0.04000 -0.08774
v 0.09033 -0.04000 -0.07848
v 0.10595 -0.04000 -0.06691
v 0.11845 -0.04000 -0.05325
v 0.12758 -0.04000 -0.03771
v 0.13313 -0.04000 -0.02036
v 0.13996 -0.00630 0.00000
v 0.13803 -0.00630 0.02090
v 0.13227 -0.00630 0.03870
v 0.12281 -0.00630 0.05466
v 0.10985 -0.00630 0.06869
v 0.09366 -0.00630 0.08056
v 0.07453 -0.00630 0.09007
v 0.05278 -0.00630 0.09700
v 0.02850 -0.00630 0.10123
v 0.00000 -0.00630 0.10265
v -0.02850 -0.00630 0.10123
v -0.05278 -0.00630 0.09700
v -0.07453 -0.00630 0.09007
v -0.09366 -0.00630 0.08056
v -0.10985 -0.00630 0.06869
v -0.12281 -0.00630 0.05466
v -0.13227 -0.00630 0.03870
v -0.13803 -0.00630 0.02090
v -0.13996 -0.00630 0.00000
v -0.13803 -0.00630 -0.02090
v -0.13227 -0.00630 -0.03870
v -0.12281 -0.00630 -0.05466
v -0.10985 -0.00630 -0.06869
v -0.09366 -0.00630 -0.08056
v -0.07453 -0.00630 -0.09007
v -0.05278 -0.00630 -0.09700
v -0.02850 -0.00630 -0.10123
v -0.00000 -0.00630 -0.10265
v 0.02850 -0.00630 -0.10123
v 0.05278 -0.00630 -0.09700
v 0.07453 -0.00630 -0.09007
v 0.09366 -0.00630 -0.08056
v 0.10985 -0.00630 -0.06869
v 0.12281 -0.00630 -0.05466
v 0.13227 -0.00630 -0.03870
v 0.13803 -0.00630 -0.02090
v 0.14532 0.02770 0.00000
v 0.14331 0.02770 0.02148
v 0.13733 0.02770 0.03978
v 0.12751 0.02770 0.05618
v 0.11405 0.02770 0.07060
v 0.09724 0.02770 0.08280
v 0.07739 0.02770 0.09257
v 0.05480 0.02770 0.09970
v 0.02959 0.02770 0.10405
v 0.00000 0.02770 0.10551
v -0.02959 0.02770 0.10405
v -0.05480 0.02770 0.09970
v -0.07739 0.02770 0.09257
v -0.09724 0.02770 0.08280
v -0.11405 0.02770 0.07060
v -0.12751 0.02770 0.05618
v -0.13733 0.02770 0.03978
v -0.14331 0.02770 0.02148
v -0.14532 0.02770 0.00000
v -0.14331 0.02770 -0.02148
v -0.13733 0.02770 -0.03978
v -0.12751 0.02770 -0.05618
v -0.11405 0.02770 -0.07060
v -0.09724 0.02770 -0.08280
v -0.07739 0.02770 -0.09257
v -0.05480 0.02770 -0.09970
v -0.02959 0.02770 -0.10405
v -0.00000 0.02770 -0.10551
v 0.02959 0.02770 -0.10405
v 0.05480 0.02770 -0.09970
v 0.07739 0.02770 -0.09257
v 0.09724 0.02770 -0.08280
v 0.11405 0.02770 -0.07060
v 0.12751 0.02770 -0.05618
v 0.13733 0.02770 -0.03978
v 0.14331 0.02770 -0.02148
v 0.14919 0.06060 0.00000
v 0.14712 0.06060 0.02190
v 0.14098 0.06060 0.04056
v 0.13090 0.06060 0.05728
v 0.11709 0.06060 0.07198
v 0.09983 0.06060 0.08442
v 0.07944 0.06060 0.09438
v 0.05625 0.06060 0.10165
v 0.03038 0.06060 0.10608
v 0.00000 0.06060 0.10757
v -0.03038 0.06060 0.10608
v -0.05625 0.06060 0.10165
v -0.07944 0.06060 0.09438
v -0.09983 0.06060 0.08442
v -0.11709 0.06060 0.07198
v -0.13090 0.06060 0.05728
v -0.14098 0.06060 0.04056
v -0.14712 0.06060 0.02190
v -0.14919 0.06060 0.00000
v -0.14712 0.06060 -0.02190
v -0.14098 0.06060 -0.04056
v -0.13090 0.06060 -0.05728
v -0.11709 0.06060 -0.07198
v -0.09983 0.06060 -0.08442
v -0.07944 0.06060 -0.09438
v -0.05625 0.06060 -0.10165
v -0.03038 0.06060 -0.10608
v -0.00000 0.06060 -0.10757
v 0.03038 0.06060 -0.10608
v 0.05625 0.06060 -0.10165
v 0.07944 0.06060 -0.09438
v 0.09983 0.06060 -0.08442
v 0.11709 0.06060 -0.07198
v 0.13090 0.06060 -0.05728
v 0.14098 0.06060 -0.04056
v 0.14712 0.06060 -0.02190
v 0.15000 0.09101 0.00007
v 0.14793 0.09101 0.02205
v 0.14175 0.09101 0.04077
v 0.13161 0.09101 0.05755
v 0.11772 0.09101 0.07230
v 0.10037 0.09101 0.08478
v 0.07988 0.09101 0.09478
v 0.05656 0.09101 0.10207
v 0.03054 0.09101 0.10652
v 0.00000 0.09101 0.10801
v -0.03054 0.09101 0.10652
v -0.05656 0.09101 0.10207
v -0.07988 0.09101 0.09478
v -0.10037 0.09101 0.08478
v -0.11772 0.09101 0.07230
v -0.13161 0.09101 0.05755
v -0.14175 0.09101 0.04077
v -0.14793 0.09101 0.02205
v -0.15000 0.09101 0.00007
v -0.14793 0.09101 -0.02191
v -0.14175 0.09101 -0.04063
v -0.13161 0.09101 -0.05741
v -0.11772 0.09101 -0.07216
v -0.10037 0.09101 -0.08465
v -0.07988 0.09101 -0.09464
v -0.05656 0.09101 -0.10194
v -0.03054 0.09101 -0.10638
v -0.00000 0.09101 -0.10787
v 0.03054 0.09101 -0.10638
v 0.05656 0.09101 -0.10194
v 0.07988 0.09101 -0.09464
v 0.10037 0.09101 -0.08465
v 0.11772 0.09101 -0.07216
v 0.13161 0.09101 -0.05741
v 0.14175 0.09101 -0.04063
v 0.14793 0.09101 -0.02191
v 0.15000 0.11845 0.00081
v 0.14793 0.11845 0.02267
v 0.14175 0.11845 0.04129
v 0.13161 0.11845 0.05798
v 0.11772 0.11845 0.07265
v 0.10037 0.11845 0.08507
v 0.07988 0.11845 0.09501
v 0.05656 0.11845 0.10227
v 0.03054 0.11845 0.10668
v 0.00000 0.11845 0.10817
v -0.03054 0.11845 0.10668
v -0.05656 0.11845 0.10227
v -0.07988 0.11845 0.09501
v -0.10037 0.11845 0.08507
v -0.11772 0.11845 0.07265
v -0.13161 0.11845 0.05798
v -0.14175 0.11845 0.04129
v -0.14793 0.11845 0.02267
v -0.15000 0.11845 0.00081
v -0.14793 0.11845 -0.02104
v -0.14175 0.11845 -0.03967
v -0.13161 0.11845 -0.05636
v -0.11772 0.11845 -0.07102
v -0.10037 0.11845 -0.08344
v -0.07988 0.11845 -0.09338
v -0.05656 0.11845 -0.10064
v -0.03054 0.11845 -0.10506
v -0.00000 0.11845 -0.10654
v 0.03054 0.11845 -0.10506
v 0.05656 0.11845 -0.10064
v 0.07988 0.11845 -0.09338
v 0.10037 0.11845 -0.08344
v 0.11772 0.11845 -0.07102
v 0.13161 0.11845 -0.05636
v 0.14175 0.11845 -0.03967
v 0.14793 0.11845 -0.02104
v 0.15000 0.14488 0.00211
v 0.14793 0.14488 0.02381
v 0.14175 0.14488 0.04229
v 0.13161 0.14488 0.05885
v 0.11772 0.14488 0.07341
v 0.10037 0.14488 0.08574
v 0.07988 0.14488 0.09560
v 0.05656 0.14488 0.10280
v 0.03054 0.14488 0.10719
v 0.00000 0.14488 0.10866
v -0.03054 0.14488 0.10719
v -0.05656 0.14488 0.10280
v -0.07988 0.14488 0.09560
v -0.10037 0.14488 0.08574
v -0.11772 0.14488 0.07341
v -0.13161 0.14488 0.05885
v -0.14175 0.14488 0.04229
v -0.14793 0.14488 0.02381
v -0.15000 0.14488 0.00211
v -0.14793 0.14488 -0.01958
v -0.14175 0.14488 -0.03806
v -0.13161 0.14488 -0.05463
v -0.11772 0.14488 -0.06918
v -0.10037 0.14488 -0.08151
v -0.07988 0.14488 -0.09138
v -0.05656 0.14488 -0.09858
v -0.03054 0.14488 -0.10297
v -0.00000 0.14488 -0.10444
v 0.03054 0.14488 -0.10297
v 0.05656 0.14488 -0.09858
v 0.07988 0.14488 -0.09138
v 0.10037 0.14488 -0.08151
v 0.11772 0.14488 -0.06918
v 0.13161 0.14488 -0.05463
v 0.14175 0.14488 -0.03806
v 0.14793 0.14488 -0.01958
v 0.15000 0.17260 0.00363
v 0.14793 0.17260 0.02521
v 0.14175 0.17260 0.04361
v 0.13161 0.17260 0.06009
v 0.11772 0.17260 0.07457
v 0.10037 0.17260 0.08684
v 0.07988 0.17260 0.09666
v 0.05656 0.17260 0.10382
v 0.03054 0.17260 0.10819
v 0.00000 0.17260 0.10965
v -0.03054 0.17260 0.10819
v -0.05656 0.17260 0.10382
v -0.07988 0.17260 0.09666
v -0.10037 0.17260 0.08684
v -0.11772 0.17260 0.07457
v -0.13161 0.17260 0.06009
v -0.14175 0.17260 0.04361
v -0.14793 0.17260 0.02521
v -0.15000 0.17260 0.00363
v -0.14793 0.17260 -0.01796
v -0.14175 0.17260 -0.03635
v -0.13161 0.17260 -0.05283
v -0.11772 0.17260 -0.06732
v -0.10037 0.17260 -0.07959
v -0.07988 0.17260 -0.08940
v -0.05656 0.17260 -0.09657
v -0.03054 0.17260 -0.10094
v -0.00000 0.17260 -0.10240
v 0.03054 0.17260 -0.10094
v 0.05656 0.17260 -0.09657
v 0.07988 0.17260 -0.08940
v 0.10037 0.17260 -0.07959
v 0.11772 0.17260 -0.06732
v 0.13161 0.17260 -0.05283
v 0.14175 0.17260 -0.03635
v 0.14793 0.17260 -0.01796
v 0.15157 0.20378 0.00558
v 0.14948 0.20378 0.02731
v 0.14324 0.20378 0.04581
v 0.13299 0.20378 0.06240
v 0.11896 0.20378 0.07698
v 0.10142 0.20378 0.08932
v 0.08071 0.20378 0.09920
v 0.05715 0.20378 0.10642
v 0.03086 0.20378 0.11081
v 0.00000 0.20378 0.11228
v -0.03086 0.20378 0.11081
v -0.05715 0.20378 0.10642
v -0.08071 0.20378 0.09920
v -0.10142 0.20378 0.08932
v -0.11896 0.20378 0.07698
v -0.13299 0.20378 0.06240
v -0.14324 0.20378 0.04581
v -0.14948 0.20378 0.02731
v -0.15157 0.20378 0.00558
v -0.14948 0.20378 -0.01615
v -0.14324 0.20378 -0.03465
v -0.13299 0.20378 -0.05124
v -0.11896 0.20378 -0.06582
v -0.10142 0.20378 -0.07817
v -0.08071 0.20378 -0.08805
v -0.05715 0.20378 -0.09526
v -0.03086 0.20378 -0.09965
v -0.00000 0.20378 -0.10112
v 0.03086 0.20378 -0.09965
v 0.05715 0.20378 -0.09526
v 0.08071 0.20378 -0.08805
v 0.10142 0.20378 -0.07817
v 0.11896 0.20378 -0.06582
v 0.13299 0.20378 -0.05124
v 0.14324 0.20378 -0.03465
v 0.14948 0.20378 -0.01615
v 0.15720 0.23784 0.00848
v 0.15503 0.23784 0.03071
v 0.14856 0.23784 0.04964
v 0.13793 0.23784 0.06661
v 0.12337 0.23784 0.08152
v 0.10519 0.23784 0.09415
v 0.08371 0.23784 0.10425
v 0.05927 0.23784 0.11163
v 0.03201 0.23784 0.11612
v 0.00000 0.23784 0.11763
v -0.03201 0.23784 0.11612
v -0.05927 0.23784 0.11163
v -0.08371 0.23784 0.10425
v -0.10519 0.23784 0.09415
v -0.12337 0.23784 0.08152
v -0.13793 0.23784 0.06661
v -0.14856 0.23784 0.04964
v -0.15503 0.23784 0.03071
v -0.15720 0.23784 0.00848
v -0.15503 0.23784 -0.01374
v -0.14856 0.23784 -0.03267
v -0.13793 0.23784 -0.04964
v -0.12337 0.23784 -0.06455
v -0.10519 0.23784 -0.07718
v -0.08371 0.23784 -0.08729
v -0.05927 0.23784 -0.09467
v -0.03201 0.23784 -0.09916
v -0.00000 0.23784 -0.10067
v 0.03201 0.23784 -0.09916
v 0.05927 0.23784 -0.09467
v 0.08371 0.23784 -0.08729
v 0.10519 0.23784 -0.07718
v 0.12337 0.23784 -0.06455
v 0.13793 0.23784 -0.04964
v 0.14856 0.23784 -0.03267
v 0.15503 0.23784 -0.01374
v 0.16443 0.27207 0.01106
v 0.16216 0.27207 0.03388
v 0.15539 0.27207 0.05333
v 0.14428 0.27207 0.07075
v 0.12905 0.27207 0.08606
v 0.11003 0.27207 0.09903
v 0.08756 0.27207 0.10941
v 0.06200 0.27207 0.11699
v 0.03348 0.27207 0.12160
v 0.00000 0.27207 0.12315
v -0.03348 0.27207 0.12160
v -0.06200 0.27207 0.11699
v -0.08756 0.27207 0.10941
v -0.11003 0.27207 0.09903
v -0.12905 0.27207 0.08606
v -0.14428 0.27207 0.07075
v -0.15539 0.27207 0.05333
v -0.16216 0.27207 0.03388
v -0.16443 0.27207 0.01106
v -0.16216 0.27207 -0.01176
v -0.15539 0.27207 -0.03120
v -0.14428 0.27207 -0.04863
v -0.12905 0.27207 -0.06394
v -0.11003 0.27207 -0.07691
v -0.08756 0.27207 -0.08728
v -0.06200 0.27207 -0.09486
v -0.03348 0.27207 -0.09947
v -0.00000 0.27207 -0.10102
v 0.03348 0.27207 -0.09947
v 0.06200 0.27207 -0.09486
v 0.08756 0.27207 -0.08728
v 0.11003 0.27207 -0.07691
v 0.12905 0.27207 -0.06394
v 0.14428 0.27207 -0.04863
v 0.15539 0.27207 -0.03120
v 0.16216 0.27207 -0.01176
v 0.17066 0.30376 0.01200
v 0.16830 0.30376 0.03525
v 0.16128 0.30376 0.05505
v 0.14974 0.30376 0.07280
v 0.13394 0.30376 0.08840
v 0.11419 0.30376 0.10161
v 0.09088 0.30376 0.11219
v 0.06435 0.30376 0.11990
v 0.03475 0.30376 0.12460
v 0.00000 0.30376 0.12618
v -0.03475 0.30376 0.12460
v -0.06435 0.30376 0.11990
v -0.09088 0.30376 0.11219
v -0.11419 0.30376 0.10161
v -0.13394 0.30376 0.08840
v -0.14974 0.30376 0.07280
v -0.16128 0.30376 0.05505
v -0.16830 0.30376 0.03525
v -0.17066 0.30376 0.01200
v -0.16830 0.30376 -0.01125
v -0.16128 0.30376 -0.03106
v -0.14974 0.30376 -0.04881
v -0.13394 0.30376 -0.06441
v -0.11419 0.30376 -0.07762
v -0.09088 0.30376 -0.08819
v -0.06435 0.30376 -0.09591
v -0.03475 0.30376 -0.10061
v -0.00000 0.30376 -0.10219
v 0.03475 0.30376 -0.10061
v 0.06435 0.30376 -0.09591
v 0.09088 0.30376 -0.08819
v 0.11419 0.30376 -0.07762
v 0.13394 0.30376 -0.06441
v 0.14974 0.30376 -0.04881
v 0.16128 0.30376 -0.03106
v 0.16830 0.30376 -0.01125
v 0.17619 0.33355 0.01176
v 0.17375 0.33355 0.03532
v 0.16650 0.33355 0.05539
v 0.15459 0.33355 0.07338
v 0.13828 0.33355 0.08918
v 0.11789 0.33355 0.10257
v 0.09382 0.33355 0.11328
v 0.06643 0.33355 0.12111
v 0.03587 0.33355 0.12587
v 0.00000 0.33355 0.12747
v -0.03587 0.33355 0.12587
v -0.06643 0.33355 0.12111
v -0.09382 0.33355 0.11328
v -0.11789 0.33355 0.10257
v -0.13828 0.33355 0.08918
v -0.15459 0.33355 0.07338
v -0.16650 0.33355 0.05539
v -0.17375 0.33355 0.03532
v -0.17619 0.33355 0.01176
v -0.17375 0.33355 -0.01179
v -0.16650 0.33355 -0.03186
v -0.15459 0.33355 -0.04985
v -0.13828 0.33355 -0.06566
v -0.11789 0.33355 -0.07904
v -0.09382 0.33355 -0.08976
v -0.06643 0.33355 -0.09758
v -0.03587 0.33355 -0.10234
v -0.00000 0.33355 -0.10394
v 0.03587 0.33355 -0.10234
v 0.06643 0.33355 -0.09758
v 0.09382 0.33355 -0.08976
v 0.11789 0.33355 -0.07904
v 0.13828 0.33355 -0.06566
v 0.15459 0.33355 -0.04985
v 0.16650 0.33355 -0.03186
v 0.17375 0.33355 -0.01179
v 0.18163 0.36204 0.01122
v 0.17912 0.36204 0.03505
v 0.17165 0.36204 0.05535
v 0.15937 0.36204 0.07355
v 0.14255 0.36204 0.08954
v 0.12154 0.36204 0.10308
v 0.09672 0.36204 0.11392
v 0.06849 0.36204 0.12183
v 0.03698 0.36204 0.12665
v 0.00000 0.36204 0.12827
v -0.03698 0.36204 0.12665
v -0.06849 0.36204 0.12183
v -0.09672 0.36204 0.11392
v -0.12154 0.36204 0.10308
v -0.14255 0.36204 0.08954
v -0.15937 0.36204 0.07355
v -0.17165 0.36204 0.05535
v -0.17912 0.36204 0.03505
v -0.18163 0.36204 0.01122
v -0.17912 0.36204 -0.01261
v -0.17165 0.36204 -0.03292
v -0.15937 0.36204 -0.05111
v -0.14255 0.36204 -0.06710
v -0.12154 0.36204 -0.08064
v -0.09672 0.36204 -0.09148
v -0.06849 0.36204 -0.09939
v -0.03698 0.36204 -0.10421
v -0.00000 0.36204 -0.10583
v 0.03698 0.36204 -0.10421
v 0.06849 0.36204 -0.09939
v 0.09672 0.36204 -0.09148
v 0.12154 0.36204 -0.08064
v 0.14255 0.36204 -0.06710
v 0.15937 0.36204 -0.05111
v 0.17165 0.36204 -0.03292
v 0.17912 0.36204 -0.01261
v 0.18624 0.38816 0.01045
v 0.18367 0.38816 0.03445
v 0.17600 0.38816 0.05489
v 0.16341 0.38816 0.07322
v 0.14617 0.38816 0.08932
v 0.12462 0.38816 0.10296
v 0.09918 0.38816 0.11388
v 0.07022 0.38816 0.12184
v 0.03792 0.38816 0.12670
v 0.00000 0.38816 0.12833
v -0.03792 0.38816 0.12670
v -0.07022 0.38816 0.12184
v -0.09918 0.38816 0.11388
v -0.12462 0.38816 0.10296
v -0.14617 0.38816 0.08932
v -0.16341 0.38816 0.07322
v -0.17600 0.38816 0.05489
v -0.18367 0.38816 0.03445
v -0.18624 0.38816 0.01045
v -0.18367 0.38816 -0.01356
v -0.17600 0.38816 -0.03400
v -0.16341 0.38816 -0.05233
v -0.14617 0.38816 -0.06843
v -0.12462 0.38816 -0.08207
v -0.09918 0.38816 -0.09299
v -0.07022 0.38816 -0.10095
v -0.03792 0.38816 -0.10581
v -0.00000 0.38816 -0.10743
v 0.03792 0.38816 -0.10581
v 0.07022 0.38816 -0.10095
v 0.09918 0.38816 -0.09299
v 0.12462 0.38816 -0.08207
v 0.14617 0.38816 -0.06843
v 0.16341 0.38816 -0.05233
v 0.17600 0.38816 -0.03400
v 0.18367 0.38816 -0.01356
v 0.18955 0.41111 0.00929
v 0.18693 0.41111 0.03326
v 0.17913 0.41111 0.05368
v 0.16632 0.41111 0.07199
v 0.14876 0.41111 0.08807
v 0.12684 0.41111 0.10169
v 0.10094 0.41111 0.11260
v 0.07147 0.41111 0.12056
v 0.03859 0.41111 0.12540
v 0.00000 0.41111 0.12703
v -0.03859 0.41111 0.12540
v -0.07147 0.41111 0.12056
v -0.10094 0.41111 0.11260
v -0.12684 0.41111 0.10169
v -0.14876 0.41111 0.08807
v -0.16632 0.41111 0.07199
v -0.17913 0.41111 0.05368
v -0.18693 0.41111 0.03326
v -0.18955 0.41111 0.00929
v -0.18693 0.41111 -0.01469
v -0.17913 0.41111 -0.03511
v -0.16632 0.41111 -0.05341
v -0.14876 0.41111 -0.06950
v -0.12684 0.41111 -0.08312
v -0.10094 0.41111 -0.09402
v -0.07147 0.41111 -0.10198
v -0.03859 0.41111 -0.10683
v -0.00000 0.41111 -0.10846
v 0.03859 0.41111 -0.10683
v 0.07147 0.41111 -0.10198
v 0.10094 0.41111 -0.09402
v 0.12684 0.41111 -0.08312
v 0.14876 0.41111 -0.06950
v 0.16632 0.41111 -0.05341
v 0.17913 0.41111 -0.03511
v 0.18693 0.41111 -0.01469
v 0.19255 0.43189 0.00670
v 0.18989 0.43189 0.03031
v 0.18196 0.43189 0.05043
v 0.16895 0.43189 0.06846
v 0.15112 0.43189 0.08431
v 0.12884 0.43189 0.09773
v 0.10254 0.43189 0.10847
v 0.07260 0.43189 0.11631
v 0.03920 0.43189 0.12108
v 0.00000 0.43189 0.12269
v -0.03920 0.43189 0.12108
v -0.07260 0.43189 0.11631
v -0.10254 0.43189 0.10847
v -0.12884 0.43189 0.09773
v -0.15112 0.43189 0.08431
v -0.16895 0.43189 0.06846
v -0.18196 0.43189 0.05043
v -0.18989 0.43189 0.03031
v -0.19255 0.43189 0.00670
v -0.18989 0.43189 -0.01692
v -0.18196 0.43189 -0.03704
v -0.16895 0.43189 -0.05507
v -0.15112 0.43189 -0.07091
v -0.12884 0.43189 -0.08433
v -0.10254 0.43189 -0.09507
v -0.07260 0.43189 -0.10291
v -0.03920 0.43189 -0.10769
v -0.00000 0.43189 -0.10929
v 0.03920 0.43189 -0.10769
v 0.07260 0.43189 -0.10291
v 0.10254 0.43189 -0.09507
v 0.12884 0.43189 -0.08433
v 0.15112 0.43189 -0.07091
v 0.16895 0.43189 -0.05507
v 0.18196 0.43189 -0.03704
v 0.18989 0.43189 -0.01692
v 0.19490 0.45082 0.00338
v 0.19221 0.45082 0.02644
v 0.18419 0.45082 0.04608
v 0.17101 0.45082 0.06369
v 0.15297 0.45082 0.07916
v 0.13042 0.45082 0.09226
v 0.10379 0.45082 0.10275
v 0.07349 0.45082 0.11041
v 0.03968 0.45082 0.11507
v 0.00000 0.45082 0.11663
v -0.03968 0.45082 0.11507
v -0.07349 0.45082 0.11041
v -0.10379 0.45082 0.10275
v -0.13042 0.45082 0.09226
v -0.15297 0.45082 0.07916
v -0.17101 0.45082 0.06369
v -0.18419 0.45082 0.04608
v -0.19221 0.45082 0.02644
v -0.19490 0.45082 0.00338
v -0.19221 0.45082 -0.01968
v -0.18419 0.45082 -0.03932
v -0.17101 0.45082 -0.05693
v -0.15297 0.45082 -0.07240
v -0.13042 0.45082 -0.08550
v -0.10379 0.45082 -0.09599
v -0.07349 0.45082 -0.10364
v -0.03968 0.45082 -0.10830
v -0.00000 0.45082 -0.10987
v 0.03968 0.45082 -0.10830
v 0.07349 0.45082 -0.10364
v 0.10379 0.45082 -0.09599
v 0.13042 0.45082 -0.08550
v 0.15297 0.45082 -0.07240
v 0.17101 0.45082 -0.05693
v 0.18419 0.45082 -0.03932
v 0.19221 0.45082 -0.01968
v 0.19598 0.46798 0.00032
v 0.19328 0.46798 0.02278
v 0.18521 0.46798 0.04192
v 0.17196 0.46798 0.05907
v 0.15382 0.46798 0.07415
v 0.13114 0.46798 0.08691
v 0.10437 0.46798 0.09713
v 0.07390 0.46798 0.10459
v 0.03990 0.46798 0.10913
v 0.00000 0.46798 0.11065
v -0.03990 0.46798 0.10913
v -0.07390 0.46798 0.10459
v -0.10437 0.46798 0.09713
v -0.13114 0.46798 0.08691
v -0.15382 0.46798 0.07415
v -0.17196 0.46798 0.05907
v -0.18521 0.46798 0.04192
v -0.19328 0.46798 0.02278
v -0.19598 0.46798 0.00032
v -0.19328 0.46798 -0.02215
v -0.18521 0.46798 -0.04129
v -0.17196 0.46798 -0.05844
v -0.15382 0.46798 -0.07351
v -0.13114 0.46798 -0.08628
v -0.10437 0.46798 -0.09650
v -0.07390 0.46798 -0.10395
v -0.03990 0.46798 -0.10849
v -0.00000 0.46798 -0.11002
v 0.03990 0.46798 -0.10849
v 0.07390 0.46798 -0.10395
v 0.10437 0.46798 -0.09650
v 0.13114 0.46798 -0.08628
v 0.15382 0.46798 -0.07351
v 0.17196 0.46798 -0.05844
v 0.18521 0.46798 -0.04129
v 0.19328 0.46798 -0.02215
v 0.19401 0.48334 -0.00227
v 0.19133 0.48334 0.01962
v 0.18334 0.48334 0.03827
v 0.17023 0.48334 0.05499
v 0.15226 0.48334 0.06967
v 0.12982 0.48334 0.08211
v 0.10331 0.48334 0.09207
v 0.07315 0.48334 0.09934
v 0.03950 0.48334 0.10376
v 0.00000 0.48334 0.10525
v -0.03950 0.48334 0.10376
v -0.07315 0.48334 0.09934
v -0.10331 0.48334 0.09207
v -0.12982 0.48334 0.08211
v -0.15226 0.48334 0.06967
v -0.17023 0.48334 0.05499
v -0.18334 0.48334 0.03827
v -0.19133 0.48334 0.01962
v -0.19401 0.48334 -0.00227
v -0.19133 0.48334 -0.02416
v -0.18334 0.48334 -0.04281
v -0.17023 0.48334 -0.05952
v -0.15226 0.48334 -0.07421
v -0.12982 0.48334 -0.08665
v -0.10331 0.48334 -0.09660
v -0.07315 0.48334 -0.10387
v -0.03950 0.48334 -0.10829
v -0.00000 0.48334 -0.10978
v 0.03950 0.48334 -0.10829
v 0.07315 0.48334 -0.10387
v 0.10331 0.48334 -0.09660
v 0.12982 0.48334 -0.08665
v 0.15226 0.48334 -0.07421
v 0.17023 0.48334 -0.05952
v 0.18334 0.48334 -0.04281
v 0.19133 0.48334 -0.02416
v 0.18785 0.49721 -0.00487
v 0.18525 0.49721 0.01637
v 0.17752 0.49721 0.03446
v 0.16482 0.49721 0.05068
v 0.14743 0.49721 0.06493
v 0.12570 0.49721 0.07700
v 0.10003 0.49721 0.08665
v 0.07083 0.49721 0.09370
v 0.03825 0.49721 0.09800
v 0.00000 0.49721 0.09944
v -0.03825 0.49721 0.09800
v -0.07083 0.49721 0.09370
v -0.10003 0.49721 0.08665
v -0.12570 0.49721 0.07700
v -0.14743 0.49721 0.06493
v -0.16482 0.49721 0.05068
v -0.17752 0.49721 0.03446
v -0.18525 0.49721 0.01637
v -0.18785 0.49721 -0.00487
v -0.18525 0.49721 -0.02610
v -0.17752 0.49721 -0.04419
v -0.16482 0.49721 -0.06041
v -0.14743 0.49721 -0.07466
v -0.12570 0.49721 -0.08673
v -0.10003 0.49721 -0.09638
v -0.07083 0.49721 -0.10343
v -0.03825 0.49721 -0.10773
v -0.00000 0.49721 -0.10917
v 0.03825 0.49721 -0.10773
v 0.07083 0.49721 -0.10343
v 0.10003 0.49721 -0.09638
v 0.12570 0.49721 -0.08673
v 0.14743 0.49721 -0.07466
v 0.16482 0.49721 -0.06041
v 0.17752 0.49721 -0.04419
v 0.18525 0.49721 -0.02610
v 0.17916 0.51028 -0.00700
v 0.17668 0.51028 0.01352
v 0.16931 0.51028 0.03100
v 0.15720 0.51028 0.04667
v 0.14061 0.51028 0.06044
v 0.11988 0.51028 0.07210
v 0.09541 0.51028 0.08143
v 0.06755 0.51028 0.08825
v 0.03648 0.51028 0.09239
v 0.00000 0.51028 0.09379
v -0.03648 0.51028 0.09239
v -0.06755 0.51028 0.08825
v -0.09541 0.51028 0.08143
v -0.11988 0.51028 0.07210
v -0.14061 0.51028 0.06044
v -0.15720 0.51028 0.04667
v -0.16931 0.51028 0.03100
v -0.17668 0.51028 0.01352
v -0.17916 0.51028 -0.00700
v -0.17668 0.51028 -0.02752
v -0.16931 0.51028 -0.04500
v -0.15720 0.51028 -0.06067
v -0.14061 0.51028 -0.07444
v -0.11988 0.51028 -0.08610
v -0.09541 0.51028 -0.09543
v -0.06755 0.51028 -0.10225
v -0.03648 0.51028 -0.10639
v -0.00000 0.51028 -0.10779
v 0.03648 0.51028 -0.10639
v 0.06755 0.51028 -0.10225
v 0.09541 0.51028 -0.09543
v 0.11988 0.51028 -0.08610
v 0.14061 0.51028 -0.07444
v 0.15720 0.51028 -0.06067
v 0.16931 0.51028 -0.04500
v 0.17668 0.51028 -0.02752
v 0.16933 0.52327 -0.00822
v 0.16699 0.52327 0.01154
v 0.16002 0.52327 0.02837
v 0.14858 0.52327 0.04346
v 0.13290 0.52327 0.05672
v 0.11331 0.52327 0.06795
v 0.09017 0.52327 0.07693
v 0.06385 0.52327 0.08349
v 0.03448 0.52327 0.08749
v 0.00000 0.52327 0.08883
v -0.03448 0.52327 0.08749
v -0.06385 0.52327 0.08349
v -0.09017 0.52327 0.07693
v -0.11331 0.52327 0.06795
v -0.13290 0.52327 0.05672
v -0.14858 0.52327 0.04346
v -0.16002 0.52327 0.02837
v -0.16699 0.52327 0.01154
v -0.16933 0.52327 -0.00822
v -0.16699 0.52327 -0.02798
v -0.16002 0.52327 -0.04481
v -0.14858 0.52327 -0.05990
v -0.13290 0.52327 -0.07316
v -0.11331 0.52327 -0.08438
v -0.09017 0.52327 -0.09337
v -0.06385 0.52327 -0.09993
v -0.03448 0.52327 -0.10392
v -0.00000 0.52327 -0.10527
v 0.03448 0.52327 -0.10392
v 0.06385 0.52327 -0.09993
v 0.09017 0.52327 -0.09337
v 0.11331 0.52327 -0.08438
v 0.13290 0.52327 -0.07316
v 0.14858 0.52327 -0.05990
v 0.16002 0.52327 -0.04481
v 0.16699 0.52327 -0.02798
v 0.15416 0.53631 -0.00902
v 0.15203 0.53631 0.00993
v 0.14568 0.53631 0.02607
v 0.13526 0.53631 0.04054
v 0.12099 0.53631 0.05325
v 0.10315 0.53631 0.06402
v 0.08209 0.53631 0.07264
v 0.05813 0.53631 0.07893
v 0.03139 0.53631 0.08276
v 0.00000 0.53631 0.08405
v -0.03139 0.53631 0.08276
v -0.05813 0.53631 0.07893
v -0.08209 0.53631 0.07264
v -0.10315 0.53631 0.06402
v -0.12099 0.53631 0.05325
v -0.13526 0.53631 0.04054
v -0.14568 0.53631 0.02607
v -0.15203 0.53631 0.00993
v -0.15416 0.53631 -0.00902
v -0.15203 0.53631 -0.02797
v -0.14568 0.53631 -0.04412
v -0.13526 0.53631 -0.05858
v -0.12099 0.53631 -0.07130
v -0.10315 0.53631 -0.08207
v -0.08209 0.53631 -0.09069
v -0.05813 0.53631 -0.09698
v -0.03139 0.53631 -0.10081
v -0.00000 0.53631 -0.10209
v 0.03139 0.53631 -0.10081
v 0.05813 0.53631 -0.09698
v 0.08209 0.53631 -0.09069
v 0.10315 0.53631 -0.08207
v 0.12099 0.53631 -0.07130
v 0.13526 0.53631 -0.05858
v 0.14568 0.53631 -0.04412
v 0.15203 0.53631 -0.02797
v 0.13499 0.54896 -0.00964
v 0.13313 0.54896 0.00843
v 0.12757 0.54896 0.02382
v 0.11845 0.54896 0.03762
v 0.10595 0.54896 0.04974
v 0.09033 0.54896 0.06001
v 0.07189 0.54896 0.06822
v 0.05090 0.54896 0.07422
v 0.02749 0.54896 0.07787
v 0.00000 0.54896 0.07910
v -0.02749 0.54896 0.07787
v -0.05090 0.54896 0.07422
v -0.07189 0.54896 0.06822
v -0.09033 0.54896 0.06001
v -0.10595 0.54896 0.04974
v -0.11845 0.54896 0.03762
v -0.12757 0.54896 0.02382
v -0.13313 0.54896 0.00843
v -0.13499 0.54896 -0.00964
v -0.13313 0.54896 -0.02771
v -0.12757 0.54896 -0.04310
v -0.11845 0.54896 -0.05690
v -0.10595 0.54896 -0.06902
v -0.09033 0.54896 -0.07929
v -0.07189 0.54896 -0.08750
v -0.05090 0.54896 -0.09350
v -0.02749 0.54896 -0.09716
v -0.00000 0.54896 -0.09838
v 0.02749 0.54896 -0.09716
v 0.05090 0.54896 -0.09350
v 0.07189 0.54896 -0.08750
v 0.09033 0.54896 -0.07929
v 0.10595 0.54896 -0.06902
v 0.11845 0.54896 -0.05690
v 0.12757 0.54896 -0.04310
v 0.13313 0.54896 -0.02771
v 0.11612 0.56084 -0.00997
v 0.11452 0.56084 0.00712
v 0.10974 0.56084 0.02168
v 0.10189 0.56084 0.03473
v 0.09114 0.56084 0.04620
v 0.07770 0.56084 0.05591
v 0.06184 0.56084 0.06368
v 0.04379 0.56084 0.06936
v 0.02364 0.56084 0.07281
v 0.00000 0.56084 0.07397
v -0.02364 0.56084 0.07281
v -0.04379 0.56084 0.06936
v -0.06184 0.56084 0.06368
v -0.07770 0.56084 0.05591
v -0.09114 0.56084 0.04620
v -0.10189 0.56084 0.03473
v -0.10974 0.56084 0.02168
v -0.11452 0.56084 0.00712
v -0.11612 0.56084 -0.00997
v -0.11452 0.56084 -0.02706
v -0.10974 0.56084 -0.04162
v -0.10189 0.56084 -0.05467
v -0.09114 0.56084 -0.06614
v -0.07770 0.56084 -0.07585
v -0.06184 0.56084 -0.08362
v -0.04379 0.56084 -0.08930
v -0.02364 0.56084 -0.09275
v -0.00000 0.56084 -0.09391
v 0.02364 0.56084 -0.09275
v 0.04379 0.56084 -0.08930
v 0.06184 0.56084 -0.08362
v 0.07770 0.56084 -0.07585
v 0.09114 0.56084 -0.06614
v 0.10189 0.56084 -0.05467
v 0.10974 0.56084 -0.04162
v 0.11452 0.56084 -0.02706
v 0.10075 0.57155 -0.00989
v 0.09935 0.57155 0.00608
v 0.09521 0.57155 0.01968
v 0.08840 0.57155 0.03187
v 0.07907 0.57155 0.04259
v 0.06741 0.57155 0.05166
v 0.05365 0.57155 0.05892
v 0.03799 0.57155 0.06423
v 0.02051 0.57155 0.06745
v 0.00000 0.57155 0.06854
v -0.02051 0.57155 0.06745
v -0.03799 0.57155 0.06423
v -0.05365 0.57155 0.05892
v -0.06741 0.57155 0.05166
v -0.07907 0.57155 0.04259
v -0.08840 0.57155 0.03187
v -0.09521 0.57155 0.01968
v -0.09935 0.57155 0.00608
v -0.10075 0.57155 -0.00989
v -0.09935 0.57155 -0.02586
v -0.09521 0.57155 -0.03946
v -0.08840 0.57155 -0.05166
v -0.07907 0.57155 -0.06237
v -0.06741 0.57155 -0.07144
v -0.05365 0.57155 -0.07871
v -0.03799 0.57155 -0.08401
v -0.02051 0.57155 -0.08724
v -0.00000 0.57155 -0.08832
v 0.02051 0.57155 -0.08724
v 0.03799 0.57155 -0.08401
v 0.05365 0.57155 -0.07871
v 0.06741 0.57155 -0.07144
v 0.07907 0.57155 -0.06237
v 0.08840 0.57155 -0.05166
v 0.09521 0.57155 -0.03946
v 0.09935 0.57155 -0.02586
v 0.08686 0.58129 -0.00938
v 0.08565 0.58129 0.00526
v 0.08208 0.58129 0.01773
v 0.07621 0.58129 0.02891
v 0.06817 0.58129 0.03873
v 0.05812 0.58129 0.04705
v 0.04625 0.58129 0.05371
v 0.03275 0.58129 0.05857
v 0.01768 0.58129 0.06153
v 0.00000 0.58129 0.06252
v -0.01768 0.58129 0.06153
v -0.03275 0.58129 0.05857
v -0.04625 0.58129 0.05371
v -0.05812 0.58129 0.04705
v -0.06817 0.58129 0.03873
v -0.07621 0.58129 0.02891
v -0.08208 0.58129 0.01773
v -0.08565 0.58129 0.00526
v -0.08686 0.58129 -0.00938
v -0.08565 0.58129 -0.02401
v -0.08208 0.58129 -0.03649
v -0.07621 0.58129 -0.04766
v -0.06817 0.58129 -0.05748
v -0.05812 0.58129 -0.06580
v -0.04625 0.58129 -0.07246
v -0.03275 0.58129 -0.07732
v -0.01768 0.58129 -0.08028
v -0.00000 0.58129 -0.08127
v 0.01768 0.58129 -0.08028
v 0.03275 0.58129 -0.07732
v 0.04625 0.58129 -0.07246
v 0.05812 0.58129 -0.06580
v 0.06817 0.58129 -0.05748
v 0.07621 0.58129 -0.04766
v 0.08208 0.58129 -0.03649
v 0.08565 0.58129 -0.02401
v 0.07350 0.59059 -0.00866
v 0.07248 0.59059 0.00455
v 0.06946 0.59059 0.01580
v 0.06449 0.59059 0.02589
v 0.05768 0.59059 0.03476
v 0.04918 0.59059 0.04226
v 0.03914 0.59059 0.04827
v 0.02771 0.59059 0.05266
v 0.01496 0.59059 0.05533
v 0.00000 0.59059 0.05622
v -0.01496 0.59059 0.05533
v -0.02771 0.59059 0.05266
v -0.03914 0.59059 0.04827
v -0.04918 0.59059 0.04226
v -0.05768 0.59059 0.03476
v -0.06449 0.59059 0.02589
v -0.06946 0.59059 0.01580
v -0.07248 0.59059 0.00455
v -0.07350 0.59059 -0.00866
v -0.07248 0.59059 -0.02187
v -0.06946 0.59059 -0.03313
v -0.06449 0.59059 -0.04321
v -0.05768 0.59059 -0.05208
v -0.04918 0.59059 -0.05959
v -0.03914 0.59059 -0.06559
v -0.02771 0.59059 -0.06998
v -0.01496 0.59059 -0.07265
v -0.00000 0.59059 -0.07355
v 0.01496 0.59059 -0.07265
v 0.02771 0.59059 -0.06998
v 0.03914 0.59059 -0.06559
v 0.04918 0.59059 -0.05959
v 0.05768 0.59059 -0.05208
v 0.06449 0.59059 -0.04321
v 0.06946 0.59059 -0.03313
v 0.07248 0.59059 -0.02187
v 0.06000 0.60000 -0.00800
v 0.05917 0.60000 0.00381
v 0.05670 0.60000 0.01387
v 0.05265 0.60000 0.02289
v 0.04709 0.60000 0.03081
v 0.04015 0.60000 0.03752
v 0.03195 0.60000 0.04289
v 0.02262 0.60000 0.04681
v 0.01222 0.60000 0.04920
v 0.00000 0.60000 0.05000
v -0.01222 0.60000 0.04920
v -0.02262 0.60000 0.04681
v -0.03195 0.60000 0.04289
v -0.04015 0.60000 0.03752
v -0.04709 0.60000 0.03081
v -0.05265 0.60000 0.02289
v -0.05670 0.60000 0.01387
v -0.05917 0.60000 0.00381
v -0.06000 0.60000 -0.00800
v -0.05917 0.60000 -0.01981
v -0.05670 0.60000 -0.02987
v -0.05265 0.60000 -0.03889
v -0.04709 0.60000 -0.04681
v -0.04015 0.60000 -0.05352
v -0.03195 0.60000 -0.05889
v -0.02262 0.60000 -0.06281
v -0.01222 0.60000 -0.06520
v -0.00000 0.60000 -0.06600
v 0.01222 0.60000 -0.06520
v 0.02262 0.60000 -0.06281
v 0.03195 0.60000 -0.05889
v 0.04015 0.60000 -0.05352
v 0.04709 0.60000 -0.04681
v 0.05265 0.60000 -0.03889
v 0.05670 0.60000 -0.02987
v 0.05917 0.60000 -0.01981
v 0.00000 -0.04000 0.00000
v 0.00000 0.60000 -0.00800
vn 0.3370 -0.9415 0.0106
vn 0.3238 -0.9430 0.0769
vn 0.3090 -0.9387 0.1527
vn 0.2806 -0.9332 0.2245
vn 0.2425 -0.9259 0.2895
vn 0.1969 -0.9176 0.3452
vn 0.1462 -0.9093 0.3897
vn 0.0928 -0.9019 0.4219
vn 0.0387 -0.8948 0.4447
vn -0.0075 -0.8973 0.4414
vn -0.0550 -0.9033 0.4256
vn -0.1099 -0.9062 0.4082
vn -0.1631 -0.9130 0.3741
vn -0.2128 -0.9208 0.3270
vn -0.2568 -0.9283 0.2688
vn -0.2931 -0.9345 0.2018
vn -0.3202 -0.9385 0.1291
vn -0.3395 -0.9390 0.0542
vn -0.3370 -0.9415 -0.0106
vn -0.3238 -0.9430 -0.0769
vn -0.3090 -0.9387 -0.1527
vn -0.2806 -0.9332 -0.2245
vn -0.2425 -0.9259 -0.2895
vn -0.1969 -0.9176 -0.3452
vn -0.1462 -0.9093 -0.3897
vn -0.0928 -0.9019 -0.4219
vn -0.0387 -0.8948 -0.4447
vn 0.0075 -0.8973 -0.4414
vn 0.0550 -0.9033 -0.4256
vn 0.1099 -0.9062 -0.4082
vn 0.1631 -0.9130 -0.3741
vn 0.2128 -0.9208 -0.3270
vn 0.2568 -0.9283 -0.2688
vn 0.2931 -0.9345 -0.2018
vn 0.3202 -0.9385 -0.1291
vn 0.3395 -0.9390 -0.0542
vn 0.9886 -0.1506 0.0013
vn 0.9696 -0.1488 0.1943
vn 0.9017 -0.1423 0.4082
vn 0.7930 -0.1318 0.5948
vn 0.6585 -0.1192 0.7431
vn 0.5140 -0.1068 0.8511
vn 0.3706 -0.0961 0.9238
vn 0.2340 -0.0880 0.9682
vn 0.1053 -0.0829 0.9910
vn -0.0005 -0.0812 0.9967
vn -0.1066 -0.0829 0.9908
vn -0.2354 -0.0881 0.9679
vn -0.3722 -0.0962 0.9232
vn -0.5157 -0.1070 0.8500
vn -0.6602 -0.1194 0.7415
vn -0.7946 -0.1320 0.5926
vn -0.9029 -0.1425 0.4055
vn -0.9701 -0.1491 0.1914
vn -0.9886 -0.1506 -0.0013
vn -0.9696 -0.1488 -0.1943
vn -0.9017 -0.1423 -0.4082
vn -0.7930 -0.1318 -0.5948
vn -0.6585 -0.1192 -0.7431
vn -0.5140 -0.1068 -0.8511
vn -0.3706 -0.0961 -0.9238
vn -0.2340 -0.0880 -0.9682
vn -0.1053 -0.0829 -0.9910
vn 0.0005 -0.0812 -0.9967
vn 0.1066 -0.0829 -0.9908
vn 0.2354 -0.0881 -0.9679
vn 0.3722 -0.0962 -0.9232
vn 0.5157 -0.1070 -0.8500
vn 0.6602 -0.1194 -0.7415
vn 0.7946 -0.1320 -0.5926
vn 0.9029 -0.1425 -0.4055
vn 0.9701 -0.1491 -0.1914
vn 0.9907 -0.1362 0.0005
vn 0.9713 -0.1352 0.1955
vn 0.9023 -0.1289 0.4113
vn 0.7921 -0.1193 0.5986
vn 0.6565 -0.1078 0.7466
vn 0.5116 -0.0965 0.8538
vn 0.3685 -0.0868 0.9256
vn 0.2326 -0.0794 0.9693
vn 0.1049 -0.0747 0.9917
vn -0.0001 -0.0733 0.9973
vn -0.1052 -0.0750 0.9916
vn -0.2330 -0.0794 0.9692
vn -0.3689 -0.0866 0.9254
vn -0.5121 -0.0962 0.8535
vn -0.6571 -0.1074 0.7462
vn -0.7927 -0.1188 0.5979
vn -0.9028 -0.1284 0.4104
vn -0.9717 -0.1342 0.1945
vn -0.9907 -0.1362 -0.0005
vn -0.9713 -0.1352 -0.1955
vn -0.9023 -0.1289 -0.4113
vn -0.7921 -0.1193 -0.5986
vn -0.6565 -0.1078 -0.7466
vn -0.5116 -0.0965 -0.8538
vn -0.3685 -0.0868 -0.9256
vn -0.2326 -0.0794 -0.9693
vn -0.1049 -0.0747 -0.9917
vn 0.0001 -0.0733 -0.9973
vn 0.1052 -0.0750 -0.9916
vn 0.2330 -0.0794 -0.9692
vn 0.3689 -0.0866 -0.9254
vn 0.5121 -0.0962 -0.8535
vn 0.6571 -0.1074 -0.7462
vn 0.7927 -0.1188 -0.5979
vn 0.9028 -0.1284 -0.4104
vn 0.9717 -0.1342 -0.1945
vn 0.9973 -0.0734 -0.0007
vn 0.9777 -0.0739 0.1966
vn 0.9072 -0.0702 0.4147
vn 0.7950 -0.0649 0.6031
vn 0.6576 -0.0586 0.7511
vn 0.5117 -0.0523 0.8576
vn 0.3682 -0.0470 0.9286
vn 0.2325 -0.0428 0.9717
vn 0.1051 -0.0399 0.9937
vn 0.0005 -0.0394 0.9992
vn -0.1040 -0.0406 0.9937
vn -0.2313 -0.0427 0.9719
vn -0.3670 -0.0464 0.9291
vn -0.5105 -0.0516 0.8583
vn -0.6564 -0.0576 0.7522
vn -0.7940 -0.0638 0.6045
vn -0.9066 -0.0689 0.4164
vn -0.9775 -0.0716 0.1984
vn -0.9973 -0.0734 0.0007
vn -0.9777 -0.0734 -0.1966
vn -0.9073 -0.0692 -0.4147
vn -0.7951 -0.0635 -0.6032
vn -0.6577 -0.0569 -0.7511
vn -0.5118 -0.0504 -0.8576
vn -0.3683 -0.0449 -0.9286
vn -0.2325 -0.0407 -0.9717
vn -0.1051 -0.0377 -0.9937
vn -0.0005 -0.0373 -0.9993
vn 0.1040 -0.0385 -0.9938
vn 0.2313 -0.0406 -0.9720
vn 0.3670 -0.0445 -0.9291
vn 0.5105 -0.0498 -0.8584
vn 0.6565 -0.0560 -0.7522
vn 0.7941 -0.0625 -0.6046
vn 0.9066 -0.0681 -0.4164
vn 0.9775 -0.0713 -0.1984
vn 0.9999 -0.0144 -0.0015
vn 0.9803 -0.0167 0.1969
vn 0.9092 -0.0176 0.4159
vn 0.7961 -0.0173 0.6049
vn 0.6580 -0.0160 0.7528
vn 0.5117 -0.0144 0.8590
vn 0.3681 -0.0128 0.9297
vn 0.2325 -0.0115 0.9725
vn 0.1053 -0.0107 0.9944
vn 0.0009 -0.0105 0.9999
vn -0.1033 -0.0109 0.9946
vn -0.2302 -0.0117 0.9731
vn -0.3657 -0.0130 0.9306
vn -0.5092 -0.0145 0.8605
vn -0.6556 -0.0160 0.7549
vn -0.7940 -0.0170 0.6077
vn -0.9077 -0.0171 0.4193
vn -0.9796 -0.0157 0.2005
vn -0.9999 -0.0136 0.0015
vn -0.9804 -0.0104 -0.1969
vn -0.9093 -0.0051 -0.4160
vn -0.7963 0.0005 -0.6050
vn -0.6581 0.0058 -0.7529
vn -0.5117 0.0103 -0.8591
vn -0.3681 0.0138 -0.9297
vn -0.2325 0.0163 -0.9725
vn -0.1053 0.0180 -0.9943
vn -0.0009 0.0177 -0.9998
vn 0.1033 0.0165 -0.9945
vn 0.2302 0.0153 -0.9730
vn 0.3657 0.0127 -0.9306
vn 0.5093 0.0091 -0.8606
vn 0.6557 0.0046 -0.7550
vn 0.7941 -0.0007 -0.6078
vn 0.9078 -0.0061 -0.4194
vn 0.9796 -0.0108 -0.2005
vn 1.0000 -0.0002 -0.0006
vn 0.9800 -0.0066 0.1990
vn 0.9080 -0.0119 0.4188
vn 0.7940 -0.0148 0.6077
vn 0.6554 -0.0157 0.7551
vn 0.5090 -0.0153 0.8606
vn 0.3658 -0.0143 0.9306
vn 0.2307 -0.0133 0.9729
vn 0.1042 -0.0126 0.9945
vn 0.0004 -0.0122 0.9999
vn -0.1033 -0.0124 0.9946
vn -0.2297 -0.0132 0.9732
vn -0.3647 -0.0142 0.9310
vn -0.5080 -0.0152 0.8612
vn -0.6544 -0.0155 0.7560
vn -0.7931 -0.0145 0.6089
vn -0.9074 -0.0115 0.4202
vn -0.9797 -0.0061 0.2004
vn -1.0000 0.0005 0.0006
vn -0.9800 0.0092 -0.1990
vn -0.9079 0.0206 -0.4187
vn -0.7937 0.0320 -0.6075
vn -0.6549 0.0422 -0.7546
vn -0.5085 0.0505 -0.8596
vn -0.3652 0.0566 -0.9292
vn -0.2303 0.0608 -0.9712
vn -0.1040 0.0633 -0.9926
vn -0.0004 0.0635 -0.9980
vn 0.1031 0.0624 -0.9927
vn 0.2293 0.0601 -0.9715
vn 0.3642 0.0559 -0.9297
vn 0.5074 0.0496 -0.8603
vn 0.6539 0.0412 -0.7555
vn 0.7928 0.0310 -0.6087
vn 0.9073 0.0196 -0.4201
vn 0.9797 0.0083 -0.2004
vn 1.0000 0.0000 0.0008
vn 0.9794 -0.0095 0.2018
vn 0.9061 -0.0182 0.4226
vn 0.7909 -0.0241 0.6114
vn 0.6516 -0.0273 0.7580
vn 0.5053 -0.0286 0.8625
vn 0.3625 -0.0287 0.9315
vn 0.2282 -0.0283 0.9732
vn 0.1027 -0.0280 0.9943
vn -0.0003 -0.0275 0.9996
vn -0.1034 -0.0274 0.9943
vn -0.2290 -0.0278 0.9730
vn -0.3634 -0.0281 0.9312
vn -0.5063 -0.0279 0.8619
vn -0.6527 -0.0265 0.7572
vn -0.7919 -0.0233 0.6102
vn -0.9069 -0.0176 0.4210
vn -0.9797 -0.0091 0.2001
vn -1.0000 0.0003 -0.0008
vn -0.9794 0.0116 -0.2018
vn -0.9060 0.0259 -0.4225
vn -0.7905 0.0396 -0.6111
vn -0.6510 0.0516 -0.7573
vn -0.5045 0.0611 -0.8612
vn -0.3618 0.0681 -0.9298
vn -0.2277 0.0727 -0.9710
vn -0.1024 0.0753 -0.9919
vn 0.0003 0.0761 -0.9971
vn 0.1031 0.0755 -0.9918
vn 0.2285 0.0730 -0.9708
vn 0.3627 0.0684 -0.9294
vn 0.5055 0.0614 -0.8606
vn 0.6520 0.0519 -0.7564
vn 0.7915 0.0399 -0.6099
vn 0.9067 0.0260 -0.4209
vn 0.9797 0.0115 -0.2001
vn 0.9996 -0.0268 0.0021
vn 0.9782 -0.0374 0.2042
vn 0.9037 -0.0482 0.4254
vn 0.7875 -0.0555 0.6138
vn 0.6478 -0.0598 0.7595
vn 0.5016 -0.0618 0.8629
vn 0.3594 -0.0624 0.9311
vn 0.2259 -0.0623 0.9722
vn 0.1012 -0.0623 0.9929
vn -0.0010 -0.0615 0.9981
vn -0.1035 -0.0611 0.9927
vn -0.2285 -0.0618 0.9716
vn -0.3622 -0.0619 0.9300
vn -0.5046 -0.0613 0.8612
vn -0.6508 -0.0594 0.7569
vn -0.7902 -0.0551 0.6103
vn -0.9058 -0.0479 0.4210
vn -0.9792 -0.0379 0.1995
vn -0.9997 -0.0263 -0.0021
vn -0.9788 -0.0131 -0.2044
vn -0.9048 0.0021 -0.4259
vn -0.7886 0.0170 -0.6147
vn -0.6486 0.0299 -0.7605
vn -0.5021 0.0401 -0.8639
vn -0.3597 0.0475 -0.9319
vn -0.2260 0.0524 -0.9727
vn -0.1012 0.0549 -0.9933
vn 0.0010 0.0561 -0.9984
vn 0.1035 0.0556 -0.9931
vn 0.2286 0.0526 -0.9721
vn 0.3625 0.0475 -0.9308
vn 0.5051 0.0399 -0.8621
vn 0.6516 0.0296 -0.7579
vn 0.7913 0.0165 -0.6111
vn 0.9068 0.0014 -0.4215
vn 0.9798 -0.0147 -0.1996
vn 0.9939 -0.1103 0.0022
vn 0.9713 -0.1219 0.2041
vn 0.8958 -0.1323 0.4243
vn 0.7795 -0.1362 0.6114
vn 0.6407 -0.1357 0.7557
vn 0.4958 -0.1326 0.8582
vn 0.3552 -0.1287 0.9259
vn 0.2233 -0.1253 0.9667
vn 0.1000 -0.1233 0.9873
vn -0.0009 -0.1218 0.9926
vn -0.1023 -0.1222 0.9872
vn -0.2258 -0.1255 0.9661
vn -0.3580 -0.1294 0.9247
vn -0.4988 -0.1335 0.8564
vn -0.6437 -0.1367 0.7530
vn -0.7823 -0.1372 0.6076
vn -0.8978 -0.1332 0.4197
vn -0.9721 -0.1238 0.1991
vn -0.9940 -0.1092 -0.0022
vn -0.9746 -0.0910 -0.2048
vn -0.9016 -0.0687 -0.4270
vn -0.7861 -0.0448 -0.6165
vn -0.6465 -0.0226 -0.7626
vn -0.5002 -0.0042 -0.8659
vn -0.3582 0.0098 -0.9336
vn -0.2250 0.0193 -0.9742
vn -0.1007 0.0246 -0.9946
vn 0.0009 0.0263 -0.9997
vn 0.1031 0.0245 -0.9944
vn 0.2276 0.0183 -0.9736
vn 0.3610 0.0081 -0.9325
vn 0.5033 -0.0065 -0.8641
vn 0.6495 -0.0254 -0.7599
vn 0.7889 -0.0478 -0.6127
vn 0.9036 -0.0719 -0.4224
vn 0.9752 -0.0952 -0.1998
vn 0.9828 -0.1849 0.0014
vn 0.9591 -0.1968 0.2032
vn 0.8832 -0.2030 0.4227
vn 0.7676 -0.2006 0.6087
vn 0.6304 -0.1927 0.7520
vn 0.4878 -0.1824 0.8537
vn 0.3495 -0.1724 0.9209
vn 0.2199 -0.1644 0.9616
vn 0.0988 -0.1591 0.9823
vn -0.0004 -0.1574 0.9875
vn -0.0999 -0.1593 0.9822
vn -0.2211 -0.1649 0.9612
vn -0.3509 -0.1733 0.9202
vn -0.4893 -0.1835 0.8526
vn -0.6320 -0.1939 0.7503
vn -0.7691 -0.2019 0.6064
vn -0.8843 -0.2042 0.4198
vn -0.9595 -0.1982 0.2001
vn -0.9827 -0.1850 -0.0014
vn -0.9648 -0.1655 -0.2044
vn -0.8935 -0.1371 -0.4276
vn -0.7793 -0.1048 -0.6179
vn -0.6407 -0.0735 -0.7643
vn -0.4956 -0.0464 -0.8673
vn -0.3547 -0.0252 -0.9346
vn -0.2229 -0.0104 -0.9748
vn -0.1001 -0.0018 -0.9950
vn 0.0004 0.0011 -1.0000
vn 0.1012 -0.0015 -0.9949
vn 0.2242 -0.0107 -0.9745
vn 0.3562 -0.0258 -0.9341
vn 0.4972 -0.0472 -0.8664
vn 0.6424 -0.0744 -0.7627
vn 0.7809 -0.1059 -0.6156
vn 0.8947 -0.1381 -0.4248
vn 0.9652 -0.1668 -0.2013
vn 0.9800 -0.1989 0.0001
vn 0.9570 -0.2056 0.2047
vn 0.8809 -0.2037 0.4273
vn 0.7645 -0.1935 0.6150
vn 0.6266 -0.1784 0.7586
vn 0.4841 -0.1625 0.8598
vn 0.3465 -0.1483 0.9262
vn 0.2180 -0.1373 0.9662
vn 0.0983 -0.1300 0.9866
vn 0.0002 -0.1285 0.9917
vn -0.0978 -0.1316 0.9865
vn -0.2175 -0.1383 0.9662
vn -0.3460 -0.1494 0.9263
vn -0.4836 -0.1638 0.8598
vn -0.6262 -0.1800 0.7586
vn -0.7641 -0.1951 0.6149
vn -0.8805 -0.2054 0.4272
vn -0.9567 -0.2070 0.2046
vn -0.9797 -0.2003 -0.0001
vn -0.9608 -0.1862 -0.2055
vn -0.8880 -0.1613 -0.4307
vn -0.7725 -0.1311 -0.6214
vn -0.6336 -0.1004 -0.7671
vn -0.4893 -0.0732 -0.8690
vn -0.3500 -0.0515 -0.9354
vn -0.2200 -0.0360 -0.9748
vn -0.0991 -0.0268 -0.9947
vn -0.0002 -0.0235 -0.9997
vn 0.0986 -0.0261 -0.9948
vn 0.2195 -0.0354 -0.9750
vn 0.3495 -0.0508 -0.9356
vn 0.4889 -0.0724 -0.8693
vn 0.6334 -0.0994 -0.7674
vn 0.7725 -0.1299 -0.6216
vn 0.8882 -0.1599 -0.4308
vn 0.9611 -0.1845 -0.2056
vn 0.9824 -0.1867 0.0001
vn 0.9602 -0.1848 0.2093
vn 0.8830 -0.1730 0.4364
vn 0.7642 -0.1538 0.6263
vn 0.6243 -0.1318 0.7700
vn 0.4807 -0.1108 0.8699
vn 0.3432 -0.0932 0.9346
vn 0.2156 -0.0802 0.9732
vn 0.0971 -0.0720 0.9927
vn 0.0002 -0.0701 0.9975
vn -0.0966 -0.0733 0.9926
vn -0.2151 -0.0811 0.9732
vn -0.3428 -0.0942 0.9347
vn -0.4803 -0.1119 0.8699
vn -0.6240 -0.1331 0.7700
vn -0.7640 -0.1552 0.6263
vn -0.8828 -0.1744 0.4362
vn -0.9600 -0.1860 0.2092
vn -0.9822 -0.1879 -0.0001
vn -0.9608 -0.1816 -0.2094
vn -0.8843 -0.1648 -0.4370
vn -0.7657 -0.1413 -0.6275
vn -0.6255 -0.1159 -0.7715
vn -0.4816 -0.0924 -0.8715
vn -0.3438 -0.0732 -0.9362
vn -0.2159 -0.0592 -0.9746
vn -0.0972 -0.0508 -0.9940
vn -0.0002 -0.0478 -0.9989
vn 0.0967 -0.0502 -0.9940
vn 0.2154 -0.0588 -0.9748
vn 0.3434 -0.0727 -0.9364
vn 0.4813 -0.0917 -0.8717
vn 0.6254 -0.1151 -0.7718
vn 0.7657 -0.1403 -0.6277
vn 0.8844 -0.1636 -0.4371
vn 0.9611 -0.1802 -0.2094
vn 0.9829 -0.1843 0.0003
vn 0.9608 -0.1769 0.2136
vn 0.8818 -0.1585 0.4442
vn 0.7606 -0.1332 0.6354
vn 0.6190 -0.1062 0.7782
vn 0.4750 -0.0816 0.8762
vn 0.3383 -0.0617 0.9390
vn 0.2121 -0.0473 0.9761
vn 0.0954 -0.0385 0.9947
vn 0.0001 -0.0360 0.9994
vn -0.0951 -0.0390 0.9947
vn -0.2118 -0.0477 0.9761
vn -0.3381 -0.0621 0.9391
vn -0.4749 -0.0822 0.8762
vn -0.6190 -0.1068 0.7781
vn -0.7607 -0.1339 0.6352
vn -0.8819 -0.1591 0.4438
vn -0.9608 -0.1775 0.2131
vn -0.9828 -0.1847 -0.0003
vn -0.9597 -0.1829 -0.2133
vn -0.8800 -0.1705 -0.4433
vn -0.7587 -0.1503 -0.6338
vn -0.6175 -0.1271 -0.7763
vn -0.4740 -0.1052 -0.8742
vn -0.3377 -0.0870 -0.9372
vn -0.2117 -0.0736 -0.9746
vn -0.0952 -0.0654 -0.9933
vn -0.0001 -0.0627 -0.9980
vn 0.0950 -0.0653 -0.9933
vn 0.2115 -0.0735 -0.9746
vn 0.3375 -0.0870 -0.9373
vn 0.4739 -0.1052 -0.8743
vn 0.6175 -0.1271 -0.7762
vn 0.7589 -0.1502 -0.6337
vn 0.8802 -0.1703 -0.4430
vn 0.9599 -0.1827 -0.2129
vn 0.9836 -0.1804 -0.0005
vn 0.9612 -0.1705 0.2167
vn 0.8803 -0.1485 0.4507
vn 0.7566 -0.1199 0.6428
vn 0.6135 -0.0903 0.7845
vn 0.4694 -0.0639 0.8807
vn 0.3336 -0.0428 0.9417
vn 0.2090 -0.0277 0.9775
vn 0.0941 -0.0185 0.9954
vn 0.0005 -0.0160 0.9999
vn -0.0930 -0.0191 0.9955
vn -0.2078 -0.0280 0.9778
vn -0.3324 -0.0430 0.9422
vn -0.4682 -0.0641 0.8813
vn -0.6124 -0.0905 0.7854
vn -0.7556 -0.1201 0.6439
vn -0.8795 -0.1487 0.4520
vn -0.9609 -0.1706 0.2181
vn -0.9835 -0.1807 0.0005
vn -0.9594 -0.1810 -0.2163
vn -0.8772 -0.1700 -0.4491
vn -0.7534 -0.1507 -0.6400
vn -0.6110 -0.1280 -0.7812
vn -0.4677 -0.1064 -0.8775
vn -0.3326 -0.0883 -0.9389
vn -0.2085 -0.0750 -0.9751
vn -0.0939 -0.0668 -0.9933
vn -0.0005 -0.0642 -0.9979
vn 0.0928 -0.0668 -0.9934
vn 0.2073 -0.0749 -0.9754
vn 0.3314 -0.0881 -0.9394
vn 0.4665 -0.1061 -0.8781
vn 0.6098 -0.1277 -0.7822
vn 0.7525 -0.1503 -0.6412
vn 0.8765 -0.1696 -0.4505
vn 0.9592 -0.1804 -0.2177
vn 0.9874 -0.1584 -0.0015
vn 0.9646 -0.1448 0.2202
vn 0.8811 -0.1178 0.4581
vn 0.7542 -0.0852 0.6511
vn 0.6089 -0.0527 0.7915
vn 0.4643 -0.0245 0.8853
vn 0.3292 -0.0024 0.9443
vn 0.2060 0.0132 0.9785
vn 0.0929 0.0228 0.9954
vn 0.0009 0.0250 0.9997
vn -0.0909 0.0214 0.9956
vn -0.2037 0.0125 0.9789
vn -0.3268 -0.0031 0.9451
vn -0.4618 -0.0252 0.8866
vn -0.6064 -0.0534 0.7934
vn -0.7519 -0.0859 0.6537
vn -0.8793 -0.1184 0.4614
vn -0.9638 -0.1448 0.2239
vn -0.9873 -0.1590 0.0015
vn -0.9620 -0.1625 -0.2196
vn -0.8767 -0.1540 -0.4558
vn -0.7499 -0.1364 -0.6473
vn -0.6057 -0.1151 -0.7873
vn -0.4624 -0.0945 -0.8816
vn -0.3282 -0.0771 -0.9414
vn -0.2056 -0.0642 -0.9765
vn -0.0928 -0.0562 -0.9941
vn -0.0009 -0.0538 -0.9986
vn 0.0907 -0.0565 -0.9943
vn 0.2033 -0.0642 -0.9770
vn 0.3258 -0.0770 -0.9423
vn 0.4598 -0.0943 -0.8830
vn 0.6033 -0.1148 -0.7892
vn 0.7476 -0.1360 -0.6500
vn 0.8750 -0.1533 -0.4592
vn 0.9613 -0.1613 -0.2234
vn 0.9901 -0.1406 -0.0012
vn 0.9675 -0.1133 0.2259
vn 0.8810 -0.0688 0.4680
vn 0.7499 -0.0194 0.6612
vn 0.6015 0.0268 0.7984
vn 0.4558 0.0651 0.8877
vn 0.3216 0.0941 0.9422
vn 0.2006 0.1141 0.9730
vn 0.0903 0.1263 0.9879
vn 0.0008 0.1277 0.9918
vn -0.0885 0.1219 0.9886
vn -0.1986 0.1105 0.9738
vn -0.3196 0.0899 0.9433
vn -0.4538 0.0601 0.8891
vn -0.5994 0.0213 0.8001
vn -0.7479 -0.0250 0.6634
vn -0.8793 -0.0739 0.4705
vn -0.9664 -0.1172 0.2288
vn -0.9897 -0.1430 0.0012
vn -0.9622 -0.1540 -0.2246
vn -0.8731 -0.1506 -0.4638
vn -0.7433 -0.1343 -0.6554
vn -0.5979 -0.1119 -0.7937
vn -0.4550 -0.0890 -0.8860
vn -0.3223 -0.0694 -0.9441
vn -0.2016 -0.0546 -0.9779
vn -0.0909 -0.0456 -0.9948
vn -0.0008 -0.0430 -0.9991
vn 0.0890 -0.0462 -0.9950
vn 0.1996 -0.0557 -0.9783
vn 0.3201 -0.0708 -0.9447
vn 0.4527 -0.0906 -0.8870
vn 0.5957 -0.1132 -0.7952
vn 0.7413 -0.1352 -0.6575
vn 0.8716 -0.1506 -0.4664
vn 0.9617 -0.1529 -0.2277
vn 0.9913 -0.1315 -0.0012
vn 0.9687 -0.0864 0.2329
vn 0.8772 -0.0173 0.4798
vn 0.7392 0.0553 0.6712
vn 0.5862 0.1198 0.8012
vn 0.4397 0.1713 0.8816
vn 0.3078 0.2091 0.9282
vn 0.1909 0.2347 0.9531
vn 0.0857 0.2497 0.9645
vn 0.0009 0.2527 0.9675
vn -0.0838 0.2470 0.9654
vn -0.1888 0.2327 0.9540
vn -0.3057 0.2070 0.9294
vn -0.4376 0.1688 0.8832
vn -0.5841 0.1170 0.8032
vn -0.7373 0.0524 0.6736
vn -0.8756 -0.0199 0.4826
vn -0.9677 -0.0881 0.2360
vn -0.9911 -0.1330 0.0012
vn -0.9603 -0.1564 -0.2309
vn -0.8660 -0.1600 -0.4737
vn -0.7325 -0.1449 -0.6651
vn -0.5862 -0.1201 -0.8012
vn -0.4444 -0.0933 -0.8910
vn -0.3140 -0.0695 -0.9469
vn -0.1961 -0.0512 -0.9792
vn -0.0884 -0.0399 -0.9953
vn -0.0009 -0.0364 -0.9993
vn 0.0864 -0.0402 -0.9955
vn 0.1939 -0.0517 -0.9797
vn 0.3117 -0.0700 -0.9476
vn 0.4420 -0.0938 -0.8921
vn 0.5839 -0.1204 -0.8029
vn 0.7305 -0.1449 -0.6674
vn 0.8646 -0.1595 -0.4766
vn 0.9598 -0.1551 -0.2341
vn 0.9956 -0.0935 -0.0016
vn 0.9697 -0.0404 0.2409
vn 0.8698 0.0381 0.4920
vn 0.7240 0.1164 0.6799
vn 0.5677 0.1832 0.8026
vn 0.4222 0.2349 0.8756
vn 0.2938 0.2722 0.9163
vn 0.1816 0.2972 0.9374
vn 0.0814 0.3115 0.9467
vn 0.0009 0.3156 0.9489
vn -0.0793 0.3113 0.9470
vn -0.1792 0.2977 0.9377
vn -0.2912 0.2733 0.9168
vn -0.4194 0.2363 0.8765
vn -0.5648 0.1850 0.8042
vn -0.7213 0.1185 0.6824
vn -0.8677 0.0403 0.4954
vn -0.9688 -0.0379 0.2449
vn -0.9957 -0.0931 0.0016
vn -0.9629 -0.1249 -0.2392
vn -0.8624 -0.1349 -0.4878
vn -0.7233 -0.1241 -0.6793
vn -0.5745 -0.1020 -0.8121
vn -0.4330 -0.0769 -0.8981
vn -0.3049 -0.0539 -0.9509
vn -0.1900 -0.0361 -0.9811
vn -0.0856 -0.0247 -0.9960
vn -0.0010 -0.0212 -0.9998
vn 0.0834 -0.0248 -0.9962
vn 0.1876 -0.0355 -0.9816
vn 0.3023 -0.0529 -0.9517
vn 0.4304 -0.0756 -0.8995
vn 0.5718 -0.1006 -0.8142
vn 0.7209 -0.1227 -0.6820
vn 0.8607 -0.1337 -0.4913
vn 0.9621 -0.1235 -0.2432
vn 0.9996 0.0273 -0.0023
vn 0.9662 0.0747 0.2466
vn 0.8559 0.1390 0.4981
vn 0.7051 0.1962 0.6815
vn 0.5495 0.2419 0.7997
vn 0.4077 0.2762 0.8704
vn 0.2836 0.3007 0.9106
vn 0.1754 0.3171 0.9320
vn 0.0787 0.3266 0.9419
vn 0.0010 0.3298 0.9440
vn -0.0764 0.3279 0.9416
vn -0.1727 0.3198 0.9316
vn -0.2804 0.3047 0.9102
vn -0.4040 0.2814 0.8704
vn -0.5454 0.2481 0.8006
vn -0.7009 0.2030 0.6838
vn -0.8524 0.1459 0.5021
vn -0.9642 0.0826 0.2518
vn -0.9996 0.0285 0.0023
vn -0.9689 -0.0106 -0.2472
vn -0.8638 -0.0339 -0.5026
vn -0.7184 -0.0409 -0.6944
vn -0.5659 -0.0366 -0.8236
vn -0.4240 -0.0270 -0.9053
vn -0.2973 -0.0162 -0.9546
vn -0.1849 -0.0069 -0.9827
vn -0.0833 -0.0003 -0.9965
vn -0.0010 0.0020 -1.0000
vn 0.0809 0.0005 -0.9967
vn 0.1822 -0.0043 -0.9832
vn 0.2944 -0.0123 -0.9556
vn 0.4209 -0.0221 -0.9069
vn 0.5627 -0.0313 -0.8261
vn 0.7153 -0.0356 -0.6979
vn 0.8613 -0.0292 -0.5073
vn 0.9675 -0.0053 -0.2527
vn 0.9637 0.2671 -0.0028
vn 0.9234 0.3006 0.2388
vn 0.8123 0.3319 0.4796
vn 0.6692 0.3478 0.6566
vn 0.5240 0.3548 0.7743
vn 0.3912 0.3572 0.8482
vn 0.2737 0.3578 0.8928
vn 0.1701 0.3578 0.9182
vn 0.0766 0.3581 0.9305
vn 0.0009 0.3578 0.9338
vn -0.0743 0.3583 0.9306
vn -0.1674 0.3601 0.9178
vn -0.2705 0.3615 0.8923
vn -0.3872 0.3620 0.8480
vn -0.5193 0.3603 0.7749
vn -0.6640 0.3538 0.6587
vn -0.8073 0.3380 0.4837
vn -0.9191 0.3091 0.2445
vn -0.9636 0.2673 0.0028
vn -0.9444 0.2201 -0.2442
vn -0.8488 0.1684 -0.5012
vn -0.7085 0.1212 -0.6952
vn -0.5584 0.0850 -0.8252
vn -0.4180 0.0600 -0.9065
vn -0.2929 0.0439 -0.9551
vn -0.1820 0.0344 -0.9827
vn -0.0820 0.0298 -0.9962
vn -0.0010 0.0288 -0.9996
vn 0.0795 0.0310 -0.9963
vn 0.1793 0.0377 -0.9831
vn 0.2898 0.0489 -0.9558
vn 0.4145 0.0663 -0.9076
vn 0.5543 0.0920 -0.8272
vn 0.7041 0.1283 -0.6984
vn 0.8446 0.1750 -0.5060
vn 0.9408 0.2285 -0.2503
vn 0.8767 0.4810 -0.0025
vn 0.8382 0.5003 0.2169
vn 0.7443 0.5027 0.4395
vn 0.6234 0.4870 0.6117
vn 0.4966 0.4635 0.7339
vn 0.3761 0.4395 0.8157
vn 0.2661 0.4190 0.8681
vn 0.1665 0.4038 0.8996
vn 0.0752 0.3945 0.9158
vn 0.0007 0.3916 0.9202
vn -0.0734 0.3951 0.9157
vn -0.1643 0.4055 0.8992
vn -0.2635 0.4214 0.8677
vn -0.3729 0.4425 0.8156
vn -0.4927 0.4668 0.7344
vn -0.6190 0.4905 0.6134
vn -0.7399 0.5064 0.4428
vn -0.8339 0.5055 0.2215
vn -0.8760 0.4823 0.0025
vn -0.8691 0.4405 -0.2249
vn -0.7985 0.3744 -0.4715
vn -0.6813 0.2979 -0.6686
vn -0.5458 0.2264 -0.8067
vn -0.4127 0.1681 -0.8952
vn -0.2907 0.1247 -0.9486
vn -0.1811 0.0955 -0.9788
vn -0.0815 0.0791 -0.9935
vn -0.0008 0.0736 -0.9973
vn 0.0796 0.0786 -0.9937
vn 0.1789 0.0967 -0.9791
vn 0.2882 0.1267 -0.9492
vn 0.4097 0.1704 -0.8961
vn 0.5424 0.2288 -0.8084
vn 0.6776 0.2999 -0.6715
vn 0.7951 0.3759 -0.4759
vn 0.8663 0.4433 -0.2301
vn 0.8165 0.5774 -0.0018
vn 0.7858 0.5847 0.2015
vn 0.7092 0.5703 0.4144
vn 0.6050 0.5376 0.5873
vn 0.4899 0.4971 0.7162
vn 0.3757 0.4573 0.8061
vn 0.2680 0.4235 0.8653
vn 0.1685 0.3982 0.9017
vn 0.0762 0.3823 0.9209
vn 0.0005 0.3778 0.9259
vn -0.0749 0.3837 0.9204
vn -0.1671 0.3995 0.9014
vn -0.2662 0.4251 0.8651
vn -0.3735 0.4592 0.8060
vn -0.4872 0.4991 0.7166
vn -0.6019 0.5397 0.5886
vn -0.7059 0.5726 0.4168
vn -0.7828 0.5877 0.2048
vn -0.8152 0.5792 0.0018
vn -0.8087 0.5505 -0.2073
vn -0.7512 0.4931 -0.4389
vn -0.6519 0.4179 -0.6328
vn -0.5310 0.3400 -0.7762
vn -0.4066 0.2711 -0.8724
vn -0.2888 0.2167 -0.9325
vn -0.1808 0.1783 -0.9672
vn -0.0814 0.1560 -0.9844
vn -0.0005 0.1479 -0.9890
vn 0.0802 0.1541 -0.9848
vn 0.1794 0.1775 -0.9676
vn 0.2872 0.2160 -0.9332
vn 0.4048 0.2702 -0.8736
vn 0.5290 0.3388 -0.7781
vn 0.6501 0.4163 -0.6357
vn 0.7500 0.4914 -0.4428
vn 0.8082 0.5497 -0.2115
vn 0.7232 0.6907 -0.0021
vn 0.7065 0.6853 0.1765
vn 0.6545 0.6575 0.3733
vn 0.5765 0.6075 0.5465
vn 0.4807 0.5455 0.6865
vn 0.3771 0.4825 0.7905
vn 0.2732 0.4272 0.8619
vn 0.1734 0.3851 0.9064
vn 0.0787 0.3591 0.9300
vn 0.0005 0.3516 0.9361
vn -0.0774 0.3617 0.9291
vn -0.1715 0.3898 0.9048
vn -0.2706 0.4334 0.8596
vn -0.3734 0.4894 0.7881
vn -0.4758 0.5522 0.6846
vn -0.5707 0.6133 0.5460
vn -0.6487 0.6623 0.3749
vn -0.7004 0.6907 0.1796
vn -0.7225 0.6913 0.0021
vn -0.7195 0.6708 -0.1798
vn -0.6795 0.6230 -0.3875
vn -0.6062 0.5499 -0.5746
vn -0.5081 0.4640 -0.7256
vn -0.3983 0.3798 -0.8349
vn -0.2874 0.3083 -0.9068
vn -0.1816 0.2556 -0.9496
vn -0.0822 0.2240 -0.9711
vn -0.0005 0.2142 -0.9768
vn 0.0809 0.2254 -0.9709
vn 0.1799 0.2599 -0.9487
vn 0.2850 0.3144 -0.9055
vn 0.3949 0.3866 -0.8334
vn 0.5036 0.4704 -0.7246
vn 0.6011 0.5551 -0.5750
vn 0.6746 0.6268 -0.3898
vn 0.7146 0.6751 -0.1833
vn 0.6011 0.7992 -0.0028
vn 0.5936 0.7925 0.1397
vn 0.5672 0.7646 0.3061
vn 0.5218 0.7128 0.4687
vn 0.4560 0.6409 0.6175
vn 0.3727 0.5584 0.7411
vn 0.2784 0.4779 0.8331
vn 0.1802 0.4120 0.8932
vn 0.0828 0.3693 0.9256
vn 0.0008 0.3556 0.9347
vn -0.0807 0.3703 0.9254
vn -0.1775 0.4145 0.8926
vn -0.2750 0.4811 0.8324
vn -0.3684 0.5615 0.7410
vn -0.4511 0.6434 0.6186
vn -0.5168 0.7145 0.4716
vn -0.5628 0.7660 0.3107
vn -0.5895 0.7946 0.1451
vn -0.6008 0.7994 0.0028
vn -0.6009 0.7868 -0.1414
vn -0.5820 0.7500 -0.3141
vn -0.5414 0.6858 -0.4863
vn -0.4762 0.5979 -0.6448
vn -0.3897 0.4979 -0.7748
vn -0.2902 0.4019 -0.8685
vn -0.1870 0.3248 -0.9271
vn -0.0857 0.2758 -0.9574
vn -0.0008 0.2600 -0.9656
vn 0.0835 0.2764 -0.9574
vn 0.1843 0.3272 -0.9268
vn 0.2868 0.4050 -0.8682
vn 0.3854 0.5008 -0.7750
vn 0.4713 0.6001 -0.6463
vn 0.5367 0.6872 -0.4897
vn 0.5781 0.7510 -0.3191
vn 0.5972 0.7885 -0.1470
vn 0.5434 0.8395 -0.0032
vn 0.5388 0.8344 0.1161
vn 0.5235 0.8115 0.2598
vn 0.4940 0.7675 0.4086
vn 0.4456 0.7017 0.5559
vn 0.3763 0.6188 0.6895
vn 0.2890 0.5306 0.7968
vn 0.1908 0.4530 0.8709
vn 0.0889 0.4000 0.9122
vn 0.0011 0.3815 0.9244
vn -0.0857 0.3983 0.9133
vn -0.1874 0.4508 0.8727
vn -0.2855 0.5278 0.8000
vn -0.3729 0.6157 0.6941
vn -0.4426 0.6988 0.5619
vn -0.4916 0.7653 0.4155
vn -0.5218 0.8102 0.2671
vn -0.5376 0.8342 0.1232
vn -0.5431 0.8396 0.0032
vn -0.5427 0.8317 -0.1169
vn -0.5320 0.8045 -0.2640
vn -0.5061 0.7541 -0.4186
vn -0.4592 0.6788 -0.5730
vn -0.3888 0.5841 -0.7125
vn -0.2984 0.4839 -0.8227
vn -0.1964 0.3966 -0.8967
vn -0.0912 0.3380 -0.9367
vn -0.0012 0.3172 -0.9484
vn 0.0881 0.3351 -0.9380
vn 0.1930 0.3936 -0.8988
vn 0.2948 0.4801 -0.8262
vn 0.3855 0.5800 -0.7176
vn 0.4565 0.6750 -0.5796
vn 0.5042 0.7511 -0.4261
vn 0.5309 0.8027 -0.2718
vn 0.5421 0.8311 -0.1242
vn 0.5514 0.8343 -0.0034
vn 0.5471 0.8302 0.1073
vn 0.5335 0.8106 0.2415
vn 0.5060 0.7733 0.3820
vn 0.4599 0.7170 0.5238
vn 0.3922 0.6447 0.6561
vn 0.3045 0.5657 0.7663
vn 0.2031 0.4939 0.8455
vn 0.0954 0.4434 0.8912
vn 0.0017 0.4244 0.9055
vn -0.0913 0.4389 0.8939
vn -0.1991 0.4874 0.8502
vn -0.3012 0.5578 0.7734
vn -0.3900 0.6369 0.6651
vn -0.4589 0.7104 0.5337
vn -0.5059 0.7684 0.3918
vn -0.5340 0.8075 0.2506
vn -0.5480 0.8285 0.1154
vn -0.5510 0.8345 0.0034
vn -0.5480 0.8296 -0.1074
vn -0.5357 0.8088 -0.2425
vn -0.5093 0.7699 -0.3845
vn -0.4638 0.7112 -0.5283
vn -0.3960 0.6358 -0.6625
vn -0.3076 0.5534 -0.7740
vn -0.2050 0.4789 -0.8536
vn -0.0963 0.4268 -0.8992
vn -0.0017 0.4064 -0.9137
vn 0.0921 0.4207 -0.9025
vn 0.2011 0.4713 -0.8588
vn 0.3044 0.5445 -0.7816
vn 0.3941 0.6269 -0.6721
vn 0.4633 0.7036 -0.5388
vn 0.5099 0.7643 -0.3949
vn 0.5369 0.8052 -0.2520
vn 0.5495 0.8274 -0.1157
vn 0.5737 0.8191 -0.0032
vn 0.5709 0.8144 0.1038
vn 0.5562 0.7976 0.2334
vn 0.5261 0.7666 0.3681
vn 0.4767 0.7209 0.5030
vn 0.4058 0.6632 0.6288
vn 0.3152 0.6007 0.7347
vn 0.2107 0.5440 0.8122
vn 0.0993 0.5040 0.8580
vn 0.0019 0.4884 0.8726
vn -0.0947 0.5000 0.8608
vn -0.2062 0.5392 0.8166
vn -0.3112 0.5951 0.7409
vn -0.4028 0.6577 0.6366
vn -0.4747 0.7162 0.5116
vn -0.5251 0.7631 0.3768
vn -0.5558 0.7955 0.2417
vn -0.5707 0.8136 0.1113
vn -0.5734 0.8192 0.0032
vn -0.5678 0.8166 -0.1032
vn -0.5501 0.8026 -0.2308
vn -0.5176 0.7752 -0.3621
vn -0.4668 0.7344 -0.4926
vn -0.3962 0.6827 -0.6140
vn -0.3073 0.6265 -0.7163
vn -0.2054 0.5753 -0.7918
vn -0.0969 0.5392 -0.8366
vn -0.0019 0.5243 -0.8515
vn 0.0924 0.5341 -0.8403
vn 0.2011 0.5700 -0.7967
vn 0.3037 0.6205 -0.7230
vn 0.3936 0.6768 -0.6221
vn 0.4654 0.7293 -0.5016
vn 0.5171 0.7714 -0.3710
vn 0.5502 0.8000 -0.2392
vn 0.5682 0.8154 -0.1108
vn 0.5734 0.8193 -0.0028
vn 0.5721 0.8143 0.0977
vn 0.5585 0.7998 0.2200
vn 0.5293 0.7740 0.3475
vn 0.4807 0.7365 0.4760
vn 0.4107 0.6891 0.5970
vn 0.3204 0.6375 0.7006
vn 0.2151 0.5902 0.7781
vn 0.1017 0.5563 0.8247
vn 0.0018 0.5436 0.8394
vn -0.0971 0.5542 0.8267
vn -0.2106 0.5876 0.7813
vn -0.3162 0.6345 0.7053
vn -0.4071 0.6861 0.6030
vn -0.4780 0.7338 0.4827
vn -0.5275 0.7720 0.3546
vn -0.5575 0.7986 0.2270
vn -0.5716 0.8139 0.1043
vn -0.5734 0.8193 0.0028
vn -0.5661 0.8186 -0.0967
vn -0.5460 0.8097 -0.2150
vn -0.5113 0.7911 -0.3357
vn -0.4596 0.7627 -0.4550
vn -0.3895 0.7264 -0.5662
vn -0.3024 0.6866 -0.6612
vn -0.2026 0.6498 -0.7326
vn -0.0957 0.6233 -0.7761
vn -0.0017 0.6128 -0.7902
vn 0.0915 0.6210 -0.7784
vn 0.1983 0.6474 -0.7359
vn 0.2985 0.6838 -0.6658
vn 0.3862 0.7236 -0.5720
vn 0.4571 0.7603 -0.4616
vn 0.5096 0.7893 -0.3425
vn 0.5449 0.8086 -0.2219
vn 0.5656 0.8182 -0.1032
vn 0.5723 0.8200 -0.0026
vn 0.5719 0.8152 0.0914
vn 0.5607 0.8018 0.2065
vn 0.5350 0.7784 0.3283
vn 0.4904 0.7440 0.4539
vn 0.4233 0.6997 0.5755
vn 0.3337 0.6503 0.6824
vn 0.2259 0.6039 0.7644
vn 0.1072 0.5698 0.8147
vn 0.0017 0.5577 0.8300
vn -0.1028 0.5696 0.8155
vn -0.2213 0.6032 0.7663
vn -0.3292 0.6493 0.6856
vn -0.4192 0.6987 0.5798
vn -0.4869 0.7430 0.4592
vn -0.5325 0.7776 0.3343
vn -0.5592 0.8013 0.2127
vn -0.5713 0.8149 0.0973
vn -0.5725 0.8199 0.0026
vn -0.5657 0.8196 -0.0904
vn -0.5473 0.8123 -0.2015
vn -0.5154 0.7964 -0.3163
vn -0.4667 0.7717 -0.4320
vn -0.3990 0.7394 -0.5423
vn -0.3124 0.7030 -0.6389
vn -0.2107 0.6685 -0.7132
vn -0.0999 0.6430 -0.7593
vn -0.0016 0.6338 -0.7735
vn 0.0958 0.6429 -0.7599
vn 0.2064 0.6681 -0.7148
vn 0.3081 0.7024 -0.6416
vn 0.3949 0.7388 -0.5461
vn 0.4631 0.7712 -0.4368
vn 0.5125 0.7961 -0.3218
vn 0.5453 0.8122 -0.2074
vn 0.5647 0.8197 -0.0962
vn 0.1783 0.9840 -0.0049
vn 0.1800 0.9834 0.0221
vn 0.1721 0.9836 0.0542
vn 0.1607 0.9832 0.0867
vn 0.1445 0.9824 0.1187
vn 0.1232 0.9812 0.1487
vn 0.0972 0.9797 0.1751
vn 0.0672 0.9783 0.1959
vn 0.0344 0.9776 0.2076
vn 0.0050 0.9760 0.2176
vn -0.0238 0.9754 0.2193
vn -0.0567 0.9771 0.2050
vn -0.0876 0.9788 0.1854
vn -0.1150 0.9804 0.1600
vn -0.1377 0.9818 0.1306
vn -0.1552 0.9829 0.0987
vn -0.1673 0.9837 0.0659
vn -0.1728 0.9844 0.0330
vn -0.1784 0.9839 0.0049
vn -0.1795 0.9835 -0.0221
vn -0.1708 0.9838 -0.0538
vn -0.1588 0.9836 -0.0857
vn -0.1422 0.9829 -0.1168
vn -0.1208 0.9819 -0.1458
vn -0.0949 0.9807 -0.1710
vn -0.0655 0.9794 -0.1908
vn -0.0334 0.9789 -0.2018
vn -0.0048 0.9774 -0.2113
vn 0.0231 0.9768 -0.2129
vn 0.0551 0.9784 -0.1994
vn 0.0854 0.9798 -0.1808
vn 0.1125 0.9812 -0.1566
vn 0.1352 0.9825 -0.1283
vn 0.1531 0.9834 -0.0974
vn 0.1657 0.9840 -0.0653
vn 0.1721 0.9845 -0.0328
vn 0.0000 -1.0000 0.0000
vn 0.0000 1.0000 0.0000
vt 0.7700 0.4200
vt 0.7663 0.4200
vt 0.7552 0.4200
vt 0.7369 0.4200
vt 0.7119 0.4200
vt 0.6807 0.4200
vt 0.6438 0.4200
vt 0.6018 0.4200
vt 0.5550 0.4200
vt 0.5000 0.4200
vt 0.4450 0.4200
vt 0.3982 0.4200
vt 0.3562 0.4200
vt 0.3193 0.4200
vt 0.2881 0.4200
vt 0.2631 0.4200
vt 0.2448 0.4200
vt 0.2337 0.4200
vt 0.2300 0.4200
vt 0.2337 0.4200
vt 0.2448 0.4200
vt 0.2631 0.4200
vt 0.2881 0.4200
vt 0.3193 0.4200
vt 0.3562 0.4200
vt 0.3982 0.4200
vt 0.4450 0.4200
vt 0.5000 0.4200
vt 0.5550 0.4200
vt 0.6018 0.4200
vt 0.6438 0.4200
vt 0.6807 0.4200
vt 0.7119 0.4200
vt 0.7369 0.4200
vt 0.7552 0.4200
vt 0.7663 0.4200
vt 0.7799 0.4874
vt 0.7761 0.4874
vt 0.7645 0.4874
vt 0.7456 0.4874
vt 0.7197 0.4874
vt 0.6873 0.4874
vt 0.6491 0.4874
vt 0.6056 0.4874
vt 0.5570 0.4874
vt 0.5000 0.4874
vt 0.4430 0.4874
vt 0.3944 0.4874
vt 0.3509 0.4874
vt 0.3127 0.4874
vt 0.2803 0.4874
vt 0.2544 0.4874
vt 0.2355 0.4874
vt 0.2239 0.4874
vt 0.2201 0.4874
vt 0.2239 0.4874
vt 0.2355 0.4874
vt 0.2544 0.4874
vt 0.2803 0.4874
vt 0.3127 0.4874
vt 0.3509 0.4874
vt 0.3944 0.4874
vt 0.4430 0.4874
vt 0.5000 0.4874
vt 0.5570 0.4874
vt 0.6056 0.4874
vt 0.6491 0.4874
vt 0.6873 0.4874
vt 0.7197 0.4874
vt 0.7456 0.4874
vt 0.7645 0.4874
vt 0.7761 0.4874
vt 0.7906 0.5554
vt 0.7866 0.5554
vt 0.7747 0.5554
vt 0.7550 0.5554
vt 0.7281 0.5554
vt 0.6945 0.5554
vt 0.6548 0.5554
vt 0.6096 0.5554
vt 0.5592 0.5554
vt 0.5000 0.5554
vt 0.4408 0.5554
vt 0.3904 0.5554
vt 0.3452 0.5554
vt 0.3055 0.5554
vt 0.2719 0.5554
vt 0.2450 0.5554
vt 0.2253 0.5554
vt 0.2134 0.5554
vt 0.2094 0.5554
vt 0.2134 0.5554
vt 0.2253 0.5554
vt 0.2450 0.5554
vt 0.2719 0.5554
vt 0.3055 0.5554
vt 0.3452 0.5554
vt 0.3904 0.5554
vt 0.4408 0.5554
vt 0.5000 0.5554
vt 0.5592 0.5554
vt 0.6096 0.5554
vt 0.6548 0.5554
vt 0.6945 0.5554
vt 0.7281 0.5554
vt 0.7550 0.5554
vt 0.7747 0.5554
vt 0.7866 0.5554
vt 0.7984 0.6212
vt 0.7942 0.6212
vt 0.7820 0.6212
vt 0.7618 0.6212
vt 0.7342 0.6212
vt 0.6997 0.6212
vt 0.6589 0.6212
vt 0.6125 0.6212
vt 0.5608 0.6212
vt 0.5000 0.6212
vt 0.4392 0.6212
vt 0.3875 0.6212
vt 0.3411 0.6212
vt 0.3003 0.6212
vt 0.2658 0.6212
vt 0.2382 0.6212
vt 0.2180 0.6212
vt 0.2058 0.6212
vt 0.2016 0.6212
vt 0.2058 0.6212
vt 0.2180 0.6212
vt 0.2382 0.6212
vt 0.2658 0.6212
vt 0.3003 0.6212
vt 0.3411 0.6212
vt 0.3875 0.6212
vt 0.4392 0.6212
vt 0.5000 0.6212
vt 0.5608 0.6212
vt 0.6125 0.6212
vt 0.6589 0.6212
vt 0.6997 0.6212
vt 0.7342 0.6212
vt 0.7618 0.6212
vt 0.7820 0.6212
vt 0.7942 0.6212
vt 0.8000 0.6820
vt 0.7959 0.6820
vt 0.7835 0.6820
vt 0.7632 0.6820
vt 0.7354 0.6820
vt 0.7007 0.6820
vt 0.6598 0.6820
vt 0.6131 0.6820
vt 0.5611 0.6820
vt 0.5000 0.6820
vt 0.4389 0.6820
vt 0.3869 0.6820
vt 0.3402 0.6820
vt 0.2993 0.6820
vt 0.2646 0.6820
vt 0.2368 0.6820
vt 0.2165 0.6820
vt 0.2041 0.6820
vt 0.2000 0.6820
vt 0.2041 0.6820
vt 0.2165 0.6820
vt 0.2368 0.6820
vt 0.2646 0.6820
vt 0.2993 0.6820
vt 0.3402 0.6820
vt 0.3869 0.6820
vt 0.4389 0.6820
vt 0.5000 0.6820
vt 0.5611 0.6820
vt 0.6131 0.6820
vt 0.6598 0.6820
vt 0.7007 0.6820
vt 0.7354 0.6820
vt 0.7632 0.6820
vt 0.7835 0.6820
vt 0.7959 0.6820
vt 0.8000 0.7369
vt 0.7959 0.7369
vt 0.7835 0.7369
vt 0.7632 0.7369
vt 0.7354 0.7369
vt 0.7007 0.7369
vt 0.6598 0.7369
vt 0.6131 0.7369
vt 0.5611 0.7369
vt 0.5000 0.7369
vt 0.4389 0.7369
vt 0.3869 0.7369
vt 0.3402 0.7369
vt 0.2993 0.7369
vt 0.2646 0.7369
vt 0.2368 0.7369
vt 0.2165 0.7369
vt 0.2041 0.7369
vt 0.2000 0.7369
vt 0.2041 0.7369
vt 0.2165 0.7369
vt 0.2368 0.7369
vt 0.2646 0.7369
vt 0.2993 0.7369
vt 0.3402 0.7369
vt 0.3869 0.7369
vt 0.4389 0.7369
vt 0.5000 0.7369
vt 0.5611 0.7369
vt 0.6131 0.7369
vt 0.6598 0.7369
vt 0.7007 0.7369
vt 0.7354 0.7369
vt 0.7632 0.7369
vt 0.7835 0.7369
vt 0.7959 0.7369
vt 0.8000 0.7898
vt 0.7959 0.7898
vt 0.7835 0.7898
vt 0.7632 0.7898
vt 0.7354 0.7898
vt 0.7007 0.7898
vt 0.6598 0.7898
vt 0.6131 0.7898
vt 0.5611 0.7898
vt 0.5000 0.7898
vt 0.4389 0.7898
vt 0.3869 0.7898
vt 0.3402 0.7898
vt 0.2993 0.7898
vt 0.2646 0.7898
vt 0.2368 0.7898
vt 0.2165 0.7898
vt 0.2041 0.7898
vt 0.2000 0.7898
vt 0.2041 0.7898
vt 0.2165 0.7898
vt 0.2368 0.7898
vt 0.2646 0.7898
vt 0.2993 0.7898
vt 0.3402 0.7898
vt 0.3869 0.7898
vt 0.4389 0.7898
vt 0.5000 0.7898
vt 0.5611 0.7898
vt 0.6131 0.7898
vt 0.6598 0.7898
vt 0.7007 0.7898
vt 0.7354 0.7898
vt 0.7632 0.7898
vt 0.7835 0.7898
vt 0.7959 0.7898
vt 0.8000 0.8452
vt 0.7959 0.8452
vt 0.7835 0.8452
vt 0.7632 0.8452
vt 0.7354 0.8452
vt 0.7007 0.8452
vt 0.6598 0.8452
vt 0.6131 0.8452
vt 0.5611 0.8452
vt 0.5000 0.8452
vt 0.4389 0.8452
vt 0.3869 0.8452
vt 0.3402 0.8452
vt 0.2993 0.8452
vt 0.2646 0.8452
vt 0.2368 0.8452
vt 0.2165 0.8452
vt 0.2041 0.8452
vt 0.2000 0.8452
vt 0.2041 0.8452
vt 0.2165 0.8452
vt 0.2368 0.8452
vt 0.2646 0.8452
vt 0.2993 0.8452
vt 0.3402 0.8452
vt 0.3869 0.8452
vt 0.4389 0.8452
vt 0.5000 0.8452
vt 0.5611 0.8452
vt 0.6131 0.8452
vt 0.6598 0.8452
vt 0.7007 0.8452
vt 0.7354 0.8452
vt 0.7632 0.8452
vt 0.7835 0.8452
vt 0.7959 0.8452
vt 0.8031 0.9076
vt 0.7990 0.9076
vt 0.7865 0.9076
vt 0.7660 0.9076
vt 0.7379 0.9076
vt 0.7028 0.9076
vt 0.6614 0.9076
vt 0.6143 0.9076
vt 0.5617 0.9076
vt 0.5000 0.9076
vt 0.4383 0.9076
vt 0.3857 0.9076
vt 0.3386 0.9076
vt 0.2972 0.9076
vt 0.2621 0.9076
vt 0.2340 0.9076
vt 0.2135 0.9076
vt 0.2010 0.9076
vt 0.1969 0.9076
vt 0.2010 0.9076
vt 0.2135 0.9076
vt 0.2340 0.9076
vt 0.2621 0.9076
vt 0.2972 0.9076
vt 0.3386 0.9076
vt 0.3857 0.9076
vt 0.4383 0.9076
vt 0.5000 0.9076
vt 0.5617 0.9076
vt 0.6143 0.9076
vt 0.6614 0.9076
vt 0.7028 0.9076
vt 0.7379 0.9076
vt 0.7660 0.9076
vt 0.7865 0.9076
vt 0.7990 0.9076
vt 0.8144 0.9757
vt 0.8101 0.9757
vt 0.7971 0.9757
vt 0.7759 0.9757
vt 0.7467 0.9757
vt 0.7104 0.9757
vt 0.6674 0.9757
vt 0.6185 0.9757
vt 0.5640 0.9757
vt 0.5000 0.9757
vt 0.4360 0.9757
vt 0.3815 0.9757
vt 0.3326 0.9757
vt 0.2896 0.9757
vt 0.2533 0.9757
vt 0.2241 0.9757
vt 0.2029 0.9757
vt 0.1899 0.9757
vt 0.1856 0.9757
vt 0.1899 0.9757
vt 0.2029 0.9757
vt 0.2241 0.9757
vt 0.2533 0.9757
vt 0.2896 0.9757
vt 0.3326 0.9757
vt 0.3815 0.9757
vt 0.4360 0.9757
vt 0.5000 0.9757
vt 0.5640 0.9757
vt 0.6185 0.9757
vt 0.6674 0.9757
vt 0.7104 0.9757
vt 0.7467 0.9757
vt 0.7759 0.9757
vt 0.7971 0.9757
vt 0.8101 0.9757
vt 0.8289 1.0441
vt 0.8243 1.0441
vt 0.8108 1.0441
vt 0.7886 1.0441
vt 0.7581 1.0441
vt 0.7201 1.0441
vt 0.6751 1.0441
vt 0.6240 1.0441
vt 0.5670 1.0441
vt 0.5000 1.0441
vt 0.4330 1.0441
vt 0.3760 1.0441
vt 0.3249 1.0441
vt 0.2799 1.0441
vt 0.2419 1.0441
vt 0.2114 1.0441
vt 0.1892 1.0441
vt 0.1757 1.0441
vt 0.1711 1.0441
vt 0.1757 1.0441
vt 0.1892 1.0441
vt 0.2114 1.0441
vt 0.2419 1.0441
vt 0.2799 1.0441
vt 0.3249 1.0441
vt 0.3760 1.0441
vt 0.4330 1.0441
vt 0.5000 1.0441
vt 0.5670 1.0441
vt 0.6240 1.0441
vt 0.6751 1.0441
vt 0.7201 1.0441
vt 0.7581 1.0441
vt 0.7886 1.0441
vt 0.8108 1.0441
vt 0.8243 1.0441
vt 0.8413 1.1075
vt 0.8366 1.1075
vt 0.8226 1.1075
vt 0.7995 1.1075
vt 0.7679 1.1075
vt 0.7284 1.1075
vt 0.6818 1.1075
vt 0.6287 1.1075
vt 0.5695 1.1075
vt 0.5000 1.1075
vt 0.4305 1.1075
vt 0.3713 1.1075
vt 0.3182 1.1075
vt 0.2716 1.1075
vt 0.2321 1.1075
vt 0.2005 1.1075
vt 0.1774 1.1075
vt 0.1634 1.1075
vt 0.1587 1.1075
vt 0.1634 1.1075
vt 0.1774 1.1075
vt 0.2005 1.1075
vt 0.2321 1.1075
vt 0.2716 1.1075
vt 0.3182 1.1075
vt 0.3713 1.1075
vt 0.4305 1.1075
vt 0.5000 1.1075
vt 0.5695 1.1075
vt 0.6287 1.1075
vt 0.6818 1.1075
vt 0.7284 1.1075
vt 0.7679 1.1075
vt 0.7995 1.1075
vt 0.8226 1.1075
vt 0.8366 1.1075
vt 0.8524 1.1671
vt 0.8475 1.1671
vt 0.8330 1.1671
vt 0.8092 1.1671
vt 0.7766 1.1671
vt 0.7358 1.1671
vt 0.6876 1.1671
vt 0.6329 1.1671
vt 0.5717 1.1671
vt 0.5000 1.1671
vt 0.4283 1.1671
vt 0.3671 1.1671
vt 0.3124 1.1671
vt 0.2642 1.1671
vt 0.2234 1.1671
vt 0.1908 1.1671
vt 0.1670 1.1671
vt 0.1525 1.1671
vt 0.1476 1.1671
vt 0.1525 1.1671
vt 0.1670 1.1671
vt 0.1908 1.1671
vt 0.2234 1.1671
vt 0.2642 1.1671
vt 0.3124 1.1671
vt 0.3671 1.1671
vt 0.4283 1.1671
vt 0.5000 1.1671
vt 0.5717 1.1671
vt 0.6329 1.1671
vt 0.6876 1.1671
vt 0.7358 1.1671
vt 0.7766 1.1671
vt 0.8092 1.1671
vt 0.8330 1.1671
vt 0.8475 1.1671
vt 0.8633 1.2241
vt 0.8582 1.2241
vt 0.8433 1.2241
vt 0.8187 1.2241
vt 0.7851 1.2241
vt 0.7431 1.2241
vt 0.6934 1.2241
vt 0.6370 1.2241
vt 0.5740 1.2241
vt 0.5000 1.2241
vt 0.4260 1.2241
vt 0.3630 1.2241
vt 0.3066 1.2241
vt 0.2569 1.2241
vt 0.2149 1.2241
vt 0.1813 1.2241
vt 0.1567 1.2241
vt 0.1418 1.2241
vt 0.1367 1.2241
vt 0.1418 1.2241
vt 0.1567 1.2241
vt 0.1813 1.2241
vt 0.2149 1.2241
vt 0.2569 1.2241
vt 0.3066 1.2241
vt 0.3630 1.2241
vt 0.4260 1.2241
vt 0.5000 1.2241
vt 0.5740 1.2241
vt 0.6370 1.2241
vt 0.6934 1.2241
vt 0.7431 1.2241
vt 0.7851 1.2241
vt 0.8187 1.2241
vt 0.8433 1.2241
vt 0.8582 1.2241
vt 0.8725 1.2763
vt 0.8673 1.2763
vt 0.8520 1.2763
vt 0.8268 1.2763
vt 0.7923 1.2763
vt 0.7492 1.2763
vt 0.6984 1.2763
vt 0.6404 1.2763
vt 0.5758 1.2763
vt 0.5000 1.2763
vt 0.4242 1.2763
vt 0.3596 1.2763
vt 0.3016 1.2763
vt 0.2508 1.2763
vt 0.2077 1.2763
vt 0.1732 1.2763
vt 0.1480 1.2763
vt 0.1327 1.2763
vt 0.1275 1.2763
vt 0.1327 1.2763
vt 0.1480 1.2763
vt 0.1732 1.2763
vt 0.2077 1.2763
vt 0.2508 1.2763
vt 0.3016 1.2763
vt 0.3596 1.2763
vt 0.4242 1.2763
vt 0.5000 1.2763
vt 0.5758 1.2763
vt 0.6404 1.2763
vt 0.6984 1.2763
vt 0.7492 1.2763
vt 0.7923 1.2763
vt 0.8268 1.2763
vt 0.8520 1.2763
vt 0.8673 1.2763
vt 0.8791 1.3222
vt 0.8739 1.3222
vt 0.8583 1.3222
vt 0.8326 1.3222
vt 0.7975 1.3222
vt 0.7537 1.3222
vt 0.7019 1.3222
vt 0.6429 1.3222
vt 0.5772 1.3222
vt 0.5000 1.3222
vt 0.4228 1.3222
vt 0.3571 1.3222
vt 0.2981 1.3222
vt 0.2463 1.3222
vt 0.2025 1.3222
vt 0.1674 1.3222
vt 0.1417 1.3222
vt 0.1261 1.3222
vt 0.1209 1.3222
vt 0.1261 1.3222
vt 0.1417 1.3222
vt 0.1674 1.3222
vt 0.2025 1.3222
vt 0.2463 1.3222
vt 0.2981 1.3222
vt 0.3571 1.3222
vt 0.4228 1.3222
vt 0.5000 1.3222
vt 0.5772 1.3222
vt 0.6429 1.3222
vt 0.7019 1.3222
vt 0.7537 1.3222
vt 0.7975 1.3222
vt 0.8326 1.3222
vt 0.8583 1.3222
vt 0.8739 1.3222
vt 0.8851 1.3638
vt 0.8798 1.3638
vt 0.8639 1.3638
vt 0.8379 1.3638
vt 0.8022 1.3638
vt 0.7577 1.3638
vt 0.7051 1.3638
vt 0.6452 1.3638
vt 0.5784 1.3638
vt 0.5000 1.3638
vt 0.4216 1.3638
vt 0.3548 1.3638
vt 0.2949 1.3638
vt 0.2423 1.3638
vt 0.1978 1.3638
vt 0.1621 1.3638
vt 0.1361 1.3638
vt 0.1202 1.3638
vt 0.1149 1.3638
vt 0.1202 1.3638
vt 0.1361 1.3638
vt 0.1621 1.3638
vt 0.1978 1.3638
vt 0.2423 1.3638
vt 0.2949 1.3638
vt 0.3548 1.3638
vt 0.4216 1.3638
vt 0.5000 1.3638
vt 0.5784 1.3638
vt 0.6452 1.3638
vt 0.7051 1.3638
vt 0.7577 1.3638
vt 0.8022 1.3638
vt 0.8379 1.3638
vt 0.8639 1.3638
vt 0.8798 1.3638
vt 0.8898 1.4016
vt 0.8844 1.4016
vt 0.8684 1.4016
vt 0.8420 1.4016
vt 0.8059 1.4016
vt 0.7608 1.4016
vt 0.7076 1.4016
vt 0.6470 1.4016
vt 0.5794 1.4016
vt 0.5000 1.4016
vt 0.4206 1.4016
vt 0.3530 1.4016
vt 0.2924 1.4016
vt 0.2392 1.4016
vt 0.1941 1.4016
vt 0.1580 1.4016
vt 0.1316 1.4016
vt 0.1156 1.4016
vt 0.1102 1.4016
vt 0.1156 1.4016
vt 0.1316 1.4016
vt 0.1580 1.4016
vt 0.1941 1.4016
vt 0.2392 1.4016
vt 0.2924 1.4016
vt 0.3530 1.4016
vt 0.4206 1.4016
vt 0.5000 1.4016
vt 0.5794 1.4016
vt 0.6470 1.4016
vt 0.7076 1.4016
vt 0.7608 1.4016
vt 0.8059 1.4016
vt 0.8420 1.4016
vt 0.8684 1.4016
vt 0.8844 1.4016
vt 0.8920 1.4360
vt 0.8866 1.4360
vt 0.8704 1.4360
vt 0.8439 1.4360
vt 0.8076 1.4360
vt 0.7623 1.4360
vt 0.7087 1.4360
vt 0.6478 1.4360
vt 0.5798 1.4360
vt 0.5000 1.4360
vt 0.4202 1.4360
vt 0.3522 1.4360
vt 0.2913 1.4360
vt 0.2377 1.4360
vt 0.1924 1.4360
vt 0.1561 1.4360
vt 0.1296 1.4360
vt 0.1134 1.4360
vt 0.1080 1.4360
vt 0.1134 1.4360
vt 0.1296 1.4360
vt 0.1561 1.4360
vt 0.1924 1.4360
vt 0.2377 1.4360
vt 0.2913 1.4360
vt 0.3522 1.4360
vt 0.4202 1.4360
vt 0.5000 1.4360
vt 0.5798 1.4360
vt 0.6478 1.4360
vt 0.7087 1.4360
vt 0.7623 1.4360
vt 0.8076 1.4360
vt 0.8439 1.4360
vt 0.8704 1.4360
vt 0.8866 1.4360
vt 0.8880 1.4667
vt 0.8827 1.4667
vt 0.8667 1.4667
vt 0.8405 1.4667
vt 0.8045 1.4667
vt 0.7596 1.4667
vt 0.7066 1.4667
vt 0.6463 1.4667
vt 0.5790 1.4667
vt 0.5000 1.4667
vt 0.4210 1.4667
vt 0.3537 1.4667
vt 0.2934 1.4667
vt 0.2404 1.4667
vt 0.1955 1.4667
vt 0.1595 1.4667
vt 0.1333 1.4667
vt 0.1173 1.4667
vt 0.1120 1.4667
vt 0.1173 1.4667
vt 0.1333 1.4667
vt 0.1595 1.4667
vt 0.1955 1.4667
vt 0.2404 1.4667
vt 0.2934 1.4667
vt 0.3537 1.4667
vt 0.4210 1.4667
vt 0.5000 1.4667
vt 0.5790 1.4667
vt 0.6463 1.4667
vt 0.7066 1.4667
vt 0.7596 1.4667
vt 0.8045 1.4667
vt 0.8405 1.4667
vt 0.8667 1.4667
vt 0.8827 1.4667
vt 0.8757 1.4944
vt 0.8705 1.4944
vt 0.8550 1.4944
vt 0.8296 1.4944
vt 0.7949 1.4944
vt 0.7514 1.4944
vt 0.7001 1.4944
vt 0.6417 1.4944
vt 0.5765 1.4944
vt 0.5000 1.4944
vt 0.4235 1.4944
vt 0.3583 1.4944
vt 0.2999 1.4944
vt 0.2486 1.4944
vt 0.2051 1.4944
vt 0.1704 1.4944
vt 0.1450 1.4944
vt 0.1295 1.4944
vt 0.1243 1.4944
vt 0.1295 1.4944
vt 0.1450 1.4944
vt 0.1704 1.4944
vt 0.2051 1.4944
vt 0.2486 1.4944
vt 0.2999 1.4944
vt 0.3583 1.4944
vt 0.4235 1.4944
vt 0.5000 1.4944
vt 0.5765 1.4944
vt 0.6417 1.4944
vt 0.7001 1.4944
vt 0.7514 1.4944
vt 0.7949 1.4944
vt 0.8296 1.4944
vt 0.8550 1.4944
vt 0.8705 1.4944
vt 0.8583 1.5206
vt 0.8534 1.5206
vt 0.8386 1.5206
vt 0.8144 1.5206
vt 0.7812 1.5206
vt 0.7398 1.5206
vt 0.6908 1.5206
vt 0.6351 1.5206
vt 0.5730 1.5206
vt 0.5000 1.5206
vt 0.4270 1.5206
vt 0.3649 1.5206
vt 0.3092 1.5206
vt 0.2602 1.5206
vt 0.2188 1.5206
vt 0.1856 1.5206
vt 0.1614 1.5206
vt 0.1466 1.5206
vt 0.1417 1.5206
vt 0.1466 1.5206
vt 0.1614 1.5206
vt 0.1856 1.5206
vt 0.2188 1.5206
vt 0.2602 1.5206
vt 0.3092 1.5206
vt 0.3649 1.5206
vt 0.4270 1.5206
vt 0.5000 1.5206
vt 0.5730 1.5206
vt 0.6351 1.5206
vt 0.6908 1.5206
vt 0.7398 1.5206
vt 0.7812 1.5206
vt 0.8144 1.5206
vt 0.8386 1.5206
vt 0.8534 1.5206
vt 0.8387 1.5465
vt 0.8340 1.5465
vt 0.8200 1.5465
vt 0.7972 1.5465
vt 0.7658 1.5465
vt 0.7266 1.5465
vt 0.6803 1.5465
vt 0.6277 1.5465
vt 0.5690 1.5465
vt 0.5000 1.5465
vt 0.4310 1.5465
vt 0.3723 1.5465
vt 0.3197 1.5465
vt 0.2734 1.5465
vt 0.2342 1.5465
vt 0.2028 1.5465
vt 0.1800 1.5465
vt 0.1660 1.5465
vt 0.1613 1.5465
vt 0.1660 1.5465
vt 0.1800 1.5465
vt 0.2028 1.5465
vt 0.2342 1.5465
vt 0.2734 1.5465
vt 0.3197 1.5465
vt 0.3723 1.5465
vt 0.4310 1.5465
vt 0.5000 1.5465
vt 0.5690 1.5465
vt 0.6277 1.5465
vt 0.6803 1.5465
vt 0.7266 1.5465
vt 0.7658 1.5465
vt 0.7972 1.5465
vt 0.8200 1.5465
vt 0.8340 1.5465
vt 0.8083 1.5726
vt 0.8041 1.5726
vt 0.7914 1.5726
vt 0.7705 1.5726
vt 0.7420 1.5726
vt 0.7063 1.5726
vt 0.6642 1.5726
vt 0.6163 1.5726
vt 0.5628 1.5726
vt 0.5000 1.5726
vt 0.4372 1.5726
vt 0.3837 1.5726
vt 0.3358 1.5726
vt 0.2937 1.5726
vt 0.2580 1.5726
vt 0.2295 1.5726
vt 0.2086 1.5726
vt 0.1959 1.5726
vt 0.1917 1.5726
vt 0.1959 1.5726
vt 0.2086 1.5726
vt 0.2295 1.5726
vt 0.2580 1.5726
vt 0.2937 1.5726
vt 0.3358 1.5726
vt 0.3837 1.5726
vt 0.4372 1.5726
vt 0.5000 1.5726
vt 0.5628 1.5726
vt 0.6163 1.5726
vt 0.6642 1.5726
vt 0.7063 1.5726
vt 0.7420 1.5726
vt 0.7705 1.5726
vt 0.7914 1.5726
vt 0.8041 1.5726
vt 0.7700 1.5979
vt 0.7663 1.5979
vt 0.7551 1.5979
vt 0.7369 1.5979
vt 0.7119 1.5979
vt 0.6807 1.5979
vt 0.6438 1.5979
vt 0.6018 1.5979
vt 0.5550 1.5979
vt 0.5000 1.5979
vt 0.4450 1.5979
vt 0.3982 1.5979
vt 0.3562 1.5979
vt 0.3193 1.5979
vt 0.2881 1.5979
vt 0.2631 1.5979
vt 0.2449 1.5979
vt 0.2337 1.5979
vt 0.2300 1.5979
vt 0.2337 1.5979
vt 0.2449 1.5979
vt 0.2631 1.5979
vt 0.2881 1.5979
vt 0.3193 1.5979
vt 0.3562 1.5979
vt 0.3982 1.5979
vt 0.4450 1.5979
vt 0.5000 1.5979
vt 0.5550 1.5979
vt 0.6018 1.5979
vt 0.6438 1.5979
vt 0.6807 1.5979
vt 0.7119 1.5979
vt 0.7369 1.5979
vt 0.7551 1.5979
vt 0.7663 1.5979
vt 0.7322 1.6217
vt 0.7290 1.6217
vt 0.7195 1.6217
vt 0.7038 1.6217
vt 0.6823 1.6217
vt 0.6554 1.6217
vt 0.6237 1.6217
vt 0.5876 1.6217
vt 0.5473 1.6217
vt 0.5000 1.6217
vt 0.4527 1.6217
vt 0.4124 1.6217
vt 0.3763 1.6217
vt 0.3446 1.6217
vt 0.3177 1.6217
vt 0.2962 1.6217
vt 0.2805 1.6217
vt 0.2710 1.6217
vt 0.2678 1.6217
vt 0.2710 1.6217
vt 0.2805 1.6217
vt 0.2962 1.6217
vt 0.3177 1.6217
vt 0.3446 1.6217
vt 0.3763 1.6217
vt 0.4124 1.6217
vt 0.4527 1.6217
vt 0.5000 1.6217
vt 0.5473 1.6217
vt 0.5876 1.6217
vt 0.6237 1.6217
vt 0.6554 1.6217
vt 0.6823 1.6217
vt 0.7038 1.6217
vt 0.7195 1.6217
vt 0.7290 1.6217
vt 0.7015 1.6431
vt 0.6987 1.6431
vt 0.6904 1.6431
vt 0.6768 1.6431
vt 0.6581 1.6431
vt 0.6348 1.6431
vt 0.6073 1.6431
vt 0.5760 1.6431
vt 0.5410 1.6431
vt 0.5000 1.6431
vt 0.4590 1.6431
vt 0.4240 1.6431
vt 0.3927 1.6431
vt 0.3652 1.6431
vt 0.3419 1.6431
vt 0.3232 1.6431
vt 0.3096 1.6431
vt 0.3013 1.6431
vt 0.2985 1.6431
vt 0.3013 1.6431
vt 0.3096 1.6431
vt 0.3232 1.6431
vt 0.3419 1.6431
vt 0.3652 1.6431
vt 0.3927 1.6431
vt 0.4240 1.6431
vt 0.4590 1.6431
vt 0.5000 1.6431
vt 0.5410 1.6431
vt 0.5760 1.6431
vt 0.6073 1.6431
vt 0.6348 1.6431
vt 0.6581 1.6431
vt 0.6768 1.6431
vt 0.6904 1.6431
vt 0.6987 1.6431
vt 0.6737 1.6626
vt 0.6713 1.6626
vt 0.6642 1.6626
vt 0.6524 1.6626
vt 0.6363 1.6626
vt 0.6162 1.6626
vt 0.5925 1.6626
vt 0.5655 1.6626
vt 0.5354 1.6626
vt 0.5000 1.6626
vt 0.4646 1.6626
vt 0.4345 1.6626
vt 0.4075 1.6626
vt 0.3838 1.6626
vt 0.3637 1.6626
vt 0.3476 1.6626
vt 0.3358 1.6626
vt 0.3287 1.6626
vt 0.3263 1.6626
vt 0.3287 1.6626
vt 0.3358 1.6626
vt 0.3476 1.6626
vt 0.3637 1.6626
vt 0.3838 1.6626
vt 0.4075 1.6626
vt 0.4345 1.6626
vt 0.4646 1.6626
vt 0.5000 1.6626
vt 0.5354 1.6626
vt 0.5655 1.6626
vt 0.5925 1.6626
vt 0.6162 1.6626
vt 0.6363 1.6626
vt 0.6524 1.6626
vt 0.6642 1.6626
vt 0.6713 1.6626
vt 0.6470 1.6812
vt 0.6450 1.6812
vt 0.6389 1.6812
vt 0.6290 1.6812
vt 0.6154 1.6812
vt 0.5984 1.6812
vt 0.5783 1.6812
vt 0.5554 1.6812
vt 0.5299 1.6812
vt 0.5000 1.6812
vt 0.4701 1.6812
vt 0.4446 1.6812
vt 0.4217 1.6812
vt 0.4016 1.6812
vt 0.3846 1.6812
vt 0.3710 1.6812
vt 0.3611 1.6812
vt 0.3550 1.6812
vt 0.3530 1.6812
vt 0.3550 1.6812
vt 0.3611 1.6812
vt 0.3710 1.6812
vt 0.3846 1.6812
vt 0.4016 1.6812
vt 0.4217 1.6812
vt 0.4446 1.6812
vt 0.4701 1.6812
vt 0.5000 1.6812
vt 0.5299 1.6812
vt 0.5554 1.6812
vt 0.5783 1.6812
vt 0.5984 1.6812
vt 0.6154 1.6812
vt 0.6290 1.6812
vt 0.6389 1.6812
vt 0.6450 1.6812
vt 0.6200 1.7000
vt 0.6183 1.7000
vt 0.6134 1.7000
vt 0.6053 1.7000
vt 0.5942 1.7000
vt 0.5803 1.7000
vt 0.5639 1.7000
vt 0.5452 1.7000
vt 0.5244 1.7000
vt 0.5000 1.7000
vt 0.4756 1.7000
vt 0.4548 1.7000
vt 0.4361 1.7000
vt 0.4197 1.7000
vt 0.4058 1.7000
vt 0.3947 1.7000
vt 0.3866 1.7000
vt 0.3817 1.7000
vt 0.3800 1.7000
vt 0.3817 1.7000
vt 0.3866 1.7000
vt 0.3947 1.7000
vt 0.4058 1.7000
vt 0.4197 1.7000
vt 0.4361 1.7000
vt 0.4548 1.7000
vt 0.4756 1.7000
vt 0.5000 1.7000
vt 0.5244 1.7000
vt 0.5452 1.7000
vt 0.5639 1.7000
vt 0.5803 1.7000
vt 0.5942 1.7000
vt 0.6053 1.7000
vt 0.6134 1.7000
vt 0.6183 1.7000
vt 0.5000 0.4200
vt 0.5000 1.7000
f 1/1/1 38/38/38 2/2/2
f 1/1/1 37/37/37 38/38/38
f 2/2/2 39/39/39 3/3/3
f 2/2/2 38/38/38 39/39/39
f 3/3/3 40/40/40 4/4/4
f 3/3/3 39/39/39 40/40/40
f 4/4/4 41/41/41 5/5/5
f 4/4/4 40/40/40 41/41/41
f 5/5/5 42/42/42 6/6/6
f 5/5/5 41/41/41 42/42/42
f 6/6/6 43/43/43 7/7/7
f 6/6/6 42/42/42 43/43/43
f 7/7/7 44/44/44 8/8/8
f 7/7/7 43/43/43 44/44/44
f 8/8/8 45/45/45 9/9/9
f 8/8/8 44/44/44 45/45/45
f 9/9/9 46/46/46 10/10/10
f 9/9/9 45/45/45 46/46/46
f 10/10/10 47/47/47 11/11/11
f 10/10/10 46/46/46 47/47/47
f 11/11/11 48/48/48 12/12/12
f 11/11/11 47/47/47 48/48/48
f 12/12/12 49/49/49 13/13/13
f 12/12/12 48/48/48 49/49/49
f 13/13/13 50/50/50 14/14/14
f 13/13/13 49/49/49 50/50/50
f 14/14/14 51/51/51 15/15/15
f 14/14/14 50/50/50 51/51/51
f 15/15/15 52/52/52 16/16/16
f 15/15/15 51/51/51 52/52/52
f 16/16/16 53/53/53 17/17/17
f 16/16/16 52/52/52 53/53/53
f 17/17/17 54/54/54 18/18/18
f 17/17/17 53/53/53 54/54/54
f 18/18/18 55/55/55 19/19/19
f 18/18/18 54/54/54 55/55/55
f 19/19/19 56/56/56 20/20/20
f 19/19/19 55/55/55 56/56/56
f 20/20/20 57/57/57 21/21/21
f 20/20/20 56/56/56 57/57/57
f 21/21/21 58/58/58 22/22/22
f 21/21/21 57/57/57 58/58/58
f 22/22/22 59/59/59 23/23/23
f 22/22/22 58/58/58 59/59/59
f 23/23/23 60/60/60 24/24/24
f 23/23/23 59/59/59 60/60/60
f 24/24/24 61/61/61 25/25/25
f 24/24/24 60/60/60 61/61/61
f 25/25/25 62/62/62 26/26/26
f 25/25/25 61/61/61 62/62/62
f 26/26/26 63/63/63 27/27/27
f 26/26/26 62/62/62 63/63/63
f 27/27/27 64/64/64 28/28/28
f 27/27/27 63/63/63 64/64/64
f 28/28/28 65/65/65 29/29/29
f 28/28/28 64/64/64 65/65/65
f 29/29/29 66/66/66 30/30/30
f 29/29/29 65/65/65 66/66/66
f 30/30/30 67/67/67 31/31/31
f 30/30/30 66/66/66 67/67/67
f 31/31/31 68/68/68 32/32/32
f 31/31/31 67/67/67 68/68/68
f 32/32/32 69/69/69 33/33/33
f 32/32/32 68/68/68 69/69/69
f 33/33/33 70/70/70 34/34/34
f 33/33/33 69/69/69 70/70/70
f 34/34/34 71/71/71 35/35/35
f 34/34/34 70/70/70 71/71/71
f 35/35/35 72/72/72 36/36/36
f 35/35/35 71/71/71 72/72/72
f 36/36/36 37/37/37 1/1/1
f 36/36/36 72/72/72 37/37/37
f 37/37/37 74/74/74 38/38/38
f 37/37/37 73/73/73 74/74/74
f 38/38/38 75/75/75 39/39/39
f 38/38/38 74/74/74 75/75/75
f 39/39/39 76/76/76 40/40/40
f 39/39/39 75/75/75 76/76/76
f 40/40/40 77/77/77 41/41/41
f 40/40/40 76/76/76 77/77/77
f 41/41/41 78/78/78 42/42/42
f 41/41/41 77/77/77 78/78/78
f 42/42/42 79/79/79 43/43/43
f 42/42/42 78/78/78 79/79/79
f 43/43/43 80/80/80 44/44/44
f 43/43/43 79/79/79 80/80/80
f 44/44/44 81/81/81 45/45/45
f 44/44/44 80/80/80 81/81/81
f 45/45/45 82/82/82 46/46/46
f 45/45/45 81/81/81 82/82/82
f 46/46/46 83/83/83 47/47/47
f 46/46/46 82/82/82 83/83/83
f 47/47/47 84/84/84 48/48/48
f 47/47/47 83/83/83 84/84/84
f 48/48/48 85/85/85 49/49/49
f 48/48/48 84/84/84 85/85/85
f 49/49/49 86/86/86 50/50/50
f 49/49/49 85/85/85 86/86/86
f 50/50/50 87/87/87 51/51/51
f 50/50/50 86/86/86 87/87/87
f 51/51/51 88/88/88 52/52/52
f 51/51/51 87/87/87 88/88/88
f 52/52/52 89/89/89 53/53/53
f 52/52/52 88/88/88 89/89/89
f 53/53/53 90/90/90 54/54/54
f 53/53/53 89/89/89 90/90/90
f 54/54/54 91/91/91 55/55/55
f 54/54/54 90/90/90 91/91/91
f 55/55/55 92/92/92 56/56/56
f 55/55/55 91/91/91 92/92/92
f 56/56/56 93/93/93 57/57/57
f 56/56/56 92/92/92 93/93/93
f 57/57/57 94/94/94 58/58/58
f 57/57/57 93/93/93 94/94/94
f 58/58/58 95/95/95 59/59/59
f 58/58/58 94/94/94 95/95/95
f 59/59/59 96/96/96 60/60/60
f 59/59/59 95/95/95 96/96/96
f 60/60/60 97/97/97 61/61/61
f 60/60/60 96/96/96 97/97/97
f 61/61/61 98/98/98 62/62/62
f 61/61/61 97/97/97 98/98/98
f 62/62/62 99/99/99 63/63/63
f 62/62/62 98/98/98 99/99/99
f 63/63/63 100/100/100 64/64/64
f 63/63/63 99/99/99 100/100/100
f 64/64/64 101/101/101 65/65/65
f 64/64/64 100/100/100 101/101/101
f 65/65/65 102/102/102 66/66/66
f 65/65/65 101/101/101 102/102/102
f 66/66/66 103/103/103 67/67/67
f 66/66/66 102/102/102 103/103/103
f 67/67/67 104/104/104 68/68/68
f 67/67/67 103/103/103 104/104/104
f 68/68/68 105/105/105 69/69/69
f 68/68/68 104/104/104 105/105/105
f 69/69/69 106/106/106 70/70/70
f 69/69/69 105/105/105 106/106/106
f 70/70/70 107/107/107 71/71/71
f 70/70/70 106/106/106 107/107/107
f 71/71/71 108/108/108 72/72/72
f 71/71/71 107/107/107 108/108/108
f 72/72/72 73/73/73 37/37/37
f 72/72/72 108/108/108 73/73/73
f 73/73/73 110/110/110 74/74/74
f 73/73/73 109/109/109 110/110/110
f 74/74/74 111/111/111 75/75/75
f 74/74/74 110/110/110 111/111/111
f 75/75/75 112/112/112 76/76/76
f 75/75/75 111/111/111 112/112/112
f 76/76/76 113/113/113 77/77/77
f 76/76/76 112/112/112 113/113/113
f 77/77/77 114/114/114 78/78/78
f 77/77/77 113/113/113 114/114/114
f 78/78/78 115/115/115 79/79/79
f 78/78/78 114/114/114 115/115/115
f 79/79/79 116/116/116 80/80/80
f 79/79/79 115/115/115 116/116/116
f 80/80/80 117/117/117 81/81/81
f 80/80/80 116/116/116 117/117/117
f 81/81/81 118/118/118 82/82/82
f 81/81/81 117/117/117 118/118/118
f 82/82/82 119/119/119 83/83/83
f 82/82/82 118/118/118 119/119/119
f 83/83/83 120/120/120 84/84/84
f 83/83/83 119/119/119 120/120/120
f 84/84/84 121/121/121 85/85/85
f 84/84/84 120/120/120 121/121/121
f 85/85/85 122/122/122 86/86/86
f 85/85/85 121/121/121 122/122/122
f 86/86/86 123/123/123 87/87/87
f 86/86/86 122/122/122 123/123/123
f 87/87/87 124/124/124 88/88/88
f 87/87/87 123/123/123 124/124/124
f 88/88/88 125/125/125 89/89/89
f 88/88/88 124/124/124 125/125/125
f 89/89/89 126/126/126 90/90/90
f 89/89/89 125/125/125 126/126/126
f 90/90/90 127/127/127 91/91/91
f 90/90/90 126/126/126 127/127/127
f 91/91/91 128/128/128 92/92/92
f 91/91/91 127/127/127 128/128/128
f 92/92/92 129/129/129 93/93/93
f 92/92/92 128/128/128 129/129/129
f 93/93/93 130/130/130 94/94/94
f 93/93/93 129/129/129 130/130/130
f 94/94/94 131/131/131 95/95/95
f 94/94/94 130/130/130 131/131/131
f 95/95/95 132/132/132 96/96/96
f 95/95/95 131/131/131 132/132/132
f 96/96/96 133/133/133 97/97/97
f 96/96/96 132/132/132 133/133/133
f 97/97/97 134/134/134 98/98/98
f 97/97/97 133/133/133 134/134/134
f 98/98/98 135/135/135 99/99/99
f 98/98/98 134/134/134 135/135/135
f 99/99/99 136/136/136 100/100/100
f 99/99/99 135/135/135 136/136/136
f 100/100/100 137/137/137 101/101/101
f 100/100/100 136/136/136 137/137/137
f 101/101/101 138/138/138 102/102/102
f 101/101/101 137/137/137 138/138/138
f 102/102/102 139/139/139 103/103/103
f 102/102/102 138/138/138 139/139/139
f 103/103/103 140/140/140 104/104/104
f 103/103/103 139/139/139 140/140/140
f 104/104/104 141/141/141 105/105/105
f 104/104/104 140/140/140 141/141/141
f 105/105/105 142/142/142 106/106/106
f 105/105/105 141/141/141 142/142/142
f 106/106/106 143/143/143 107/107/107
f 106/106/106 142/142/142 143/143/143
f 107/107/107 144/144/144 108/108/108
f 107/107/107 143/143/143 144/144/144
f 108/108/108 109/109/109 73/73/73
f 108/108/108 144/144/144 109/109/109
f 109/109/109 146/146/146 110/110/110
f 109/109/109 145/145/145 146/146/146
f 110/110/110 147/147/147 111/111/111
f 110/110/110 146/146/146 147/147/147
f 111/111/111 148/148/148 112/112/112
f 111/111/111 147/147/147 148/148/148
f 112/112/112 149/149/149 113/113/113
f 112/112/112 148/148/148 149/149/149
f 113/113/113 150/150/150 114/114/114
f 113/113/113 149/149/149 150/150/150
f 114/114/114 151/151/151 115/115/115
f 114/114/114 150/150/150 151/151/151
f 115/115/115 152/152/152 116/116/116
f 115/115/115 151/151/151 152/152/152
f 116/116/116 153/153/153 117/117/117
f 116/116/116 152/152/152 153/153/153
f 117/117/117 154/154/154 118/118/118
f 117/117/117 153/153/153 154/154/154
f 118/118/118 155/155/155 119/119/119
f 118/118/118 154/154/154 155/155/155
f 119/119/119 156/156/156 120/120/120
f 119/119/119 155/155/155 156/156/156
f 120/120/120 157/157/157 121/121/121
f 120/120/120 156/156/156 157/157/157
f 121/121/121 158/158/158 122/122/122
f 121/121/121 157/157/157 158/158/158
f 122/122/122 159/159/159 123/123/123
f 122/122/122 158/158/158 159/159/159
f 123/123/123 160/160/160 124/124/124
f 123/123/123 159/159/159 160/160/160
f 124/124/124 161/161/161 125/125/125
f 124/124/124 160/160/160 161/161/161
f 125/125/125 162/162/162 126/126/126
f 125/125/125 161/161/161 162/162/162
f 126/126/126 163/163/163 127/127/127
f 126/126/126 162/162/162 163/163/163
f 127/127/127 164/164/164 128/128/128
f 127/127/127 163/163/163 164/164/164
f 128/128/128 165/165/165 129/129/129
f 128/128/128 164/164/164 165/165/165
f 129/129/129 166/166/166 130/130/130
f 129/129/129 165/165/165 166/166/166
f 130/130/130 167/167/167 131/131/131
f 130/130/130 166/166/166 167/167/167
f 131/131/131 168/168/168 132/132/132
f 131/131/131 167/167/167 168/168/168
f 132/132/132 169/169/169 133/133/133
f 132/132/132 168/168/168 169/169/169
f 133/133/133 170/170/170 134/134/134
f 133/133/133 169/169/169 170/170/170
f 134/134/134 171/171/171 135/135/135
f 134/134/134 170/170/170 171/171/171
f 135/135/135 172/172/172 136/136/136
f 135/135/135 171/171/171 172/172/172
f 136/136/136 173/173/173 137/137/137
f 136/136/136 172/172/172 173/173/173
f 137/137/137 174/174/174 138/138/138
f 137/137/137 173/173/173 174/174/174
f 138/138/138 175/175/175 139/139/139
f 138/138/138 174/174/174 175/175/175
f 139/139/139 176/176/176 140/140/140
f 139/139/139 175/175/175 176/176/176
f 140/140/140 177/177/177 141/141/141
f 140/140/140 176/176/176 177/177/177
f 141/141/141 178/178/178 142/142/142
f 141/141/141 177/177/177 178/178/178
f 142/142/142 179/179/179 143/143/143
f 142/142/142 178/178/178 179/179/179
f 143/143/143 180/180/180 144/144/144
f 143/143/143 179/179/179 180/180/180
f 144/144/144 145/145/145 109/109/109
f 144/144/144 180/180/180 145/145/145
f 145/145/145 182/182/182 146/146/146
f 145/145/145 181/181/181 182/182/182
f 146/146/146 183/183/183 147/147/147
f 146/146/146 182/182/182 183/183/183
f 147/147/147 184/184/184 148/148/148
f 147/147/147 183/183/183 184/184/184
f 148/148/148 185/185/185 149/149/149
f 148/148/148 184/184/184 185/185/185
f 149/149/149 186/186/186 150/150/150
f 149/149/149 185/185/185 186/186/186
f 150/150/150 187/187/187 151/151/151
f 150/150/150 186/186/186 187/187/187
f 151/151/151 188/188/188 152/152/152
f 151/151/151 187/187/187 188/188/188
f 152/152/152 189/189/189 153/153/153
f 152/152/152 188/188/188 189/189/189
f 153/153/153 190/190/190 154/154/154
f 153/153/153 189/189/189 190/190/190
f 154/154/154 191/191/191 155/155/155
f 154/154/154 190/190/190 191/191/191
f 155/155/155 192/192/192 156/156/156
f 155/155/155 191/191/191 192/192/192
f 156/156/156 193/193/193 157/157/157
f 156/156/156 192/192/192 193/193/193
f 157/157/157 194/194/194 158/158/158
f 157/157/157 193/193/193 194/194/194
f 158/158/158 195/195/195 159/159/159
f 158/158/158 194/194/194 195/195/195
f 159/159/159 196/196/196 160/160/160
f 159/159/159 195/195/195 196/196/196
f 160/160/160 197/197/197 161/161/161
f 160/160/160 196/196/196 197/197/197
f 161/161/161 198/198/198 162/162/162
f 161/161/161 197/197/197 198/198/198
f 162/162/162 199/199/199 163/163/163
f 162/162/162 198/198/198 199/199/199
f 163/163/163 200/200/200 164/164/164
f 163/163/163 199/199/199 200/200/200
f 164/164/164 201/201/201 165/165/165
f 164/164/164 200/200/200 201/201/201
f 165/165/165 202/202/202 166/166/166
f 165/165/165 201/201/201 202/202/202
f 166/166/166 203/203/203 167/167/167
f 166/166/166 202/202/202 203/203/203
f 167/167/167 204/204/204 168/168/168
f 167/167/167 203/203/203 204/204/204
f 168/168/168 205/205/205 169/169/169
f 168/168/168 204/204/204 205/205/205
f 169/169/169 206/206/206 170/170/170
f 169/169/169 205/205/205 206/206/206
f 170/170/170 207/207/207 171/171/171
f 170/170/170 206/206/206 207/207/207
f 171/171/171 208/208/208 172/172/172
f 171/171/171 207/207/207 208/208/208
f 172/172/172 209/209/209 173/173/173
f 172/172/172 208/208/208 209/209/209
f 173/173/173 210/210/210 174/174/174
f 173/173/173 209/209/209 210/210/210
f 174/174/174 211/211/211 175/175/175
f 174/174/174 210/210/210 211/211/211
f 175/175/175 212/212/212 176/176/176
f 175/175/175 211/211/211 212/212/212
f 176/176/176 213/213/213 177/177/177
f 176/176/176 212/212/212 213/213/213
f 177/177/177 214/214/214 178/178/178
f 177/177/177 213/213/213 214/214/214
f 178/178/178 215/215/215 179/179/179
f 178/178/178 214/214/214 215/215/215
f 179/179/179 216/216/216 180/180/180
f 179/179/179 215/215/215 216/216/216
f 180/180/180 181/181/181 145/145/145
f 180/180/180 216/216/216 181/181/181
f 181/181/181 218/218/218 182/182/182
f 181/181/181 217/217/217 218/218/218
f 182/182/182 219/219/219 183/183/183
f 182/182/182 218/218/218 219/219/219
f 183/183/183 220/220/220 184/184/184
f 183/183/183 219/219/219 220/220/220
f 184/184/184 221/221/221 185/185/185
f 184/184/184 220/220/220 221/221/221
f 185/185/185 222/222/222 186/186/186
f 185/185/185 221/221/221 222/222/222
f 186/186/186 223/223/223 187/187/187
f 186/186/186 222/222/222 223/223/223
f 187/187/187 224/224/224 188/188/188
f 187/187/187 223/223/223 224/224/224
f 188/188/188 225/225/225 189/189/189
f 188/188/188 224/224/224 225/225/225
f 189/189/189 226/226/226 190/190/190
f 189/189/189 225/225/225 226/226/226
f 190/190/190 227/227/227 191/191/191
f 190/190/190 226/226/226 227/227/227
f 191/191/191 228/228/228 192/192/192
f 191/191/191 227/227/227 228/228/228
f 192/192/192 229/229/229 193/193/193
f 192/192/192 228/228/228 229/229/229
f 193/193/193 230/230/230 194/194/194
f 193/193/193 229/229/229 230/230/230
f 194/194/194 231/231/231 195/195/195
f 194/194/194 230/230/230 231/231/231
f 195/195/195 232/232/232 196/196/196
f 195/195/195 231/231/231 232/232/232
f 196/196/196 233/233/233 197/197/197
f 196/196/196 232/232/232 233/233/233
f 197/197/197 234/234/234 198/198/198
f 197/197/197 233/233/233 234/234/234
f 198/198/198 235/235/235 199/199/199
f 198/198/198 234/234/234 235/235/235
f 199/199/199 236/236/236 200/200/200
f 199/199/199 235/235/235 236/236/236
f 200/200/200 237/237/237 201/201/201
f 200/200/200 236/236/236 237/237/237
f 201/201/201 238/238/238 202/202/202
f 201/201/201 237/237/237 238/238/238
f 202/202/202 239/239/239 203/203/203
f 202/202/202 238/238/238 239/239/239
f 203/203/203 240/240/240 204/204/204
f 203/203/203 239/239/239 240/240/240
f 204/204/204 241/241/241 205/205/205
f 204/204/204 240/240/240 241/241/241
f 205/205/205 242/242/242 206/206/206
f 205/205/205 241/241/241 242/242/242
f 206/206/206 243/243/243 207/207/207
f 206/206/206 242/242/242 243/243/243
f 207/207/207 244/244/244 208/208/208
f 207/207/207 243/243/243 244/244/244
f 208/208/208 245/245/245 209/209/209
f 208/208/208 244/244/244 245/245/245
f 209/209/209 246/246/246 210/210/210
f 209/209/209 245/245/245 246/246/246
f 210/210/210 247/247/247 211/211/211
f 210/210/210 246/246/246 247/247/247
f 211/211/211 248/248/248 212/212/212
f 211/211/211 247/247/247 248/248/248
f 212/212/212 249/249/249 213/213/213
f 212/212/212 248/248/248 249/249/249
f 213/213/213 250/250/250 214/214/214
f 213/213/213 249/249/249 250/250/250
f 214/214/214 251/251/251 215/215/215
f 214/214/214 250/250/250 251/251/251
f 215/215/215 252/252/252 216/216/216
f 215/215/215 251/251/251 252/252/252
f 216/216/216 217/217/217 181/181/181
f 216/216/216 252/252/252 217/217/217
f 217/217/217 254/254/254 218/218/218
f 217/217/217 253/253/253 254/254/254
f 218/218/218 255/255/255 219/219/219
f 218/218/218 254/254/254 255/255/255
f 219/219/219 256/256/256 220/220/220
f 219/219/219 255/255/255 256/256/256
f 220/220/220 257/257/257 221/221/221
f 220/220/220 256/256/256 257/257/257
f 221/221/221 258/258/258 222/222/222
f 221/221/221 257/257/257 258/258/258
f 222/222/222 259/259/259 223/223/223
f 222/222/222 258/258/258 259/259/259
f 223/223/223 260/260/260 224/224/224
f 223/223/223 259/259/259 260/260/260
f 224/224/224 261/261/261 225/225/225
f 224/224/224 260/260/260 261/261/261
f 225/225/225 262/262/262 226/226/226
f 225/225/225 261/261/261 262/262/262
f 226/226/226 263/263/263 227/227/227
f 226/226/226 262/262/262 263/263/263
f 227/227/227 264/264/264 228/228/228
f 227/227/227 263/263/263 264/264/264
f 228/228/228 265/265/265 229/229/229
f 228/228/228 264/264/264 265/265/265
f 229/229/229 266/266/266 230/230/230
f 229/229/229 265/265/265 266/266/266
f 230/230/230 267/267/267 231/231/231
f 230/230/230 266/266/266 267/267/267
f 231/231/231 268/268/268 232/232/232
f 231/231/231 267/267/267 268/268/268
f 232/232/232 269/269/269 233/233/233
f 232/232/232 268/268/268 269/269/269
f 233/233/233 270/270/270 234/234/234
f 233/233/233 269/269/269 270/270/270
f 234/234/234 271/271/271 235/235/235
f 234/234/234 270/270/270 271/271/271
f 235/235/235 272/272/272 236/236/236
f 235/235/235 271/271/271 272/272/272
f 236/236/236 273/273/273 237/237/237
f 236/236/236 272/272/272 273/273/273
f 237/237/237 274/274/274 238/238/238
f 237/237/237 273/273/273 274/274/274
f 238/238/238 275/275/275 239/239/239
f 238/238/238 274/274/274 275/275/275
f 239/239/239 276/276/276 240/240/240
f 239/239/239 275/275/275 276/276/276
f 240/240/240 277/277/277 241/241/241
f 240/240/240 276/276/276 277/277/277
f 241/241/241 278/278/278 242/242/242
f 241/241/241 277/277/277 278/278/278
f 242/242/242 279/279/279 243/243/243
f 242/242/242 278/278/278 279/279/279
f 243/243/243 280/280/280 244/244/244
f 243/243/243 279/279/279 280/280/280
f 244/244/244 281/281/281 245/245/245
f 244/244/244 280/280/280 281/281/281
f 245/245/245 282/282/282 246/246/246
f 245/245/245 281/281/281 282/282/282
f 246/246/246 283/283/283 247/247/247
f 246/246/246 282/282/282 283/283/283
f 247/247/247 284/284/284 248/248/248
f 247/247/247 283/283/283 284/284/284
f 248/248/248 285/285/285 249/249/249
f 248/248/248 284/284/284 285/285/285
f 249/249/249 286/286/286 250/250/250
f 249/249/249 285/285/285 286/286/286
f 250/250/250 287/287/287 251/251/251
f 250/250/250 286/286/286 287/287/287
f 251/251/251 288/288/288 252/252/252
f 251/251/251 287/287/287 288/288/288
f 252/252/252 253/253/253 217/217/217
f 252/252/252 288/288/288 253/253/253
f 253/253/253 290/290/290 254/254/254
f 253/253/253 289/289/289 290/290/290
f 254/254/254 291/291/291 255/255/255
f 254/254/254 290/290/290 291/291/291
f 255/255/255 292/292/292 256/256/256
f 255/255/255 291/291/291 292/292/292
f 256/256/256 293/293/293 257/257/257
f 256/256/256 292/292/292 293/293/293
f 257/257/257 294/294/294 258/258/258
f 257/257/257 293/293/293 294/294/294
f 258/258/258 295/295/295 259/259/259
f 258/258/258 294/294/294 295/295/295
f 259/259/259 296/296/296 260/260/260
f 259/259/259 295/295/295 296/296/296
f 260/260/260 297/297/297 261/261/261
f 260/260/260 296/296/296 297/297/297
f 261/261/261 298/298/298 262/262/262
f 261/261/261 297/297/297 298/298/298
f 262/262/262 299/299/299 263/263/263
f 262/262/262 298/298/298 299/299/299
f 263/263/263 300/300/300 264/264/264
f 263/263/263 299/299/299 300/300/300
f 264/264/264 301/301/301 265/265/265
f 264/264/264 300/300/300 301/301/301
f 265/265/265 302/302/302 266/266/266
f 265/265/265 301/301/301 302/302/302
f 266/266/266 303/303/303 267/267/267
f 266/266/266 302/302/302 303/303/303
f 267/267/267 304/304/304 268/268/268
f 267/267/267 303/303/303 304/304/304
f 268/268/268 305/305/305 269/269/269
f 268/268/268 304/304/304 305/305/305
f 269/269/269 306/306/306 270/270/270
f 269/269/269 305/305/305 306/306/306
f 270/270/270 307/307/307 271/271/271
f 270/270/270 306/306/306 307/307/307
f 271/271/271 308/308/308 272/272/272
f 271/271/271 307/307/307 308/308/308
f 272/272/272 309/309/309 273/273/273
f 272/272/272 308/308/308 309/309/309
f 273/273/273 310/310/310 274/274/274
f 273/273/273 309/309/309 310/310/310
f 274/274/274 311/311/311 275/275/275
f 274/274/274 310/310/310 311/311/311
f 275/275/275 312/312/312 276/276/276
f 275/275/275 311/311/311 312/312/312
f 276/276/276 313/313/313 277/277/277
f 276/276/276 312/312/312 313/313/313
f 277/277/277 314/314/314 278/278/278
f 277/277/277 313/313/313 314/314/314
f 278/278/278 315/315/315 279/279/279
f 278/278/278 314/314/314 315/315/315
f 279/279/279 316/316/316 280/280/280
f 279/279/279 315/315/315 316/316/316
f 280/280/280 317/317/317 281/281/281
f 280/280/280 316/316/316 317/317/317
f 281/281/281 318/318/318 282/282/282
f 281/281/281 317/317/317 318/318/318
f 282/282/282 319/319/319 283/283/283
f 282/282/282 318/318/318 319/319/319
f 283/283/283 320/320/320 284/284/284
f 283/283/283 319/319/319 320/320/320
f 284/284/284 321/321/321 285/285/285
f 284/284/284 320/320/320 321/321/321
f 285/285/285 322/322/322 286/286/286
f 285/285/285 321/321/321 322/322/322
f 286/286/286 323/323/323 287/287/287
f 286/286/286 322/322/322 323/323/323
f 287/287/287 324/324/324 288/288/288
f 287/287/287 323/323/323 324/324/324
f 288/288/288 289/289/289 253/253/253
f 288/288/288 324/324/324 289/289/289
f 289/289/289 326/326/326 290/290/290
f 289/289/289 325/325/325 326/326/326
f 290/290/290 327/327/327 291/291/291
f 290/290/290 326/326/326 327/327/327
f 291/291/291 328/328/328 292/292/292
f 291/291/291 327/327/327 328/328/328
f 292/292/292 329/329/329 293/293/293
f 292/292/292 328/328/328 329/329/329
f 293/293/293 330/330/330 294/294/294
f 293/293/293 329/329/329 330/330/330
f 294/294/294 331/331/331 295/295/295
f 294/294/294 330/330/330 331/331/331
f 295/295/295 332/332/332 296/296/296
f 295/295/295 331/331/331 332/332/332
f 296/296/296 333/333/333 297/297/297
f 296/296/296 332/332/332 333/333/333
f 297/297/297 334/334/334 298/298/298
f 297/297/297 333/333/333 334/334/334
f 298/298/298 335/335/335 299/299/299
f 298/298/298 334/334/334 335/335/335
f 299/299/299 336/336/336 300/300/300
f 299/299/299 335/335/335 336/336/336
f 300/300/300 337/337/337 301/301/301
f 300/300/300 336/336/336 337/337/337
f 301/301/301 338/338/338 302/302/302
f 301/301/301 337/337/337 338/338/338
f 302/302/302 339/339/339 303/303/303
f 302/302/302 338/338/338 339/339/339
f 303/303/303 340/340/340 304/304/304
f 303/303/303 339/339/339 340/340/340
f 304/304/304 341/341/341 305/305/305
f 304/304/304 340/340/340 341/341/341
f 305/305/305 342/342/342 306/306/306
f 305/305/305 341/341/341 342/342/342
f 306/306/306 343/343/343 307/307/307
f 306/306/306 342/342/342 343/343/343
f 307/307/307 344/344/344 308/308/308
f 307/307/307 343/343/343 344/344/344
f 308/308/308 345/345/345 309/309/309
f 308/308/308 344/344/344 345/345/345
f 309/309/309 346/346/346 310/310/310
f 309/309/309 345/345/345 346/346/346
f 310/310/310 347/347/347 311/311/311
f 310/310/310 346/346/346 347/347/347
f 311/311/311 348/348/348 312/312/312
f 311/311/311 347/347/347 348/348/348
f 312/312/312 349/349/349 313/313/313
f 312/312/312 348/348/348 349/349/349
f 313/313/313 350/350/350 314/314/314
f 313/313/313 349/349/349 350/350/350
f 314/314/314 351/351/351 315/315/315
f 314/314/314 350/350/350 351/351/351
f 315/315/315 352/352/352 316/316/316
f 315/315/315 351/351/351 352/352/352
f 316/316/316 353/353/353 317/317/317
f 316/316/316 352/352/352 353/353/353
f 317/317/317 354/354/354 318/318/318
f 317/317/317 353/353/353 354/354/354
f 318/318/318 355/355/355 319/319/319
f 318/318/318 354/354/354 355/355/355
f 319/319/319 356/356/356 320/320/320
f 319/319/319 355/355/355 356/356/356
f 320/320/320 357/357/357 321/321/321
f 320/320/320 356/356/356 357/357/357
f 321/321/321 358/358/358 322/322/322
f 321/321/321 357/357/357 358/358/358
f 322/322/322 359/359/359 323/323/323
f 322/322/322 358/358/358 359/359/359
f 323/323/323 360/360/360 324/324/324
f 323/323/323 359/359/359 360/360/360
f 324/324/324 325/325/325 289/289/289
f 324/324/324 360/360/360 325/325/325
f 325/325/325 362/362/362 326/326/326
f 325/325/325 361/361/361 362/362/362
f 326/326/326 363/363/363 327/327/327
f 326/326/326 362/362/362 363/363/363
f 327/327/327 364/364/364 328/328/328
f 327/327/327 363/363/363 364/364/364
f 328/328/328 365/365/365 329/329/329
f 328/328/328 364/364/364 365/365/365
f 329/329/329 366/366/366 330/330/330
f 329/329/329 365/365/365 366/366/366
f 330/330/330 367/367/367 331/331/331
f 330/330/330 366/366/366 367/367/367
f 331/331/331 368/368/368 332/332/332
f 331/331/331 367/367/367 368/368/368
f 332/332/332 369/369/369 333/333/333
f 332/332/332 368/368/368 369/369/369
f 333/333/333 370/370/370 334/334/334
f 333/333/333 369/369/369 370/370/370
f 334/334/334 371/371/371 335/335/335
f 334/334/334 370/370/370 371/371/371
f 335/335/335 372/372/372 336/336/336
f 335/335/335 371/371/371 372/372/372
f 336/336/336 373/373/373 337/337/337
f 336/336/336 372/372/372 373/373/373
f 337/337/337 374/374/374 338/338/338
f 337/337/337 373/373/373 374/374/374
f 338/338/338 375/375/375 339/339/339
f 338/338/338 374/374/374 375/375/375
f 339/339/339 376/376/376 340/340/340
f 339/339/339 375/375/375 376/376/376
f 340/340/340 377/377/377 341/341/341
f 340/340/340 376/376/376 377/377/377
f 341/341/341 378/378/378 342/342/342
f 341/341/341 377/377/377 378/378/378
f 342/342/342 379/379/379 343/343/343
f 342/342/342 378/378/378 379/379/379
f 343/343/343 380/380/380 344/344/344
f 343/343/343 379/379/379 380/380/380
f 344/344/344 381/381/381 345/345/345
f 344/344/344 380/380/380 381/381/381
f 345/345/345 382/382/382 346/346/346
f 345/345/345 381/381/381 382/382/382
f 346/346/346 383/383/383 347/347/347
f 346/346/346 382/382/382 383/383/383
f 347/347/347 384/384/384 348/348/348
f 347/347/347 383/383/383 384/384/384
f 348/348/348 385/385/385 349/349/349
f 348/348/348 384/384/384 385/385/385
f 349/349/349 386/386/386 350/350/350
f 349/349/349 385/385/385 386/386/386
f 350/350/350 387/387/387 351/351/351
f 350/350/350 386/386/386 387/387/387
f 351/351/351 388/388/388 352/352/352
f 351/351/351 387/387/387 388/388/388
f 352/352/352 389/389/389 353/353/353
f 352/352/352 388/388/388 389/389/389
f 353/353/353 390/390/390 354/354/354
f 353/353/353 389/389/389 390/390/390
f 354/354/354 391/391/391 355/355/355
f 354/354/354 390/390/390 391/391/391
f 355/355/355 392/392/392 356/356/356
f 355/355/355 391/391/391 392/392/392
f 356/356/356 393/393/393 357/357/357
f 356/356/356 392/392/392 393/393/393
f 357/357/357 394/394/394 358/358/358
f 357/357/357 393/393/393 394/394/394
f 358/358/358 395/395/395 359/359/359
f 358/358/358 394/394/394 395/395/395
f 359/359/359 396/396/396 360/360/360
f 359/359/359 395/395/395 396/396/396
f 360/360/360 361/361/361 325/325/325
f 360/360/360 396/396/396 361/361/361
f 361/361/361 398/398/398 362/362/362
f 361/361/361 397/397/397 398/398/398
f 362/362/362 399/399/399 363/363/363
f 362/362/362 398/398/398 399/399/399
f 363/363/363 400/400/400 364/364/364
f 363/363/363 399/399/399 400/400/400
f 364/364/364 401/401/401 365/365/365
f 364/364/364 400/400/400 401/401/401
f 365/365/365 402/402/402 366/366/366
f 365/365/365 401/401/401 402/402/402
f 366/366/366 403/403/403 367/367/367
f 366/366/366 402/402/402 403/403/403
f 367/367/367 404/404/404 368/368/368
f 367/367/367 403/403/403 404/404/404
f 368/368/368 405/405/405 369/369/369
f 368/368/368 404/404/404 405/405/405
f 369/369/369 406/406/406 370/370/370
f 369/369/369 405/405/405 406/406/406
f 370/370/370 407/407/407 371/371/371
f 370/370/370 406/406/406 407/407/407
f 371/371/371 408/408/408 372/372/372
f 371/371/371 407/407/407 408/408/408
f 372/372/372 409/409/409 373/373/373
f 372/372/372 408/408/408 409/409/409
f 373/373/373 410/410/410 374/374/374
f 373/373/373 409/409/409 410/410/410
f 374/374/374 411/411/411 375/375/375
f 374/374/374 410/410/410 411/411/411
f 375/375/375 412/412/412 376/376/376
f 375/375/375 411/411/411 412/412/412
f 376/376/376 413/413/413 377/377/377
f 376/376/376 412/412/412 413/413/413
f 377/377/377 414/414/414 378/378/378
f 377/377/377 413/413/413 414/414/414
f 378/378/378 415/415/415 379/379/379
f 378/378/378 414/414/414 415/415/415
f 379/379/379 416/416/416 380/380/380
f 379/379/379 415/415/415 416/416/416
f 380/380/380 417/417/417 381/381/381
f 380/380/380 416/416/416 417/417/417
f 381/381/381 418/418/418 382/382/382
f 381/381/381 417/417/417 418/418/418
f 382/382/382 419/419/419 383/383/383
f 382/382/382 418/418/418 419/419/419
f 383/383/383 420/420/420 384/384/384
f 383/383/383 419/419/419 420/420/420
f 384/384/384 421/421/421 385/385/385
f 384/384/384 420/420/420 421/421/421
f 385/385/385 422/422/422 386/386/386
f 385/385/385 421/421/421 422/422/422
f 386/386/386 423/423/423 387/387/387
f 386/386/386 422/422/422 423/423/423
f 387/387/387 424/424/424 388/388/388
f 387/387/387 423/423/423 424/424/424
f 388/388/388 425/425/425 389/389/389
f 388/388/388 424/424/424 425/425/425
f 389/389/389 426/426/426 390/390/390
f 389/389/389 425/425/425 426/426/426
f 390/390/390 427/427/427 391/391/391
f 390/390/390 426/426/426 427/427/427
f 391/391/391 428/428/428 392/392/392
f 391/391/391 427/427/427 428/428/428
f 392/392/392 429/429/429 393/393/393
f 392/392/392 428/428/428 429/429/429
f 393/393/393 430/430/430 394/394/394
f 393/393/393 429/429/429 430/430/430
f 394/394/394 431/431/431 395/395/395
f 394/394/394 430/430/430 431/431/431
f 395/395/395 432/432/432 396/396/396
f 395/395/395 431/431/431 432/432/432
f 396/396/396 397/397/397 361/361/361
f 396/396/396 432/432/432 397/397/397
f 397/397/397 434/434/434 398/398/398
f 397/397/397 433/433/433 434/434/434
f 398/398/398 435/435/435 399/399/399
f 398/398/398 434/434/434 435/435/435
f 399/399/399 436/436/436 400/400/400
f 399/399/399 435/435/435 436/436/436
f 400/400/400 437/437/437 401/401/401
f 400/400/400 436/436/436 437/437/437
f 401/401/401 438/438/438 402/402/402
f 401/401/401 437/437/437 438/438/438
f 402/402/402 439/439/439 403/403/403
f 402/402/402 438/438/438 439/439/439
f 403/403/403 440/440/440 404/404/404
f 403/403/403 439/439/439 440/440/440
f 404/404/404 441/441/441 405/405/405
f 404/404/404 440/440/440 441/441/441
f 405/405/405 442/442/442 406/406/406
f 405/405/405 441/441/441 442/442/442
f 406/406/406 443/443/443 407/407/407
f 406/406/406 442/442/442 443/443/443
f 407/407/407 444/444/444 408/408/408
f 407/407/407 443/443/443 444/444/444
f 408/408/408 445/445/445 409/409/409
f 408/408/408 444/444/444 445/445/445
f 409/409/409 446/446/446 410/410/410
f 409/409/409 445/445/445 446/446/446
f 410/410/410 447/447/447 411/411/411
f 410/410/410 446/446/446 447/447/447
f 411/411/411 448/448/448 412/412/412
f 411/411/411 447/447/447 448/448/448
f 412/412/412 449/449/449 413/413/413
f 412/412/412 448/448/448 449/449/449
f 413/413/413 450/450/450 414/414/414
f 413/413/413 449/449/449 450/450/450
f 414/414/414 451/451/451 415/415/415
f 414/414/414 450/450/450 451/451/451
f 415/415/415 452/452/452 416/416/416
f 415/415/415 451/451/451 452/452/452
f 416/416/416 453/453/453 417/417/417
f 416/416/416 452/452/452 453/453/453
f 417/417/417 454/454/454 418/418/418
f 417/417/417 453/453/453 454/454/454
f 418/418/418 455/455/455 419/419/419
f 418/418/418 454/454/454 455/455/455
f 419/419/419 456/456/456 420/420/420
f 419/419/419 455/455/455 456/456/456
f 420/420/420 457/457/457 421/421/421
f 420/420/420 456/456/456 457/457/457
f 421/421/421 458/458/458 422/422/422
f 421/421/421 457/457/457 458/458/458
f 422/422/422 459/459/459 423/423/423
f 422/422/422 458/458/458 459/459/459
f 423/423/423 460/460/460 424/424/424
f 423/423/423 459/459/459 460/460/460
f 424/424/424 461/461/461 425/425/425
f 424/424/424 460/460/460 461/461/461
f 425/425/425 462/462/462 426/426/426
f 425/425/425 461/461/461 462/462/462
f 426/426/426 463/463/463 427/427/427
f 426/426/426 462/462/462 463/463/463
f 427/427/427 464/464/464 428/428/428
f 427/427/427 463/463/463 464/464/464
f 428/428/428 465/465/465 429/429/429
f 428/428/428 464/464/464 465/465/465
f 429/429/429 466/466/466 430/430/430
f 429/429/429 465/465/465 466/466/466
f 430/430/430 467/467/467 431/431/431
f 430/430/430 466/466/466 467/467/467
f 431/431/431 468/468/468 432/432/432
f 431/431/431 467/467/467 468/468/468
f 432/432/432 433/433/433 397/397/397
f 432/432/432 468/468/468 433/433/433
f 433/433/433 470/470/470 434/434/434
f 433/433/433 469/469/469 470/470/470
f 434/434/434 471/471/471 435/435/435
f 434/434/434 470/470/470 471/471/471
f 435/435/435 472/472/472 436/436/436
f 435/435/435 471/471/471 472/472/472
f 436/436/436 473/473/473 437/437/437
f 436/436/436 472/472/472 473/473/473
f 437/437/437 474/474/474 438/438/438
f 437/437/437 473/473/473 474/474/474
f 438/438/438 475/475/475 439/439/439
f 438/438/438 474/474/474 475/475/475
f 439/439/439 476/476/476 440/440/440
f 439/439/439 475/475/475 476/476/476
f 440/440/440 477/477/477 441/441/441
f 440/440/440 476/476/476 477/477/477
f 441/441/441 478/478/478 442/442/442
f 441/441/441 477/477/477 478/478/478
f 442/442/442 479/479/479 443/443/443
f 442/442/442 478/478/478 479/479/479
f 443/443/443 480/480/480 444/444/444
f 443/443/443 479/479/479 480/480/480
f 444/444/444 481/481/481 445/445/445
f 444/444/444 480/480/480 481/481/481
f 445/445/445 482/482/482 446/446/446
f 445/445/445 481/481/481 482/482/482
f 446/446/446 483/483/483 447/447/447
f 446/446/446 482/482/482 483/483/483
f 447/447/447 484/484/484 448/448/448
f 447/447/447 483/483/483 484/484/484
f 448/448/448 485/485/485 449/449/449
f 448/448/448 484/484/484 485/485/485
f 449/449/449 486/486/486 450/450/450
f 449/449/449 485/485/485 486/486/486
f 450/450/450 487/487/487 451/451/451
f 450/450/450 486/486/486 487/487/487
f 451/451/451 488/488/488 452/452/452
f 451/451/451 487/487/487 488/488/488
f 452/452/452 489/489/489 453/453/453
f 452/452/452 488/488/488 489/489/489
f 453/453/453 490/490/490 454/454/454
f 453/453/453 489/489/489 490/490/490
f 454/454/454 491/491/491 455/455/455
f 454/454/454 490/490/490 491/491/491
f 455/455/455 492/492/492 456/456/456
f 455/455/455 491/491/491 492/492/492
f 456/456/456 493/493/493 457/457/457
f 456/456/456 492/492/492 493/493/493
f 457/457/457 494/494/494 458/458/458
f 457/457/457 493/493/493 494/494/494
f 458/458/458 495/495/495 459/459/459
f 458/458/458 494/494/494 495/495/495
f 459/459/459 496/496/496 460/460/460
f 459/459/459 495/495/495 496/496/496
f 460/460/460 497/497/497 461/461/461
f 460/460/460 496/496/496 497/497/497
f 461/461/461 498/498/498 462/462/462
f 461/461/461 497/497/497 498/498/498
f 462/462/462 499/499/499 463/463/463
f 462/462/462 498/498/498 499/499/499
f 463/463/463 500/500/500 464/464/464
f 463/463/463 499/499/499 500/500/500
f 464/464/464 501/501/501 465/465/465
f 464/464/464 500/500/500 501/501/501
f 465/465/465 502/502/502 466/466/466
f 465/465/465 501/501/501 502/502/502
f 466/466/466 503/503/503 467/467/467
f 466/466/466 502/502/502 503/503/503
f 467/467/467 504/504/504 468/468/468
f 467/467/467 503/503/503 504/504/504
f 468/468/468 469/469/469 433/433/433
f 468/468/468 504/504/504 469/469/469
f 469/469/469 506/506/506 470/470/470
f 469/469/469 505/505/505 506/506/506
f 470/470/470 507/507/507 471/471/471
f 470/470/470 506/506/506 507/507/507
f 471/471/471 508/508/508 472/472/472
f 471/471/471 507/507/507 508/508/508
f 472/472/472 509/509/509 473/473/473
f 472/472/472 508/508/508 509/509/509
f 473/473/473 510/510/510 474/474/474
f 473/473/473 509/509/509 510/510/510
f 474/474/474 511/511/511 475/475/475
f 474/474/474 510/510/510 511/511/511
f 475/475/475 512/512/512 476/476/476
f 475/475/475 511/511/511 512/512/512
f 476/476/476 513/513/513 477/477/477
f 476/476/476 512/512/512 513/513/513
f 477/477/477 514/514/514 478/478/478
f 477/477/477 513/513/513 514/514/514
f 478/478/478 515/515/515 479/479/479
f 478/478/478 514/514/514 515/515/515
f 479/479/479 516/516/516 480/480/480
f 479/479/479 515/515/515 516/516/516
f 480/480/480 517/517/517 481/481/481
f 480/480/480 516/516/516 517/517/517
f 481/481/481 518/518/518 482/482/482
f 481/481/481 517/517/517 518/518/518
f 482/482/482 519/519/519 483/483/483
f 482/482/482 518/518/518 519/519/519
f 483/483/483 520/520/520 484/484/484
f 483/483/483 519/519/519 520/520/520
f 484/484/484 521/521/521 485/485/485
f 484/484/484 520/520/520 521/521/521
f 485/485/485 522/522/522 486/486/486
f 485/485/485 521/521/521 522/522/522
f 486/486/486 523/523/523 487/487/487
f 486/486/486 522/522/522 523/523/523
f 487/487/487 524/524/524 488/488/488
f 487/487/487 523/523/523 524/524/524
f 488/488/488 525/525/525 489/489/489
f 488/488/488 524/524/524 525/525/525
f 489/489/489 526/526/526 490/490/490
f 489/489/489 525/525/525 526/526/526
f 490/490/490 527/527/527 491/491/491
f 490/490/490 526/526/526 527/527/527
f 491/491/491 528/528/528 492/492/492
f 491/491/491 527/527/527 528/528/528
f 492/492/492 529/529/529 493/493/493
f 492/492/492 528/528/528 529/529/529
f 493/493/493 530/530/530 494/494/494
f 493/493/493 529/529/529 530/530/530
f 494/494/494 531/531/531 495/495/495
f 494/494/494 530/530/530 531/531/531
f 495/495/495 532/532/532 496/496/496
f 495/495/495 531/531/531 532/532/532
f 496/496/496 533/533/533 497/497/497
f 496/496/496 532/532/532 533/533/533
f 497/497/497 534/534/534 498/498/498
f 497/497/497 533/533/533 534/534/534
f 498/498/498 535/535/535 499/499/499
f 498/498/498 534/534/534 535/535/535
f 499/499/499 536/536/536 500/500/500
f 499/499/499 535/535/535 536/536/536
f 500/500/500 537/537/537 501/501/501
f 500/500/500 536/536/536 537/537/537
f 501/501/501 538/538/538 502/502/502
f 501/501/501 537/537/537 538/538/538
f 502/502/502 539/539/539 503/503/503
f 502/502/502 538/538/538 539/539/539
f 503/503/503 540/540/540 504/504/504
f 503/503/503 539/539/539 540/540/540
f 504/504/504 505/505/505 469/469/469
f 504/504/504 540/540/540 505/505/505
f 505/505/505 542/542/542 506/506/506
f 505/505/505 541/541/541 542/542/542
f 506/506/506 543/543/543 507/507/507
f 506/506/506 542/542/542 543/543/543
f 507/507/507 544/544/544 508/508/508
f 507/507/507 543/543/543 544/544/544
f 508/508/508 545/545/545 509/509/509
f 508/508/508 544/544/544 545/545/545
f 509/509/509 546/546/546 510/510/510
f 509/509/509 545/545/545 546/546/546
f 510/510/510 547/547/547 511/511/511
f 510/510/510 546/546/546 547/547/547
f 511/511/511 548/548/548 512/512/512
f 511/511/511 547/547/547 548/548/548
f 512/512/512 549/549/549 513/513/513
f 512/512/512 548/548/548 549/549/549
f 513/513/513 550/550/550 514/514/514
f 513/513/513 549/549/549 550/550/550
f 514/514/514 551/551/551 515/515/515
f 514/514/514 550/550/550 551/551/551
f 515/515/515 552/552/552 516/516/516
f 515/515/515 551/551/551 552/552/552
f 516/516/516 553/553/553 517/517/517
f 516/516/516 552/552/552 553/553/553
f 517/517/517 554/554/554 518/518/518
f 517/517/517 553/553/553 554/554/554
f 518/518/518 555/555/555 519/519/519
f 518/518/518 554/554/554 555/555/555
f 519/519/519 556/556/556 520/520/520
f 519/519/519 555/555/555 556/556/556
f 520/520/520 557/557/557 521/521/521
f 520/520/520 556/556/556 557/557/557
f 521/521/521 558/558/558 522/522/522
f 521/521/521 557/557/557 558/558/558
f 522/522/522 559/559/559 523/523/523
f 522/522/522 558/558/558 559/559/559
f 523/523/523 560/560/560 524/524/524
f 523/523/523 559/559/559 560/560/560
f 524/524/524 561/561/561 525/525/525
f 524/524/524 560/560/560 561/561/561
f 525/525/525 562/562/562 526/526/526
f 525/525/525 561/561/561 562/562/562
f 526/526/526 563/563/563 527/527/527
f 526/526/526 562/562/562 563/563/563
f 527/527/527 564/564/564 528/528/528
f 527/527/527 563/563/563 564/564/564
f 528/528/528 565/565/565 529/529/529
f 528/528/528 564/564/564 565/565/565
f 529/529/529 566/566/566 530/530/530
f 529/529/529 565/565/565 566/566/566
f 530/530/530 567/567/567 531/531/531
f 530/530/530 566/566/566 567/567/567
f 531/531/531 568/568/568 532/532/532
f 531/531/531 567/567/567 568/568/568
f 532/532/532 569/569/569 533/533/533
f 532/532/532 568/568/568 569/569/569
f 533/533/533 570/570/570 534/534/534
f 533/533/533 569/569/569 570/570/570
f 534/534/534 571/571/571 535/535/535
f 534/534/534 570/570/570 571/571/571
f 535/535/535 572/572/572 536/536/536
f 535/535/535 571/571/571 572/572/572
f 536/536/536 573/573/573 537/537/537
f 536/536/536 572/572/572 573/573/573
f 537/537/537 574/574/574 538/538/538
f 537/537/537 573/573/573 574/574/574
f 538/538/538 575/575/575 539/539/539
f 538/538/538 574/574/574 575/575/575
f 539/539/539 576/576/576 540/540/540
f 539/539/539 575/575/575 576/576/576
f 540/540/540 541/541/541 505/505/505
f 540/540/540 576/576/576 541/541/541
f 541/541/541 578/578/578 542/542/542
f 541/541/541 577/577/577 578/578/578
f 542/542/542 579/579/579 543/543/543
f 542/542/542 578/578/578 579/579/579
f 543/543/543 580/580/580 544/544/544
f 543/543/543 579/579/579 580/580/580
f 544/544/544 581/581/581 545/545/545
f 544/544/544 580/580/580 581/581/581
f 545/545/545 582/582/582 546/546/546
f 545/545/545 581/581/581 582/582/582
f 546/546/546 583/583/583 547/547/547
f 546/546/546 582/582/582 583/583/583
f 547/547/547 584/584/584 548/548/548
f 547/547/547 583/583/583 584/584/584
f 548/548/548 585/585/585 549/549/549
f 548/548/548 584/584/584 585/585/585
f 549/549/549 586/586/586 550/550/550
f 549/549/549 585/585/585 586/586/586
f 550/550/550 587/587/587 551/551/551
f 550/550/550 586/586/586 587/587/587
f 551/551/551 588/588/588 552/552/552
f 551/551/551 587/587/587 588/588/588
f 552/552/552 589/589/589 553/553/553
f 552/552/552 588/588/588 589/589/589
f 553/553/553 590/590/590 554/554/554
f 553/553/553 589/589/589 590/590/590
f 554/554/554 591/591/591 555/555/555
f 554/554/554 590/590/590 591/591/591
f 555/555/555 592/592/592 556/556/556
f 555/555/555 591/591/591 592/592/592
f 556/556/556 593/593/593 557/557/557
f 556/556/556 592/592/592 593/593/593
f 557/557/557 594/594/594 558/558/558
f 557/557/557 593/593/593 594/594/594
f 558/558/558 595/595/595 559/559/559
f 558/558/558 594/594/594 595/595/595
f 559/559/559 596/596/596 560/560/560
f 559/559/559 595/595/595 596/596/596
f 560/560/560 597/597/597 561/561/561
f 560/560/560 596/596/596 597/597/597
f 561/561/561 598/598/598 562/562/562
f 561/561/561 597/597/597 598/598/598
f 562/562/562 599/599/599 563/563/563
f 562/562/562 598/598/598 599/599/599
f 563/563/563 600/600/600 564/564/564
f 563/563/563 599/599/599 600/600/600
f 564/564/564 601/601/601 565/565/565
f 564/564/564 600/600/600 601/601/601
f 565/565/565 602/602/602 566/566/566
f 565/565/565 601/601/601 602/602/602
f 566/566/566 603/603/603 567/567/567
f 566/566/566 602/602/602 603/603/603
f 567/567/567 604/604/604 568/568/568
f 567/567/567 603/603/603 604/604/604
f 568/568/568 605/605/605 569/569/569
f 568/568/568 604/604/604 605/605/605
f 569/569/569 606/606/606 570/570/570
f 569/569/569 605/605/605 606/606/606
f 570/570/570 607/607/607 571/571/571
f 570/570/570 606/606/606 607/607/607
f 571/571/571 608/608/608 572/572/572
f 571/571/571 607/607/607 608/608/608
f 572/572/572 609/609/609 573/573/573
f 572/572/572 608/608/608 609/609/609
f 573/573/573 610/610/610 574/574/574
f 573/573/573 609/609/609 610/610/610
f 574/574/574 611/611/611 575/575/575
f 574/574/574 610/610/610 611/611/611
f 575/575/575 612/612/612 576/576/576
f 575/575/575 611/611/611 612/612/612
f 576/576/576 577/577/577 541/541/541
f 576/576/576 612/612/612 577/577/577
f 577/577/577 614/614/614 578/578/578
f 577/577/577 613/613/613 614/614/614
f 578/578/578 615/615/615 579/579/579
f 578/578/578 614/614/614 615/615/615
f 579/579/579 616/616/616 580/580/580
f 579/579/579 615/615/615 616/616/616
f 580/580/580 617/617/617 581/581/581
f 580/580/580 616/616/616 617/617/617
f 581/581/581 618/618/618 582/582/582
f 581/581/581 617/617/617 618/618/618
f 582/582/582 619/619/619 583/583/583
f 582/582/582 618/618/618 619/619/619
f 583/583/583 620/620/620 584/584/584
f 583/583/583 619/619/619 620/620/620
f 584/584/584 621/621/621 585/585/585
f 584/584/584 620/620/620 621/621/621
f 585/585/585 622/622/622 586/586/586
f 585/585/585 621/621/621 622/622/622
f 586/586/586 623/623/623 587/587/587
f 586/586/586 622/622/622 623/623/623
f 587/587/587 624/624/624 588/588/588
f 587/587/587 623/623/623 624/624/624
f 588/588/588 625/625/625 589/589/589
f 588/588/588 624/624/624 625/625/625
f 589/589/589 626/626/626 590/590/590
f 589/589/589 625/625/625 626/626/626
f 590/590/590 627/627/627 591/591/591
f 590/590/590 626/626/626 627/627/627
f 591/591/591 628/628/628 592/592/592
f 591/591/591 627/627/627 628/628/628
f 592/592/592 629/629/629 593/593/593
f 592/592/592 628/628/628 629/629/629
f 593/593/593 630/630/630 594/594/594
f 593/593/593 629/629/629 630/630/630
f 594/594/594 631/631/631 595/595/595
f 594/594/594 630/630/630 631/631/631
f 595/595/595 632/632/632 596/596/596
f 595/595/595 631/631/631 632/632/632
f 596/596/596 633/633/633 597/597/597
f 596/596/596 632/632/632 633/633/633
f 597/597/597 634/634/634 598/598/598
f 597/597/597 633/633/633 634/634/634
f 598/598/598 635/635/635 599/599/599
f 598/598/598 634/634/634 635/635/635
f 599/599/599 636/636/636 600/600/600
f 599/599/599 635/635/635 636/636/636
f 600/600/600 637/637/637 601/601/601
f 600/600/600 636/636/636 637/637/637
f 601/601/601 638/638/638 602/602/602
f 601/601/601 637/637/637 638/638/638
f 602/602/602 639/639/639 603/603/603
f 602/602/602 638/638/638 639/639/639
f 603/603/603 640/640/640 604/604/604
f 603/603/603 639/639/639 640/640/640
f 604/604/604 641/641/641 605/605/605
f 604/604/604 640/640/640 641/641/641
f 605/605/605 642/642/642 606/606/606
f 605/605/605 641/641/641 642/642/642
f 606/606/606 643/643/643 607/607/607
f 606/606/606 642/642/642 643/643/643
f 607/607/607 644/644/644 608/608/608
f 607/607/607 643/643/643 644/644/644
f 608/608/608 645/645/645 609/609/609
f 608/608/608 644/644/644 645/645/645
f 609/609/609 646/646/646 610/610/610
f 609/609/609 645/645/645 646/646/646
f 610/610/610 647/647/647 611/611/611
f 610/610/610 646/646/646 647/647/647
f 611/611/611 648/648/648 612/612/612
f 611/611/611 647/647/647 648/648/648
f 612/612/612 613/613/613 577/577/577
f 612/612/612 648/648/648 613/613/613
f 613/613/613 650/650/650 614/614/614
f 613/613/613 649/649/649 650/650/650
f 614/614/614 651/651/651 615/615/615
f 614/614/614 650/650/650 651/651/651
f 615/615/615 652/652/652 616/616/616
f 615/615/615 651/651/651 652/652/652
f 616/616/616 653/653/653 617/617/617
f 616/616/616 652/652/652 653/653/653
f 617/617/617 654/654/654 618/618/618
f 617/617/617 653/653/653 654/654/654
f 618/618/618 655/655/655 619/619/619
f 618/618/618 654/654/654 655/655/655
f 619/619/619 656/656/656 620/620/620
f 619/619/619 655/655/655 656/656/656
f 620/620/620 657/657/657 621/621/621
f 620/620/620 656/656/656 657/657/657
f 621/621/621 658/658/658 622/622/622
f 621/621/621 657/657/657 658/658/658
f 622/622/622 659/659/659 623/623/623
f 622/622/622 658/658/658 659/659/659
f 623/623/623 660/660/660 624/624/624
f 623/623/623 659/659/659 660/660/660
f 624/624/624 661/661/661 625/625/625
f 624/624/624 660/660/660 661/661/661
f 625/625/625 662/662/662 626/626/626
f 625/625/625 661/661/661 662/662/662
f 626/626/626 663/663/663 627/627/627
f 626/626/626 662/662/662 663/663/663
f 627/627/627 664/664/664 628/628/628
f 627/627/627 663/663/663 664/664/664
f 628/628/628 665/665/665 629/629/629
f 628/628/628 664/664/664 665/665/665
f 629/629/629 666/666/666 630/630/630
f 629/629/629 665/665/665 666/666/666
f 630/630/630 667/667/667 631/631/631
f 630/630/630 666/666/666 667/667/667
f 631/631/631 668/668/668 632/632/632
f 631/631/631 667/667/667 668/668/668
f 632/632/632 669/669/669 633/633/633
f 632/632/632 668/668/668 669/669/669
f 633/633/633 670/670/670 634/634/634
f 633/633/633 669/669/669 670/670/670
f 634/634/634 671/671/671 635/635/635
f 634/634/634 670/670/670 671/671/671
f 635/635/635 672/672/672 636/636/636
f 635/635/635 671/671/671 672/672/672
f 636/636/636 673/673/673 637/637/637
f 636/636/636 672/672/672 673/673/673
f 637/637/637 674/674/674 638/638/638
f 637/637/637 673/673/673 674/674/674
f 638/638/638 675/675/675 639/639/639
f 638/638/638 674/674/674 675/675/675
f 639/639/639 676/676/676 640/640/640
f 639/639/639 675/675/675 676/676/676
f 640/640/640 677/677/677 641/641/641
f 640/640/640 676/676/676 677/677/677
f 641/641/641 678/678/678 642/642/642
f 641/641/641 677/677/677 678/678/678
f 642/642/642 679/679/679 643/643/643
f 642/642/642 678/678/678 679/679/679
f 643/643/643 680/680/680 644/644/644
f 643/643/643 679/679/679 680/680/680
f 644/644/644 681/681/681 645/645/645
f 644/644/644 680/680/680 681/681/681
f 645/645/645 682/682/682 646/646/646
f 645/645/645 681/681/681 682/682/682
f 646/646/646 683/683/683 647/647/647
f 646/646/646 682/682/682 683/683/683
f 647/647/647 684/684/684 648/648/648
f 647/647/647 683/683/683 684/684/684
f 648/648/648 649/649/649 613/613/613
f 648/648/648 684/684/684 649/649/649
f 649/649/649 686/686/686 650/650/650
f 649/649/649 685/685/685 686/686/686
f 650/650/650 687/687/687 651/651/651
f 650/650/650 686/686/686 687/687/687
f 651/651/651 688/688/688 652/652/652
f 651/651/651 687/687/687 688/688/688
f 652/652/652 689/689/689 653/653/653
f 652/652/652 688/688/688 689/689/689
f 653/653/653 690/690/690 654/654/654
f 653/653/653 689/689/689 690/690/690
f 654/654/654 691/691/691 655/655/655
f 654/654/654 690/690/690 691/691/691
f 655/655/655 692/692/692 656/656/656
f 655/655/655 691/691/691 692/692/692
f 656/656/656 693/693/693 657/657/657
f 656/656/656 692/692/692 693/693/693
f 657/657/657 694/694/694 658/658/658
f 657/657/657 693/693/693 694/694/694
f 658/658/658 695/695/695 659/659/659
f 658/658/658 694/694/694 695/695/695
f 659/659/659 696/696/696 660/660/660
f 659/659/659 695/695/695 696/696/696
f 660/660/660 697/697/697 661/661/661
f 660/660/660 696/696/696 697/697/697
f 661/661/661 698/698/698 662/662/662
f 661/661/661 697/697/697 698/698/698
f 662/662/662 699/699/699 663/663/663
f 662/662/662 698/698/698 699/699/699
f 663/663/663 700/700/700 664/664/664
f 663/663/663 699/699/699 700/700/700
f 664/664/664 701/701/701 665/665/665
f 664/664/664 700/700/700 701/701/701
f 665/665/665 702/702/702 666/666/666
f 665/665/665 701/701/701 702/702/702
f 666/666/666 703/703/703 667/667/667
f 666/666/666 702/702/702 703/703/703
f 667/667/667 704/704/704 668/668/668
f 667/667/667 703/703/703 704/704/704
f 668/668/668 705/705/705 669/669/669
f 668/668/668 704/704/704 705/705/705
f 669/669/669 706/706/706 670/670/670
f 669/669/669 705/705/705 706/706/706
f 670/670/670 707/707/707 671/671/671
f 670/670/670 706/706/706 707/707/707
f 671/671/671 708/708/708 672/672/672
f 671/671/671 707/707/707 708/708/708
f 672/672/672 709/709/709 673/673/673
f 672/672/672 708/708/708 709/709/709
f 673/673/673 710/710/710 674/674/674
f 673/673/673 709/709/709 710/710/710
f 674/674/674 711/711/711 675/675/675
f 674/674/674 710/710/710 711/711/711
f 675/675/675 712/712/712 676/676/676
f 675/675/675 711/711/711 712/712/712
f 676/676/676 713/713/713 677/677/677
f 676/676/676 712/712/712 713/713/713
f 677/677/677 714/714/714 678/678/678
f 677/677/677 713/713/713 714/714/714
f 678/678/678 715/715/715 679/679/679
f 678/678/678 714/714/714 715/715/715
f 679/679/679 716/716/716 680/680/680
f 679/679/679 715/715/715 716/716/716
f 680/680/680 717/717/717 681/681/681
f 680/680/680 716/716/716 717/717/717
f 681/681/681 718/718/718 682/682/682
f 681/681/681 717/717/717 718/718/718
f 682/682/682 719/719/719 683/683/683
f 682/682/682 718/718/718 719/719/719
f 683/683/683 720/720/720 684/684/684
f 683/683/683 719/719/719 720/720/720
f 684/684/684 685/685/685 649/649/649
f 684/684/684 720/720/720 685/685/685
f 685/685/685 722/722/722 686/686/686
f 685/685/685 721/721/721 722/722/722
f 686/686/686 723/723/723 687/687/687
f 686/686/686 722/722/722 723/723/723
f 687/687/687 724/724/724 688/688/688
f 687/687/687 723/723/723 724/724/724
f 688/688/688 725/725/725 689/689/689
f 688/688/688 724/724/724 725/725/725
f 689/689/689 726/726/726 690/690/690
f 689/689/689 725/725/725 726/726/726
f 690/690/690 727/727/727 691/691/691
f 690/690/690 726/726/726 727/727/727
f 691/691/691 728/728/728 692/692/692
f 691/691/691 727/727/727 728/728/728
f 692/692/692 729/729/729 693/693/693
f 692/692/692 728/728/728 729/729/729
f 693/693/693 730/730/730 694/694/694
f 693/693/693 729/729/729 730/730/730
f 694/694/694 731/731/731 695/695/695
f 694/694/694 730/730/730 731/731/731
f 695/695/695 732/732/732 696/696/696
f 695/695/695 731/731/731 732/732/732
f 696/696/696 733/733/733 697/697/697
f 696/696/696 732/732/732 733/733/733
f 697/697/697 734/734/734 698/698/698
f 697/697/697 733/733/733 734/734/734
f 698/698/698 735/735/735 699/699/699
f 698/698/698 734/734/734 735/735/735
f 699/699/699 736/736/736 700/700/700
f 699/699/699 735/735/735 736/736/736
f 700/700/700 737/737/737 701/701/701
f 700/700/700 736/736/736 737/737/737
f 701/701/701 738/738/738 702/702/702
f 701/701/701 737/737/737 738/738/738
f 702/702/702 739/739/739 703/703/703
f 702/702/702 738/738/738 739/739/739
f 703/703/703 740/740/740 704/704/704
f 703/703/703 739/739/739 740/740/740
f 704/704/704 741/741/741 705/705/705
f 704/704/704 740/740/740 741/741/741
f 705/705/705 742/742/742 706/706/706
f 705/705/705 741/741/741 742/742/742
f 706/706/706 743/743/743 707/707/707
f 706/706/706 742/742/742 743/743/743
f 707/707/707 744/744/744 708/708/708
f 707/707/707 743/743/743 744/744/744
f 708/708/708 745/745/745 709/709/709
f 708/708/708 744/744/744 745/745/745
f 709/709/709 746/746/746 710/710/710
f 709/709/709 745/745/745 746/746/746
f 710/710/710 747/747/747 711/711/711
f 710/710/710 746/746/746 747/747/747
f 711/711/711 748/748/748 712/712/712
f 711/711/711 747/747/747 748/748/748
f 712/712/712 749/749/749 713/713/713
f 712/712/712 748/748/748 749/749/749
f 713/713/713 750/750/750 714/714/714
f 713/713/713 749/749/749 750/750/750
f 714/714/714 751/751/751 715/715/715
f 714/714/714 750/750/750 751/751/751
f 715/715/715 752/752/752 716/716/716
f 715/715/715 751/751/751 752/752/752
f 716/716/716 753/753/753 717/717/717
f 716/716/716 752/752/752 753/753/753
f 717/717/717 754/754/754 718/718/718
f 717/717/717 753/753/753 754/754/754
f 718/718/718 755/755/755 719/719/719
f 718/718/718 754/754/754 755/755/755
f 719/719/719 756/756/756 720/720/720
f 719/719/719 755/755/755 756/756/756
f 720/720/720 721/721/721 685/685/685
f 720/720/720 756/756/756 721/721/721
f 721/721/721 758/758/758 722/722/722
f 721/721/721 757/757/757 758/758/758
f 722/722/722 759/759/759 723/723/723
f 722/722/722 758/758/758 759/759/759
f 723/723/723 760/760/760 724/724/724
f 723/723/723 759/759/759 760/760/760
f 724/724/724 761/761/761 725/725/725
f 724/724/724 760/760/760 761/761/761
f 725/725/725 762/762/762 726/726/726
f 725/725/725 761/761/761 762/762/762
f 726/726/726 763/763/763 727/727/727
f 726/726/726 762/762/762 763/763/763
f 727/727/727 764/764/764 728/728/728
f 727/727/727 763/763/763 764/764/764
f 728/728/728 765/765/765 729/729/729
f 728/728/728 764/764/764 765/765/765
f 729/729/729 766/766/766 730/730/730
f 729/729/729 765/765/765 766/766/766
f 730/730/730 767/767/767 731/731/731
f 730/730/730 766/766/766 767/767/767
f 731/731/731 768/768/768 732/732/732
f 731/731/731 767/767/767 768/768/768
f 732/732/732 769/769/769 733/733/733
f 732/732/732 768/768/768 769/769/769
f 733/733/733 770/770/770 734/734/734
f 733/733/733 769/769/769 770/770/770
f 734/734/734 771/771/771 735/735/735
f 734/734/734 770/770/770 771/771/771
f 735/735/735 772/772/772 736/736/736
f 735/735/735 771/771/771 772/772/772
f 736/736/736 773/773/773 737/737/737
f 736/736/736 772/772/772 773/773/773
f 737/737/737 774/774/774 738/738/738
f 737/737/737 773/773/773 774/774/774
f 738/738/738 775/775/775 739/739/739
f 738/738/738 774/774/774 775/775/775
f 739/739/739 776/776/776 740/740/740
f 739/739/739 775/775/775 776/776/776
f 740/740/740 777/777/777 741/741/741
f 740/740/740 776/776/776 777/777/777
f 741/741/741 778/778/778 742/742/742
f 741/741/741 777/777/777 778/778/778
f 742/742/742 779/779/779 743/743/743
f 742/742/742 778/778/778 779/779/779
f 743/743/743 780/780/780 744/744/744
f 743/743/743 779/779/779 780/780/780
f 744/744/744 781/781/781 745/745/745
f 744/744/744 780/780/780 781/781/781
f 745/745/745 782/782/782 746/746/746
f 745/745/745 781/781/781 782/782/782
f 746/746/746 783/783/783 747/747/747
f 746/746/746 782/782/782 783/783/783
f 747/747/747 784/784/784 748/748/748
f 747/747/747 783/783/783 784/784/784
f 748/748/748 785/785/785 749/749/749
f 748/748/748 784/784/784 785/785/785
f 749/749/749 786/786/786 750/750/750
f 749/749/749 785/785/785 786/786/786
f 750/750/750 787/787/787 751/751/751
f 750/750/750 786/786/786 787/787/787
f 751/751/751 788/788/788 752/752/752
f 751/751/751 787/787/787 788/788/788
f 752/752/752 789/789/789 753/753/753
f 752/752/752 788/788/788 789/789/789
f 753/753/753 790/790/790 754/754/754
f 753/753/753 789/789/789 790/790/790
f 754/754/754 791/791/791 755/755/755
f 754/754/754 790/790/790 791/791/791
f 755/755/755 792/792/792 756/756/756
f 755/755/755 791/791/791 792/792/792
f 756/756/756 757/757/757 721/721/721
f 756/756/756 792/792/792 757/757/757
f 757/757/757 794/794/794 758/758/758
f 757/757/757 793/793/793 794/794/794
f 758/758/758 795/795/795 759/759/759
f 758/758/758 794/794/794 795/795/795
f 759/759/759 796/796/796 760/760/760
f 759/759/759 795/795/795 796/796/796
f 760/760/760 797/797/797 761/761/761
f 760/760/760 796/796/796 797/797/797
f 761/761/761 798/798/798 762/762/762
f 761/761/761 797/797/797 798/798/798
f 762/762/762 799/799/799 763/763/763
f 762/762/762 798/798/798 799/799/799
f 763/763/763 800/800/800 764/764/764
f 763/763/763 799/799/799 800/800/800
f 764/764/764 801/801/801 765/765/765
f 764/764/764 800/800/800 801/801/801
f 765/765/765 802/802/802 766/766/766
f 765/765/765 801/801/801 802/802/802
f 766/766/766 803/803/803 767/767/767
f 766/766/766 802/802/802 803/803/803
f 767/767/767 804/804/804 768/768/768
f 767/767/767 803/803/803 804/804/804
f 768/768/768 805/805/805 769/769/769
f 768/768/768 804/804/804 805/805/805
f 769/769/769 806/806/806 770/770/770
f 769/769/769 805/805/805 806/806/806
f 770/770/770 807/807/807 771/771/771
f 770/770/770 806/806/806 807/807/807
f 771/771/771 808/808/808 772/772/772
f 771/771/771 807/807/807 808/808/808
f 772/772/772 809/809/809 773/773/773
f 772/772/772 808/808/808 809/809/809
f 773/773/773 810/810/810 774/774/774
f 773/773/773 809/809/809 810/810/810
f 774/774/774 811/811/811 775/775/775
f 774/774/774 810/810/810 811/811/811
f 775/775/775 812/812/812 776/776/776
f 775/775/775 811/811/811 812/812/812
f 776/776/776 813/813/813 777/777/777
f 776/776/776 812/812/812 813/813/813
f 777/777/777 814/814/814 778/778/778
f 777/777/777 813/813/813 814/814/814
f 778/778/778 815/815/815 779/779/779
f 778/778/778 814/814/814 815/815/815
f 779/779/779 816/816/816 780/780/780
f 779/779/779 815/815/815 816/816/816
f 780/780/780 817/817/817 781/781/781
f 780/780/780 816/816/816 817/817/817
f 781/781/781 818/818/818 782/782/782
f 781/781/781 817/817/817 818/818/818
f 782/782/782 819/819/819 783/783/783
f 782/782/782 818/818/818 819/819/819
f 783/783/783 820/820/820 784/784/784
f 783/783/783 819/819/819 820/820/820
f 784/784/784 821/821/821 785/785/785
f 784/784/784 820/820/820 821/821/821
f 785/785/785 822/822/822 786/786/786
f 785/785/785 821/821/821 822/822/822
f 786/786/786 823/823/823 787/787/787
f 786/786/786 822/822/822 823/823/823
f 787/787/787 824/824/824 788/788/788
f 787/787/787 823/823/823 824/824/824
f 788/788/788 825/825/825 789/789/789
f 788/788/788 824/824/824 825/825/825
f 789/789/789 826/826/826 790/790/790
f 789/789/789 825/825/825 826/826/826
f 790/790/790 827/827/827 791/791/791
f 790/790/790 826/826/826 827/827/827
f 791/791/791 828/828/828 792/792/792
f 791/791/791 827/827/827 828/828/828
f 792/792/792 793/793/793 757/757/757
f 792/792/792 828/828/828 793/793/793
f 793/793/793 830/830/830 794/794/794
f 793/793/793 829/829/829 830/830/830
f 794/794/794 831/831/831 795/795/795
f 794/794/794 830/830/830 831/831/831
f 795/795/795 832/832/832 796/796/796
f 795/795/795 831/831/831 832/832/832
f 796/796/796 833/833/833 797/797/797
f 796/796/796 832/832/832 833/833/833
f 797/797/797 834/834/834 798/798/798
f 797/797/797 833/833/833 834/834/834
f 798/798/798 835/835/835 799/799/799
f 798/798/798 834/834/834 835/835/835
f 799/799/799 836/836/836 800/800/800
f 799/799/799 835/835/835 836/836/836
f 800/800/800 837/837/837 801/801/801
f 800/800/800 836/836/836 837/837/837
f 801/801/801 838/838/838 802/802/802
f 801/801/801 837/837/837 838/838/838
f 802/802/802 839/839/839 803/803/803
f 802/802/802 838/838/838 839/839/839
f 803/803/803 840/840/840 804/804/804
f 803/803/803 839/839/839 840/840/840
f 804/804/804 841/841/841 805/805/805
f 804/804/804 840/840/840 841/841/841
f 805/805/805 842/842/842 806/806/806
f 805/805/805 841/841/841 842/842/842
f 806/806/806 843/843/843 807/807/807
f 806/806/806 842/842/842 843/843/843
f 807/807/807 844/844/844 808/808/808
f 807/807/807 843/843/843 844/844/844
f 808/808/808 845/845/845 809/809/809
f 808/808/808 844/844/844 845/845/845
f 809/809/809 846/846/846 810/810/810
f 809/809/809 845/845/845 846/846/846
f 810/810/810 847/847/847 811/811/811
f 810/810/810 846/846/846 847/847/847
f 811/811/811 848/848/848 812/812/812
f 811/811/811 847/847/847 848/848/848
f 812/812/812 849/849/849 813/813/813
f 812/812/812 848/848/848 849/849/849
f 813/813/813 850/850/850 814/814/814
f 813/813/813 849/849/849 850/850/850
f 814/814/814 851/851/851 815/815/815
f 814/814/814 850/850/850 851/851/851
f 815/815/815 852/852/852 816/816/816
f 815/815/815 851/851/851 852/852/852
f 816/816/816 853/853/853 817/817/817
f 816/816/816 852/852/852 853/853/853
f 817/817/817 854/854/854 818/818/818
f 817/817/817 853/853/853 854/854/854
f 818/818/818 855/855/855 819/819/819
f 818/818/818 854/854/854 855/855/855
f 819/819/819 856/856/856 820/820/820
f 819/819/819 855/855/855 856/856/856
f 820/820/820 857/857/857 821/821/821
f 820/820/820 856/856/856 857/857/857
f 821/821/821 858/858/858 822/822/822
f 821/821/821 857/857/857 858/858/858
f 822/822/822 859/859/859 823/823/823
f 822/822/822 858/858/858 859/859/859
f 823/823/823 860/860/860 824/824/824
f 823/823/823 859/859/859 860/860/860
f 824/824/824 861/861/861 825/825/825
f 824/824/824 860/860/860 861/861/861
f 825/825/825 862/862/862 826/826/826
f 825/825/825 861/861/861 862/862/862
f 826/826/826 863/863/863 827/827/827
f 826/826/826 862/862/862 863/863/863
f 827/827/827 864/864/864 828/828/828
f 827/827/827 863/863/863 864/864/864
f 828/828/828 829/829/829 793/793/793
f 828/828/828 864/864/864 829/829/829
f 829/829/829 866/866/866 830/830/830
f 829/829/829 865/865/865 866/866/866
f 830/830/830 867/867/867 831/831/831
f 830/830/830 866/866/866 867/867/867
f 831/831/831 868/868/868 832/832/832
f 831/831/831 867/867/867 868/868/868
f 832/832/832 869/869/869 833/833/833
f 832/832/832 868/868/868 869/869/869
f 833/833/833 870/870/870 834/834/834
f 833/833/833 869/869/869 870/870/870
f 834/834/834 871/871/871 835/835/835
f 834/834/834 870/870/870 871/871/871
f 835/835/835 872/872/872 836/836/836
f 835/835/835 871/871/871 872/872/872
f 836/836/836 873/873/873 837/837/837
f 836/836/836 872/872/872 873/873/873
f 837/837/837 874/874/874 838/838/838
f 837/837/837 873/873/873 874/874/874
f 838/838/838 875/875/875 839/839/839
f 838/838/838 874/874/874 875/875/875
f 839/839/839 876/876/876 840/840/840
f 839/839/839 875/875/875 876/876/876
f 840/840/840 877/877/877 841/841/841
f 840/840/840 876/876/876 877/877/877
f 841/841/841 878/878/878 842/842/842
f 841/841/841 877/877/877 878/878/878
f 842/842/842 879/879/879 843/843/843
f 842/842/842 878/878/878 879/879/879
f 843/843/843 880/880/880 844/844/844
f 843/843/843 879/879/879 880/880/880
f 844/844/844 881/881/881 845/845/845
f 844/844/844 880/880/880 881/881/881
f 845/845/845 882/882/882 846/846/846
f 845/845/845 881/881/881 882/882/882
f 846/846/846 883/883/883 847/847/847
f 846/846/846 882/882/882 883/883/883
f 847/847/847 884/884/884 848/848/848
f 847/847/847 883/883/883 884/884/884
f 848/848/848 885/885/885 849/849/849
f 848/848/848 884/884/884 885/885/885
f 849/849/849 886/886/886 850/850/850
f 849/849/849 885/885/885 886/886/886
f 850/850/850 887/887/887 851/851/851
f 850/850/850 886/886/886 887/887/887
f 851/851/851 888/888/888 852/852/852
f 851/851/851 887/887/887 888/888/888
f 852/852/852 889/889/889 853/853/853
f 852/852/852 888/888/888 889/889/889
f 853/853/853 890/890/890 854/854/854
f 853/853/853 889/889/889 890/890/890
f 854/854/854 891/891/891 855/855/855
f 854/854/854 890/890/890 891/891/891
f 855/855/855 892/892/892 856/856/856
f 855/855/855 891/891/891 892/892/892
f 856/856/856 893/893/893 857/857/857
f 856/856/856 892/892/892 893/893/893
f 857/857/857 894/894/894 858/858/858
f 857/857/857 893/893/893 894/894/894
f 858/858/858 895/895/895 859/859/859
f 858/858/858 894/894/894 895/895/895
f 859/859/859 896/896/896 860/860/860
f 859/859/859 895/895/895 896/896/896
f 860/860/860 897/897/897 861/861/861
f 860/860/860 896/896/896 897/897/897
f 861/861/861 898/898/898 862/862/862
f 861/861/861 897/897/897 898/898/898
f 862/862/862 899/899/899 863/863/863
f 862/862/862 898/898/898 899/899/899
f 863/863/863 900/900/900 864/864/864
f 863/863/863 899/899/899 900/900/900
f 864/864/864 865/865/865 829/829/829
f 864/864/864 900/900/900 865/865/865
f 865/865/865 902/902/902 866/866/866
f 865/865/865 901/901/901 902/902/902
f 866/866/866 903/903/903 867/867/867
f 866/866/866 902/902/902 903/903/903
f 867/867/867 904/904/904 868/868/868
f 867/867/867 903/903/903 904/904/904
f 868/868/868 905/905/905 869/869/869
f 868/868/868 904/904/904 905/905/905
f 869/869/869 906/906/906 870/870/870
f 869/869/869 905/905/905 906/906/906
f 870/870/870 907/907/907 871/871/871
f 870/870/870 906/906/906 907/907/907
f 871/871/871 908/908/908 872/872/872
f 871/871/871 907/907/907 908/908/908
f 872/872/872 909/909/909 873/873/873
f 872/872/872 908/908/908 909/909/909
f 873/873/873 910/910/910 874/874/874
f 873/873/873 909/909/909 910/910/910
f 874/874/874 911/911/911 875/875/875
f 874/874/874 910/910/910 911/911/911
f 875/875/875 912/912/912 876/876/876
f 875/875/875 911/911/911 912/912/912
f 876/876/876 913/913/913 877/877/877
f 876/876/876 912/912/912 913/913/913
f 877/877/877 914/914/914 878/878/878
f 877/877/877 913/913/913 914/914/914
f 878/878/878 915/915/915 879/879/879
f 878/878/878 914/914/914 915/915/915
f 879/879/879 916/916/916 880/880/880
f 879/879/879 915/915/915 916/916/916
f 880/880/880 917/917/917 881/881/881
f 880/880/880 916/916/916 917/917/917
f 881/881/881 918/918/918 882/882/882
f 881/881/881 917/917/917 918/918/918
f 882/882/882 919/919/919 883/883/883
f 882/882/882 918/918/918 919/919/919
f 883/883/883 920/920/920 884/884/884
f 883/883/883 919/919/919 920/920/920
f 884/884/884 921/921/921 885/885/885
f 884/884/884 920/920/920 921/921/921
f 885/885/885 922/922/922 886/886/886
f 885/885/885 921/921/921 922/922/922
f 886/886/886 923/923/923 887/887/887
f 886/886/886 922/922/922 923/923/923
f 887/887/887 924/924/924 888/888/888
f 887/887/887 923/923/923 924/924/924
f 888/888/888 925/925/925 889/889/889
f 888/888/888 924/924/924 925/925/925
f 889/889/889 926/926/926 890/890/890
f 889/889/889 925/925/925 926/926/926
f 890/890/890 927/927/927 891/891/891
f 890/890/890 926/926/926 927/927/927
f 891/891/891 928/928/928 892/892/892
f 891/891/891 927/927/927 928/928/928
f 892/892/892 929/929/929 893/893/893
f 892/892/892 928/928/928 929/929/929
f 893/893/893 930/930/930 894/894/894
f 893/893/893 929/929/929 930/930/930
f 894/894/894 931/931/931 895/895/895
f 894/894/894 930/930/930 931/931/931
f 895/895/895 932/932/932 896/896/896
f 895/895/895 931/931/931 932/932/932
f 896/896/896 933/933/933 897/897/897
f 896/896/896 932/932/932 933/933/933
f 897/897/897 934/934/934 898/898/898
f 897/897/897 933/933/933 934/934/934
f 898/898/898 935/935/935 899/899/899
f 898/898/898 934/934/934 935/935/935
f 899/899/899 936/936/936 900/900/900
f 899/899/899 935/935/935 936/936/936
f 900/900/900 901/901/901 865/865/865
f 900/900/900 936/936/936 901/901/901
f 901/901/901 938/938/938 902/902/902
f 901/901/901 937/937/937 938/938/938
f 902/902/902 939/939/939 903/903/903
f 902/902/902 938/938/938 939/939/939
f 903/903/903 940/940/940 904/904/904
f 903/903/903 939/939/939 940/940/940
f 904/904/904 941/941/941 905/905/905
f 904/904/904 940/940/940 941/941/941
f 905/905/905 942/942/942 906/906/906
f 905/905/905 941/941/941 942/942/942
f 906/906/906 943/943/943 907/907/907
f 906/906/906 942/942/942 943/943/943
f 907/907/907 944/944/944 908/908/908
f 907/907/907 943/943/943 944/944/944
f 908/908/908 945/945/945 909/909/909
f 908/908/908 944/944/944 945/945/945
f 909/909/909 946/946/946 910/910/910
f 909/909/909 945/945/945 946/946/946
f 910/910/910 947/947/947 911/911/911
f 910/910/910 946/946/946 947/947/947
f 911/911/911 948/948/948 912/912/912
f 911/911/911 947/947/947 948/948/948
f 912/912/912 949/949/949 913/913/913
f 912/912/912 948/948/948 949/949/949
f 913/913/913 950/950/950 914/914/914
f 913/913/913 949/949/949 950/950/950
f 914/914/914 951/951/951 915/915/915
f 914/914/914 950/950/950 951/951/951
f 915/915/915 952/952/952 916/916/916
f 915/915/915 951/951/951 952/952/952
f 916/916/916 953/953/953 917/917/917
f 916/916/916 952/952/952 953/953/953
f 917/917/917 954/954/954 918/918/918
f 917/917/917 953/953/953 954/954/954
f 918/918/918 955/955/955 919/919/919
f 918/918/918 954/954/954 955/955/955
f 919/919/919 956/956/956 920/920/920
f 919/919/919 955/955/955 956/956/956
f 920/920/920 957/957/957 921/921/921
f 920/920/920 956/956/956 957/957/957
f 921/921/921 958/958/958 922/922/922
f 921/921/921 957/957/957 958/958/958
f 922/922/922 959/959/959 923/923/923
f 922/922/922 958/958/958 959/959/959
f 923/923/923 960/960/960 924/924/924
f 923/923/923 959/959/959 960/960/960
f 924/924/924 961/961/961 925/925/925
f 924/924/924 960/960/960 961/961/961
f 925/925/925 962/962/962 926/926/926
f 925/925/925 961/961/961 962/962/962
f 926/926/926 963/963/963 927/927/927
f 926/926/926 962/962/962 963/963/963
f 927/927/927 964/964/964 928/928/928
f 927/927/927 963/963/963 964/964/964
f 928/928/928 965/965/965 929/929/929
f 928/928/928 964/964/964 965/965/965
f 929/929/929 966/966/966 930/930/930
f 929/929/929 965/965/965 966/966/966
f 930/930/930 967/967/967 931/931/931
f 930/930/930 966/966/966 967/967/967
f 931/931/931 968/968/968 932/932/932
f 931/931/931 967/967/967 968/968/968
f 932/932/932 969/969/969 933/933/933
f 932/932/932 968/968/968 969/969/969
f 933/933/933 970/970/970 934/934/934
f 933/933/933 969/969/969 970/970/970
f 934/934/934 971/971/971 935/935/935
f 934/934/934 970/970/970 971/971/971
f 935/935/935 972/972/972 936/936/936
f 935/935/935 971/971/971 972/972/972
f 936/936/936 937/937/937 901/901/901
f 936/936/936 972/972/972 937/937/937
f 937/937/937 974/974/974 938/938/938
f 937/937/937 973/973/973 974/974/974
f 938/938/938 975/975/975 939/939/939
f 938/938/938 974/974/974 975/975/975
f 939/939/939 976/976/976 940/940/940
f 939/939/939 975/975/975 976/976/976
f 940/940/940 977/977/977 941/941/941
f 940/940/940 976/976/976 977/977/977
f 941/941/941 978/978/978 942/942/942
f 941/941/941 977/977/977 978/978/978
f 942/942/942 979/979/979 943/943/943
f 942/942/942 978/978/978 979/979/979
f 943/943/943 980/980/980 944/944/944
f 943/943/943 979/979/979 980/980/980
f 944/944/944 981/981/981 945/945/945
f 944/944/944 980/980/980 981/981/981
f 945/945/945 982/982/982 946/946/946
f 945/945/945 981/981/981 982/982/982
f 946/946/946 983/983/983 947/947/947
f 946/946/946 982/982/982 983/983/983
f 947/947/947 984/984/984 948/948/948
f 947/947/947 983/983/983 984/984/984
f 948/948/948 985/985/985 949/949/949
f 948/948/948 984/984/984 985/985/985
f 949/949/949 986/986/986 950/950/950
f 949/949/949 985/985/985 986/986/986
f 950/950/950 987/987/987 951/951/951
f 950/950/950 986/986/986 987/987/987
f 951/951/951 988/988/988 952/952/952
f 951/951/951 987/987/987 988/988/988
f 952/952/952 989/989/989 953/953/953
f 952/952/952 988/988/988 989/989/989
f 953/953/953 990/990/990 954/954/954
f 953/953/953 989/989/989 990/990/990
f 954/954/954 991/991/991 955/955/955
f 954/954/954 990/990/990 991/991/991
f 955/955/955 992/992/992 956/956/956
f 955/955/955 991/991/991 992/992/992
f 956/956/956 993/993/993 957/957/957
f 956/956/956 992/992/992 993/993/993
f 957/957/957 994/994/994 958/958/958
f 957/957/957 993/993/993 994/994/994
f 958/958/958 995/995/995 959/959/959
f 958/958/958 994/994/994 995/995/995
f 959/959/959 996/996/996 960/960/960
f 959/959/959 995/995/995 996/996/996
f 960/960/960 997/997/997 961/961/961
f 960/960/960 996/996/996 997/997/997
f 961/961/961 998/998/998 962/962/962
f 961/961/961 997/997/997 998/998/998
f 962/962/962 999/999/999 963/963/963
f 962/962/962 998/998/998 999/999/999
f 963/963/963 1000/1000/1000 964/964/964
f 963/963/963 999/999/999 1000/1000/1000
f 964/964/964 1001/1001/1001 965/965/965
f 964/964/964 1000/1000/1000 1001/1001/1001
f 965/965/965 1002/1002/1002 966/966/966
f 965/965/965 1001/1001/1001 1002/1002/1002
f 966/966/966 1003/1003/1003 967/967/967
f 966/966/966 1002/1002/1002 1003/1003/1003
f 967/967/967 1004/1004/1004 968/968/968
f 967/967/967 1003/1003/1003 1004/1004/1004
f 968/968/968 1005/1005/1005 969/969/969
f 968/968/968 1004/1004/1004 1005/1005/1005
f 969/969/969 1006/1006/1006 970/970/970
f 969/969/969 1005/1005/1005 1006/1006/1006
f 970/970/970 1007/1007/1007 971/971/971
f 970/970/970 1006/1006/1006 1007/1007/1007
f 971/971/971 1008/1008/1008 972/972/972
f 971/971/971 1007/1007/1007 1008/1008/1008
f 972/972/972 973/973/973 937/937/937
f 972/972/972 1008/1008/1008 973/973/973
f 973/973/973 1010/1010/1010 974/974/974
f 973/973/973 1009/1009/1009 1010/1010/1010
f 974/974/974 1011/1011/1011 975/975/975
f 974/974/974 1010/1010/1010 1011/1011/1011
f 975/975/975 1012/1012/1012 976/976/976
f 975/975/975 1011/1011/1011 1012/1012/1012
f 976/976/976 1013/1013/1013 977/977/977
f 976/976/976 1012/1012/1012 1013/1013/1013
f 977/977/977 1014/1014/1014 978/978/978
f 977/977/977 1013/1013/1013 1014/1014/1014
f 978/978/978 1015/1015/1015 979/979/979
f 978/978/978 1014/1014/1014 1015/1015/1015
f 979/979/979 1016/1016/1016 980/980/980
f 979/979/979 1015/1015/1015 1016/1016/1016
f 980/980/980 1017/1017/1017 981/981/981
f 980/980/980 1016/1016/1016 1017/1017/1017
f 981/981/981 1018/1018/1018 982/982/982
f 981/981/981 1017/1017/1017 1018/1018/1018
f 982/982/982 1019/1019/1019 983/983/983
f 982/982/982 1018/1018/1018 1019/1019/1019
f 983/983/983 1020/1020/1020 984/984/984
f 983/983/983 1019/1019/1019 1020/1020/1020
f 984/984/984 1021/1021/1021 985/985/985
f 984/984/984 1020/1020/1020 1021/1021/1021
f 985/985/985 1022/1022/1022 986/986/986
f 985/985/985 1021/1021/1021 1022/1022/1022
f 986/986/986 1023/1023/1023 987/987/987
f 986/986/986 1022/1022/1022 1023/1023/1023
f 987/987/987 1024/1024/1024 988/988/988
f 987/987/987 1023/1023/1023 1024/1024/1024
f 988/988/988 1025/1025/1025 989/989/989
f 988/988/988 1024/1024/1024 1025/1025/1025
f 989/989/989 1026/1026/1026 990/990/990
f 989/989/989 1025/1025/1025 1026/1026/1026
f 990/990/990 1027/1027/1027 991/991/991
f 990/990/990 1026/1026/1026 1027/1027/1027
f 991/991/991 1028/1028/1028 992/992/992
f 991/991/991 1027/1027/1027 1028/1028/1028
f 992/992/992 1029/1029/1029 993/993/993
f 992/992/992 1028/1028/1028 1029/1029/1029
f 993/993/993 1030/1030/1030 994/994/994
f 993/993/993 1029/1029/1029 1030/1030/1030
f 994/994/994 1031/1031/1031 995/995/995
f 994/994/994 1030/1030/1030 1031/1031/1031
f 995/995/995 1032/1032/1032 996/996/996
f 995/995/995 1031/1031/1031 1032/1032/1032
f 996/996/996 1033/1033/1033 997/997/997
f 996/996/996 1032/1032/1032 1033/1033/1033
f 997/997/997 1034/1034/1034 998/998/998
f 997/997/997 1033/1033/1033 1034/1034/1034
f 998/998/998 1035/1035/1035 999/999/999
f 998/998/998 1034/1034/1034 1035/1035/1035
f 999/999/999 1036/1036/1036 1000/1000/1000
f 999/999/999 1035/1035/1035 1036/1036/1036
f 1000/1000/1000 1037/1037/1037 1001/1001/1001
f 1000/1000/1000 1036/1036/1036 1037/1037/1037
f 1001/1001/1001 1038/1038/1038 1002/1002/1002
f 1001/1001/1001 1037/1037/1037 1038/1038/1038
f 1002/1002/1002 1039/1039/1039 1003/1003/1003
f 1002/1002/1002 1038/1038/1038 1039/1039/1039
f 1003/1003/1003 1040/1040/1040 1004/1004/1004
f 1003/1003/1003 1039/1039/1039 1040/1040/1040
f 1004/1004/1004 1041/1041/1041 1005/1005/1005
f 1004/1004/1004 1040/1040/1040 1041/1041/1041
f 1005/1005/1005 1042/1042/1042 1006/1006/1006
f 1005/1005/1005 1041/1041/1041 1042/1042/1042
f 1006/1006/1006 1043/1043/1043 1007/1007/1007
f 1006/1006/1006 1042/1042/1042 1043/1043/1043
f 1007/1007/1007 1044/1044/1044 1008/1008/1008
f 1007/1007/1007 1043/1043/1043 1044/1044/1044
f 1008/1008/1008 1009/1009/1009 973/973/973
f 1008/1008/1008 1044/1044/1044 1009/1009/1009
f 1009/1009/1009 1046/1046/1046 1010/1010/1010
f 1009/1009/1009 1045/1045/1045 1046/1046/1046
f 1010/1010/1010 1047/1047/1047 1011/1011/1011
f 1010/1010/1010 1046/1046/1046 1047/1047/1047
f 1011/1011/1011 1048/1048/1048 1012/1012/1012
f 1011/1011/1011 1047/1047/1047 1048/1048/1048
f 1012/1012/1012 1049/1049/1049 1013/1013/1013
f 1012/1012/1012 1048/1048/1048 1049/1049/1049
f 1013/1013/1013 1050/1050/1050 1014/1014/1014
f 1013/1013/1013 1049/1049/1049 1050/1050/1050
f 1014/1014/1014 1051/1051/1051 1015/1015/1015
f 1014/1014/1014 1050/1050/1050 1051/1051/1051
f 1015/1015/1015 1052/1052/1052 1016/1016/1016
f 1015/1015/1015 1051/1051/1051 1052/1052/1052
f 1016/1016/1016 1053/1053/1053 1017/1017/1017
f 1016/1016/1016 1052/1052/1052 1053/1053/1053
f 1017/1017/1017 1054/1054/1054 1018/1018/1018
f 1017/1017/1017 1053/1053/1053 1054/1054/1054
f 1018/1018/1018 1055/1055/1055 1019/1019/1019
f 1018/1018/1018 1054/1054/1054 1055/1055/1055
f 1019/1019/1019 1056/1056/1056 1020/1020/1020
f 1019/1019/1019 1055/1055/1055 1056/1056/1056
f 1020/1020/1020 1057/1057/1057 1021/1021/1021
f 1020/1020/1020 1056/1056/1056 1057/1057/1057
f 1021/1021/1021 1058/1058/1058 1022/1022/1022
f 1021/1021/1021 1057/1057/1057 1058/1058/1058
f 1022/1022/1022 1059/1059/1059 1023/1023/1023
f 1022/1022/1022 1058/1058/1058 1059/1059/1059
f 1023/1023/1023 1060/1060/1060 1024/1024/1024
f 1023/1023/1023 1059/1059/1059 1060/1060/1060
f 1024/1024/1024 1061/1061/1061 1025/1025/1025
f 1024/1024/1024 1060/1060/1060 1061/1061/1061
f 1025/1025/1025 1062/1062/1062 1026/1026/1026
f 1025/1025/1025 1061/1061/1061 1062/1062/1062
f 1026/1026/1026 1063/1063/1063 1027/1027/1027
f 1026/1026/1026 1062/1062/1062 1063/1063/1063
f 1027/1027/1027 1064/1064/1064 1028/1028/1028
f 1027/1027/1027 1063/1063/1063 1064/1064/1064
f 1028/1028/1028 1065/1065/1065 1029/1029/1029
f 1028/1028/1028 1064/1064/1064 1065/1065/1065
f 1029/1029/1029 1066/1066/1066 1030/1030/1030
f 1029/1029/1029 1065/1065/1065 1066/1066/1066
f 1030/1030/1030 1067/1067/1067 1031/1031/1031
f 1030/1030/1030 1066/1066/1066 1067/1067/1067
f 1031/1031/1031 1068/1068/1068 1032/1032/1032
f 1031/1031/1031 1067/1067/1067 1068/1068/1068
f 1032/1032/1032 1069/1069/1069 1033/1033/1033
f 1032/1032/1032 1068/1068/1068 1069/1069/1069
f 1033/1033/1033 1070/1070/1070 1034/1034/1034
f 1033/1033/1033 1069/1069/1069 1070/1070/1070
f 1034/1034/1034 1071/1071/1071 1035/1035/1035
f 1034/1034/1034 1070/1070/1070 1071/1071/1071
f 1035/1035/1035 1072/1072/1072 1036/1036/1036
f 1035/1035/1035 1071/1071/1071 1072/1072/1072
f 1036/1036/1036 1073/1073/1073 1037/1037/1037
f 1036/1036/1036 1072/1072/1072 1073/1073/1073
f 1037/1037/1037 1074/1074/1074 1038/1038/1038
f 1037/1037/1037 1073/1073/1073 1074/1074/1074
f 1038/1038/1038 1075/1075/1075 1039/1039/1039
f 1038/1038/1038 1074/1074/1074 1075/1075/1075
f 1039/1039/1039 1076/1076/1076 1040/1040/1040
f 1039/1039/1039 1075/1075/1075 1076/1076/1076
f 1040/1040/1040 1077/1077/1077 1041/1041/1041
f 1040/1040/1040 1076/1076/1076 1077/1077/1077
f 1041/1041/1041 1078/1078/1078 1042/1042/1042
f 1041/1041/1041 1077/1077/1077 1078/1078/1078
f 1042/1042/1042 1079/1079/1079 1043/1043/1043
f 1042/1042/1042 1078/1078/1078 1079/1079/1079
f 1043/1043/1043 1080/1080/1080 1044/1044/1044
f 1043/1043/1043 1079/1079/1079 1080/1080/1080
f 1044/1044/1044 1045/1045/1045 1009/1009/1009
f 1044/1044/1044 1080/1080/1080 1045/1045/1045
f 1081/1081/1081 1/1/1 2/2/2
f 1081/1081/1081 2/2/2 3/3/3
f 1081/1081/1081 3/3/3 4/4/4
f 1081/1081/1081 4/4/4 5/5/5
f 1081/1081/1081 5/5/5 6/6/6
f 1081/1081/1081 6/6/6 7/7/7
f 1081/1081/1081 7/7/7 8/8/8
f 1081/1081/1081 8/8/8 9/9/9
f 1081/1081/1081 9/9/9 10/10/10
f 1081/1081/1081 10/10/10 11/11/11
f 1081/1081/1081 11/11/11 12/12/12
f 1081/1081/1081 12/12/12 13/13/13
f 1081/1081/1081 13/13/13 14/14/14
f 1081/1081/1081 14/14/14 15/15/15
f 1081/1081/1081 15/15/15 16/16/16
f 1081/1081/1081 16/16/16 17/17/17
f 1081/1081/1081 17/17/17 18/18/18
f 1081/1081/1081 18/18/18 19/19/19
f 1081/1081/1081 19/19/19 20/20/20
f 1081/1081/1081 20/20/20 21/21/21
f 1081/1081/1081 21/21/21 22/22/22
f 1081/1081/1081 22/22/22 23/23/23
f 1081/1081/1081 23/23/23 24/24/24
f 1081/1081/1081 24/24/24 25/25/25
f 1081/1081/1081 25/25/25 26/26/26
f 1081/1081/1081 26/26/26 27/27/27
f 1081/1081/1081 27/27/27 28/28/28
f 1081/1081/1081 28/28/28 29/29/29
f 1081/1081/1081 29/29/29 30/30/30
f 1081/1081/1081 30/30/30 31/31/31
f 1081/1081/1081 31/31/31 32/32/32
f 1081/1081/1081 32/32/32 33/33/33
f 1081/1081/1081 33/33/33 34/34/34
f 1081/1081/1081 34/34/34 35/35/35
f 1081/1081/1081 35/35/35 36/36/36
f 1081/1081/1081 36/36/36 1/1/1
f 1082/1082/1082 1046/1046/1046 1045/1045/1045
f 1082/1082/1082 1047/1047/1047 1046/1046/1046
f 1082/1082/1082 1048/1048/1048 1047/1047/1047
f 1082/1082/1082 1049/1049/1049 1048/1048/1048
f 1082/1082/1082 1050/1050/1050 1049/1049/1049
f 1082/1082/1082 1051/1051/1051 1050/1050/1050
f 1082/1082/1082 1052/1052/1052 1051/1051/1051
f 1082/1082/1082 1053/1053/1053 1052/1052/1052
f 1082/1082/1082 1054/1054/1054 1053/1053/1053
f 1082/1082/1082 1055/1055/1055 1054/1054/1054
f 1082/1082/1082 1056/1056/1056 1055/1055/1055
f 1082/1082/1082 1057/1057/1057 1056/1056/1056
f 1082/1082/1082 1058/1058/1058 1057/1057/1057
f 1082/1082/1082 1059/1059/1059 1058/1058/1058
f 1082/1082/1082 1060/1060/1060 1059/1059/1059
f 1082/1082/1082 1061/1061/1061 1060/1060/1060
f 1082/1082/1082 1062/1062/1062 1061/1061/1061
f 1082/1082/1082 1063/1063/1063 1062/1062/1062
f 1082/1082/1082 1064/1064/1064 1063/1063/1063
f 1082/1082/1082 1065/1065/1065 1064/1064/1064
f 1082/1082/1082 1066/1066/1066 1065/1065/1065
f 1082/1082/1082 1067/1067/1067 1066/1066/1066
f 1082/1082/1082 1068/1068/1068 1067/1067/1067
f 1082/1082/1082 1069/1069/1069 1068/1068/1068
f 1082/1082/1082 1070/1070/1070 1069/1069/1069
f 1082/1082/1082 1071/1071/1071 1070/1070/1070
f 1082/1082/1082 1072/1072/1072 1071/1071/1071
f 1082/1082/1082 1073/1073/1073 1072/1072/1072
f 1082/1082/1082 1074/1074/1074 1073/1073/1073
f 1082/1082/1082 1075/1075/1075 1074/1074/1074
f 1082/1082/1082 1076/1076/1076 1075/1075/1075
f 1082/1082/1082 1077/1077/1077 1076/1076/1076
f 1082/1082/1082 1078/1078/1078 1077/1077/1077
f 1082/1082/1082 1079/1079/1079 1078/1078/1078
f 1082/1082/1082 1080/1080/1080 1079/1079/1079
f 1082/1082/1082 1045/1045/1045 1080/1080/1080
