# procedural placeholder mesh: farmer_hair
v 0.00253 0.25253 -0.00600
v 0.00251 0.25264 -0.00567
v 0.00245 0.25273 -0.00534
v 0.00235 0.25280 -0.00503
v 0.00220 0.25285 -0.00473
v 0.00202 0.25288 -0.00445
v 0.00180 0.25289 -0.00420
v 0.00155 0.25287 -0.00398
v 0.00127 0.25282 -0.00380
v 0.00097 0.25275 -0.00366
v 0.00066 0.25266 -0.00355
v 0.00033 0.25255 -0.00349
v 0.00000 0.25242 -0.00347
v -0.00033 0.25227 -0.00349
v -0.00065 0.25212 -0.00356
v -0.00097 0.25195 -0.00367
v -0.00126 0.25178 -0.00382
v -0.00153 0.25160 -0.00400
v -0.00178 0.25143 -0.00422
v -0.00199 0.25126 -0.00447
v -0.00217 0.25110 -0.00475
v -0.00232 0.25095 -0.00504
v -0.00242 0.25082 -0.00535
v -0.00248 0.25069 -0.00567
v -0.00250 0.25059 -0.00600
v -0.00248 0.25051 -0.00633
v -0.00241 0.25046 -0.00665
v -0.00231 0.25042 -0.00696
v -0.00216 0.25040 -0.00725
v -0.00198 0.25040 -0.00752
v -0.00177 0.25042 -0.00777
v -0.00152 0.25046 -0.00798
v -0.00125 0.25052 -0.00816
v -0.00096 0.25059 -0.00831
v -0.00065 0.25068 -0.00842
v -0.00033 0.25078 -0.00848
v -0.00000 0.25090 -0.00851
v 0.00033 0.25102 -0.00849
v 0.00065 0.25116 -0.00842
v 0.00096 0.25130 -0.00832
v 0.00126 0.25144 -0.00818
v 0.00153 0.25159 -0.00800
v 0.00178 0.25174 -0.00778
v 0.00200 0.25189 -0.00754
v 0.00219 0.25203 -0.00726
v 0.00234 0.25217 -0.00697
v 0.00244 0.25230 -0.00665
v 0.00251 0.25242 -0.00633
v 0.01314 0.25543 -0.00600
v 0.01309 0.25616 -0.00428
v 0.01282 0.25690 -0.00257
v 0.01232 0.25761 -0.00090
v 0.01160 0.25823 0.00069
v 0.01066 0.25872 0.00218
v 0.00952 0.25903 0.00352
v 0.00820 0.25914 0.00469
v 0.00673 0.25901 0.00566
v 0.00514 0.25865 0.00640
v 0.00346 0.25808 0.00692
v 0.00174 0.25732 0.00719
v 0.00000 0.25642 0.00723
v -0.00171 0.25543 0.00702
v -0.00338 0.25441 0.00660
v -0.00496 0.25340 0.00597
v -0.00643 0.25245 0.00514
v -0.00779 0.25158 0.00415
v -0.00899 0.25083 0.00299
v -0.01005 0.25018 0.00171
v -0.01092 0.24963 0.00031
v -0.01161 0.24916 -0.00119
v -0.01210 0.24874 -0.00276
v -0.01239 0.24837 -0.00437
v -0.01247 0.24804 -0.00600
v -0.01234 0.24779 -0.00762
v -0.01200 0.24759 -0.00922
v -0.01147 0.24744 -0.01075
v -0.01074 0.24736 -0.01220
v -0.00984 0.24736 -0.01355
v -0.00878 0.24747 -0.01478
v -0.00757 0.24768 -0.01587
v -0.00623 0.24798 -0.01679
v -0.00478 0.24837 -0.01755
v -0.00325 0.24883 -0.01811
v -0.00164 0.24934 -0.01848
v -0.00000 0.24986 -0.01863
v 0.00166 0.25038 -0.01857
v 0.00329 0.25088 -0.01829
v 0.00489 0.25134 -0.01779
v 0.00640 0.25177 -0.01709
v 0.00782 0.25216 -0.01619
v 0.00910 0.25254 -0.01510
v 0.01024 0.25291 -0.01386
v 0.01121 0.25331 -0.01247
v 0.01200 0.25375 -0.01097
v 0.01258 0.25425 -0.00937
v 0.01297 0.25481 -0.00771
v 0.02376 0.25483 -0.00600
v 0.02380 0.25631 -0.00287
v 0.02346 0.25803 0.00029
v 0.02271 0.25984 0.00341
v 0.02154 0.26156 0.00643
v 0.01992 0.26302 0.00928
v 0.01787 0.26407 0.01187
v 0.01544 0.26460 0.01412
v 0.01268 0.26455 0.01596
v 0.00967 0.26393 0.01733
v 0.00649 0.26277 0.01821
v 0.00324 0.26116 0.01859
v 0.00000 0.25924 0.01849
v -0.00315 0.25715 0.01794
v -0.00616 0.25507 0.01699
v -0.00899 0.25319 0.01571
v -0.01162 0.25163 0.01413
v -0.01403 0.25050 0.01229
v -0.01622 0.24981 0.01022
v -0.01816 0.24952 0.00794
v -0.01982 0.24948 0.00544
v -0.02115 0.24955 0.00276
v -0.02212 0.24958 -0.00007
v -0.02269 0.24946 -0.00301
v -0.02283 0.24912 -0.00600
v -0.02256 0.24869 -0.00897
v -0.02189 0.24814 -0.01187
v -0.02086 0.24760 -0.01464
v -0.01949 0.24716 -0.01725
v -0.01782 0.24691 -0.01968
v -0.01589 0.24692 -0.02189
v -0.01370 0.24720 -0.02386
v -0.01130 0.24773 -0.02557
v -0.00870 0.24848 -0.02699
v -0.00592 0.24937 -0.02809
v -0.00301 0.25032 -0.02883
v -0.00000 0.25123 -0.02917
v 0.00304 0.25203 -0.02910
v 0.00606 0.25265 -0.02861
v 0.00898 0.25306 -0.02769
v 0.01175 0.25326 -0.02636
v 0.01431 0.25326 -0.02465
v 0.01661 0.25313 -0.02261
v 0.01861 0.25295 -0.02028
v 0.02029 0.25282 -0.01772
v 0.02166 0.25286 -0.01497
v 0.02269 0.25316 -0.01208
v 0.02339 0.25381 -0.00908
v 0.03390 0.25122 -0.00600
v 0.03410 0.25327 -0.00151
v 0.03382 0.25582 0.00306
v 0.03295 0.25857 0.00765
v 0.03144 0.26121 0.01215
v 0.02922 0.26341 0.01642
v 0.02631 0.26497 0.02031
v 0.02277 0.26577 0.02367
v 0.01870 0.26579 0.02639
v 0.01425 0.26506 0.02839
v 0.00955 0.26364 0.02963
v 0.00475 0.26160 0.03009
v 0.00000 0.25907 0.02979
v -0.00458 0.25623 0.02881
v -0.00891 0.25338 0.02725
v -0.01294 0.25084 0.02524
v -0.01668 0.24895 0.02289
v -0.02016 0.24794 0.02027
v -0.02341 0.24789 0.01741
v -0.02641 0.24866 0.01427
v -0.02910 0.24994 0.01080
v -0.03134 0.25130 0.00698
v -0.03300 0.25232 0.00284
v -0.03396 0.25269 -0.00153
v -0.03417 0.25232 -0.00600
v -0.03367 0.25144 -0.01043
v -0.03252 0.25023 -0.01471
v -0.03084 0.24902 -0.01877
v -0.02871 0.24806 -0.02257
v -0.02619 0.24751 -0.02610
v -0.02333 0.24743 -0.02933
v -0.02014 0.24781 -0.03225
v -0.01664 0.24859 -0.03481
v -0.01283 0.24968 -0.03698
v -0.00876 0.25094 -0.03868
v -0.00446 0.25218 -0.03984
v -0.00000 0.25324 -0.04039
v 0.00451 0.25399 -0.04027
v 0.00897 0.25438 -0.03948
v 0.01327 0.25439 -0.03803
v 0.01729 0.25405 -0.03595
v 0.02096 0.25342 -0.03332
v 0.02420 0.25256 -0.03020
v 0.02696 0.25157 -0.02669
v 0.02923 0.25061 -0.02288
v 0.03103 0.24989 -0.01885
v 0.03238 0.24964 -0.01468
v 0.03334 0.25006 -0.01039
v 0.04381 0.24712 -0.00600
v 0.04415 0.24937 -0.00019
v 0.04386 0.25212 0.00575
v 0.04280 0.25499 0.01173
v 0.04083 0.25756 0.01757
v 0.03791 0.25954 0.02309
v 0.03406 0.26076 0.02806
v 0.02942 0.26125 0.03234
v 0.02415 0.26116 0.03583
v 0.01842 0.26063 0.03846
v 0.01238 0.25967 0.04019
v 0.00618 0.25813 0.04092
v 0.00000 0.25595 0.04063
v -0.00597 0.25317 0.03935
v -0.01159 0.25011 0.03724
v -0.01678 0.24724 0.03451
v -0.02158 0.24507 0.03137
v -0.02608 0.24406 0.02798
v -0.03037 0.24444 0.02437
v -0.03450 0.24612 0.02048
v -0.03837 0.24866 0.01615
v -0.04172 0.25135 0.01128
v -0.04426 0.25342 0.00586
v -0.04570 0.25427 0.00002
v -0.04593 0.25376 -0.00600
v -0.04508 0.25232 -0.01194
v -0.04334 0.25045 -0.01761
v -0.04097 0.24878 -0.02297
v -0.03810 0.24771 -0.02800
v -0.03480 0.24730 -0.03270
v -0.03105 0.24745 -0.03705
v -0.02686 0.24808 -0.04100
v -0.02222 0.24910 -0.04449
v -0.01717 0.25044 -0.04745
v -0.01173 0.25185 -0.04978
v -0.00597 0.25304 -0.05131
v -0.00000 0.25374 -0.05193
v 0.00600 0.25385 -0.05157
v 0.01186 0.25347 -0.05028
v 0.01746 0.25279 -0.04815
v 0.02268 0.25196 -0.04528
v 0.02743 0.25105 -0.04175
v 0.03163 0.24999 -0.03763
v 0.03517 0.24877 -0.03299
v 0.03803 0.24746 -0.02796
v 0.04024 0.24632 -0.02267
v 0.04188 0.24571 -0.01722
v 0.04306 0.24593 -0.01167
v 0.05419 0.24422 -0.00600
v 0.05455 0.24629 0.00118
v 0.05398 0.24842 0.00846
v 0.05235 0.25034 0.01568
v 0.04961 0.25191 0.02265
v 0.04580 0.25298 0.02914
v 0.04095 0.25346 0.03495
v 0.03526 0.25346 0.03995
v 0.02893 0.25330 0.04410
v 0.02213 0.25326 0.04744
v 0.01496 0.25320 0.04984
v 0.00752 0.25268 0.05111
v 0.00000 0.25130 0.05105
v -0.00733 0.24903 0.04965
v -0.01423 0.24618 0.04711
v -0.02059 0.24328 0.04371
v -0.02642 0.24089 0.03976
v -0.03184 0.23953 0.03549
v -0.03700 0.23960 0.03100
v -0.04202 0.24120 0.02625
v -0.04687 0.24405 0.02106
v -0.05125 0.24742 0.01523
v -0.05470 0.25027 0.00866
v -0.05671 0.25167 0.00147
v -0.05704 0.25128 -0.00600
v -0.05588 0.24961 -0.01336
v -0.05363 0.24753 -0.02037
v -0.05073 0.24600 -0.02701
v -0.04735 0.24542 -0.03334
v -0.04343 0.24560 -0.03933
v -0.03886 0.24614 -0.04486
v -0.03364 0.24688 -0.04984
v -0.02785 0.24797 -0.05424
v -0.02154 0.24944 -0.05801
v -0.01473 0.25096 -0.06097
v -0.00748 0.25191 -0.06280
v -0.00000 0.25184 -0.06326
v 0.00742 0.25077 -0.06235
v 0.01455 0.24922 -0.06029
v 0.02129 0.24780 -0.05740
v 0.02763 0.24689 -0.05386
v 0.03352 0.24640 -0.04969
v 0.03882 0.24600 -0.04482
v 0.04335 0.24533 -0.03926
v 0.04696 0.24431 -0.03311
v 0.04970 0.24324 -0.02658
v 0.05173 0.24265 -0.01986
v 0.05323 0.24298 -0.01301
v 0.06527 0.24202 -0.00600
v 0.06547 0.24357 0.00262
v 0.06416 0.24434 0.01119
v 0.06147 0.24458 0.01946
v 0.05777 0.24493 0.02736
v 0.05320 0.24562 0.03482
v 0.04763 0.24623 0.04163
v 0.04108 0.24647 0.04753
v 0.03378 0.24667 0.05252
v 0.02595 0.24717 0.05665
v 0.01762 0.24772 0.05977
v 0.00888 0.24760 0.06145
v 0.00000 0.24638 0.06143
v -0.00866 0.24425 0.05980
v -0.01685 0.24168 0.05689
v -0.02443 0.23912 0.05298
v -0.03136 0.23687 0.04832
v -0.03769 0.23524 0.04312
v -0.04355 0.23456 0.03755
v -0.04909 0.23516 0.03167
v -0.05444 0.23716 0.02543
v -0.05949 0.24024 0.01864
v -0.06374 0.24346 0.01108
v -0.06648 0.24563 0.00275
v -0.06722 0.24596 -0.00600
v -0.06608 0.24481 -0.01470
v -0.06358 0.24314 -0.02304
v -0.06038 0.24218 -0.03101
v -0.05665 0.24231 -0.03871
v -0.05215 0.24296 -0.04602
v -0.04664 0.24342 -0.05264
v -0.04023 0.24366 -0.05843
v -0.03321 0.24435 -0.06352
v -0.02571 0.24589 -0.06807
v -0.01763 0.24776 -0.07179
v -0.00895 0.24873 -0.07400
v -0.00000 0.24794 -0.07420
v 0.00875 0.24561 -0.07247
v 0.01701 0.24295 -0.06949
v 0.02482 0.24117 -0.06592
v 0.03232 0.24075 -0.06198
v 0.03952 0.24130 -0.05750
v 0.04615 0.24200 -0.05215
v 0.05182 0.24212 -0.04576
v 0.05628 0.24145 -0.03850
v 0.05959 0.24047 -0.03068
v 0.06209 0.24002 -0.02264
v 0.06404 0.24064 -0.01443
v 0.07622 0.23838 -0.00600
v 0.07612 0.23933 0.00402
v 0.07370 0.23851 0.01375
v 0.06967 0.23701 0.02286
v 0.06517 0.23675 0.03163
v 0.06044 0.23831 0.04037
v 0.05477 0.24045 0.04877
v 0.04767 0.24190 0.05613
v 0.03941 0.24275 0.06225
v 0.03034 0.24356 0.06726
v 0.02059 0.24397 0.07083
v 0.01032 0.24313 0.07236
v 0.00000 0.24098 0.07176
v -0.00995 0.23836 0.06956
v -0.01937 0.23605 0.06629
v -0.02821 0.23418 0.06212
v -0.03641 0.23265 0.05706
v -0.04387 0.23139 0.05118
v -0.05056 0.23044 0.04456
v -0.05652 0.23000 0.03737
v -0.06200 0.23059 0.02980
v -0.06725 0.23261 0.02186
v -0.07205 0.23565 0.01331
v -0.07564 0.23850 0.00396
v -0.07718 0.24000 -0.00600
v -0.07650 0.23997 -0.01607
v -0.07406 0.23914 -0.02584
v -0.07062 0.23874 -0.03525
v -0.06644 0.23922 -0.04436
v -0.06112 0.23976 -0.05290
v -0.05431 0.23936 -0.06031
v -0.04637 0.23830 -0.06643
v -0.03800 0.23802 -0.07182
v -0.02943 0.23951 -0.07704
v -0.02030 0.24209 -0.08175
v -0.01036 0.24370 -0.08470
v -0.00000 0.24276 -0.08482
v 0.01005 0.23964 -0.08231
v 0.01942 0.23637 -0.07847
v 0.02835 0.23478 -0.07444
v 0.03718 0.23525 -0.07040
v 0.04585 0.23687 -0.06576
v 0.05387 0.23832 -0.05987
v 0.06061 0.23868 -0.05251
v 0.06571 0.23780 -0.04394
v 0.06936 0.23646 -0.03473
v 0.07221 0.23593 -0.02535
v 0.07465 0.23682 -0.01583
v 0.08550 0.23137 -0.00600
v 0.08518 0.23197 0.00521
v 0.08181 0.23023 0.01592
v 0.07673 0.22791 0.02578
v 0.07195 0.22794 0.03554
v 0.06767 0.23110 0.04593
v 0.06229 0.23506 0.05629
v 0.05469 0.23753 0.06527
v 0.04532 0.23867 0.07249
v 0.03489 0.23944 0.07824
v 0.02358 0.23931 0.08198
v 0.01170 0.23726 0.08288
v 0.00000 0.23386 0.08125
v -0.01110 0.23077 0.07834
v -0.02166 0.22882 0.07484
v -0.03172 0.22769 0.07059
v -0.04123 0.22707 0.06542
v -0.05013 0.22691 0.05933
v -0.05818 0.22681 0.05218
v -0.06499 0.22630 0.04387
v -0.07066 0.22583 0.03480
v -0.07584 0.22653 0.02541
v -0.08080 0.22875 0.01565
v -0.08494 0.23162 0.00518
v -0.08731 0.23395 -0.00600
v -0.08740 0.23515 -0.01751
v -0.08521 0.23524 -0.02883
v -0.08142 0.23511 -0.03973
v -0.07647 0.23535 -0.05015
v -0.06998 0.23523 -0.05970
v -0.06158 0.23363 -0.06758
v -0.05189 0.23101 -0.07363
v -0.04207 0.22945 -0.07887
v -0.03252 0.23065 -0.08452
v -0.02262 0.23407 -0.09042
v -0.01167 0.23691 -0.09463
v -0.00000 0.23662 -0.09519
v 0.01135 0.23346 -0.09222
v 0.02190 0.23014 -0.08774
v 0.03208 0.22901 -0.08345
v 0.04234 0.23021 -0.07934
v 0.05243 0.23226 -0.07433
v 0.06155 0.23357 -0.06755
v 0.06888 0.23325 -0.05885
v 0.07411 0.23148 -0.04879
v 0.07773 0.22944 -0.03820
v 0.08074 0.22866 -0.02763
v 0.08359 0.22969 -0.01700
v 0.09224 0.22107 -0.00600
v 0.09180 0.22151 0.00609
v 0.08828 0.22006 0.01765
v 0.08322 0.21848 0.02847
v 0.07883 0.21962 0.03952
v 0.07504 0.22390 0.05158
v 0.06947 0.22830 0.06347
v 0.06083 0.23034 0.07328
v 0.05021 0.23092 0.08096
v 0.03861 0.23150 0.08721
v 0.02601 0.23104 0.09109
v 0.01282 0.22825 0.09136
v 0.00000 0.22437 0.08897
v -0.01209 0.22156 0.08585
v -0.02368 0.22018 0.08238
v -0.03475 0.21936 0.07790
v -0.04534 0.21920 0.07253
v -0.05578 0.22035 0.06670
v -0.06577 0.22201 0.05977
v -0.07414 0.22254 0.05089
v -0.08046 0.22188 0.04045
v -0.08563 0.22162 0.02947
v -0.09041 0.22272 0.01823
v -0.09443 0.22470 0.00643
v -0.09706 0.22688 -0.00600
v -0.09781 0.22880 -0.01888
v -0.09600 0.22969 -0.03172
v -0.09169 0.22951 -0.04398
v -0.08560 0.22903 -0.05542
v -0.07780 0.22809 -0.06569
v -0.06795 0.22572 -0.07395
v -0.05673 0.22223 -0.07994
v -0.04556 0.21972 -0.08490
v -0.03508 0.22039 -0.09069
v -0.02457 0.22432 -0.09770
v -0.01285 0.22854 -0.10359
v -0.00000 0.22950 -0.10523
v 0.01267 0.22694 -0.10227
v 0.02447 0.22387 -0.09733
v 0.03590 0.22296 -0.09266
v 0.04742 0.22421 -0.08814
v 0.05857 0.22586 -0.08233
v 0.06824 0.22621 -0.07424
v 0.07554 0.22466 -0.06396
v 0.08047 0.22190 -0.05246
v 0.08400 0.21949 -0.04079
v 0.08723 0.21875 -0.02937
v 0.09031 0.21970 -0.01789
v 0.09772 0.21000 -0.00600
v 0.09666 0.20977 0.00673
v 0.09365 0.20922 0.01909
v 0.08978 0.20945 0.03119
v 0.08624 0.21191 0.04379
v 0.08229 0.21616 0.05715
v 0.07552 0.21930 0.06952
v 0.06527 0.21972 0.07906
v 0.05346 0.21941 0.08659
v 0.04111 0.21995 0.09326
v 0.02768 0.21947 0.09732
v 0.01359 0.21652 0.09720
v 0.00000 0.21315 0.09479
v -0.01295 0.21156 0.09239
v -0.02552 0.21090 0.08923
v -0.03730 0.20976 0.08406
v -0.04854 0.20934 0.07807
v -0.06034 0.21144 0.07264
v -0.07246 0.21488 0.06646
v -0.08277 0.21677 0.05751
v -0.09014 0.21652 0.04604
v -0.09571 0.21602 0.03364
v -0.10040 0.21637 0.02090
v -0.10368 0.21702 0.00765
v -0.10557 0.21804 -0.00600
v -0.10649 0.21992 -0.02002
v -0.10511 0.22136 -0.03416
v -0.10018 0.22097 -0.04750
v -0.09267 0.21951 -0.05951
v -0.08364 0.21789 -0.07018
v -0.07299 0.21563 -0.07899
v -0.06105 0.21263 -0.08556
v -0.04892 0.21013 -0.09073
v -0.03748 0.21023 -0.09648
v -0.02630 0.21400 -0.10416
v -0.01391 0.21907 -0.11166
v -0.00000 0.22131 -0.11477
v 0.01399 0.21965 -0.11223
v 0.02701 0.21679 -0.10680
v 0.03947 0.21556 -0.10129
v 0.05188 0.21618 -0.09585
v 0.06363 0.21696 -0.08892
v 0.07339 0.21621 -0.07939
v 0.08036 0.21366 -0.06766
v 0.08519 0.21067 -0.05519
v 0.08943 0.20906 -0.04304
v 0.09362 0.20919 -0.03109
v 0.09674 0.20985 -0.01874
v 0.10459 0.20073 -0.00600
v 0.10173 0.19901 0.00739
v 0.09882 0.19875 0.02048
v 0.09615 0.20028 0.03383
v 0.09308 0.20323 0.04774
v 0.08823 0.20647 0.06170
v 0.07989 0.20801 0.07389
v 0.06832 0.20735 0.08303
v 0.05589 0.20696 0.09080
v 0.04316 0.20784 0.09820
v 0.02900 0.20720 0.10223
v 0.01414 0.20400 0.10143
v 0.00000 0.20149 0.09946
v -0.01378 0.20156 0.09864
v -0.02734 0.20164 0.09604
v -0.03963 0.19984 0.08968
v -0.05117 0.19879 0.08264
v -0.06407 0.20130 0.07750
v -0.07801 0.20571 0.07201
v -0.08996 0.20837 0.06303
v -0.09838 0.20854 0.05080
v -0.10472 0.20833 0.03738
v -0.10982 0.20863 0.02343
v -0.11233 0.20828 0.00879
v -0.11268 0.20775 -0.00600
v -0.11309 0.20895 -0.02089
v -0.11205 0.21063 -0.03602
v -0.10652 0.21002 -0.05012
v -0.09748 0.20765 -0.06228
v -0.08746 0.20564 -0.07311
v -0.07685 0.20428 -0.08285
v -0.06520 0.20292 -0.09098
v -0.05268 0.20139 -0.09724
v -0.04020 0.20112 -0.10305
v -0.02806 0.20405 -0.11073
v -0.01489 0.20897 -0.11911
v -0.00000 0.21192 -0.12349
v 0.01520 0.21105 -0.12148
v 0.02930 0.20821 -0.11536
v 0.04245 0.20622 -0.10848
v 0.05528 0.20591 -0.10174
v 0.06727 0.20586 -0.09366
v 0.07697 0.20443 -0.08297
v 0.08391 0.20175 -0.07038
v 0.08968 0.19983 -0.05778
v 0.09627 0.20039 -0.04587
v 0.10270 0.20224 -0.03352
v 0.10575 0.20253 -0.01992
v 0.11349 0.19285 -0.00600
v 0.10826 0.18971 0.00825
v 0.10436 0.18887 0.02196
v 0.10146 0.19017 0.03603
v 0.09757 0.19225 0.05033
v 0.09141 0.19411 0.06414
v 0.08237 0.19504 0.07637
v 0.07085 0.19496 0.08633
v 0.05869 0.19569 0.09565
v 0.04575 0.19727 0.10444
v 0.03057 0.19622 0.10808
v 0.01471 0.19227 0.10573
v 0.00000 0.19019 0.10385
v -0.01460 0.19167 0.10491
v -0.02921 0.19239 0.10302
v -0.04199 0.19009 0.09536
v -0.05384 0.18861 0.08725
v -0.06766 0.19113 0.08217
v -0.08279 0.19547 0.07679
v -0.09574 0.19810 0.06747
v -0.10498 0.19849 0.05461
v -0.11207 0.19855 0.04042
v -0.11785 0.19907 0.02558
v -0.12005 0.19840 0.00980
v -0.11878 0.19672 -0.00600
v -0.11812 0.19697 -0.02155
v -0.11720 0.19858 -0.03740
v -0.11121 0.19788 -0.05207
v -0.10092 0.19507 -0.06427
v -0.09035 0.19314 -0.07533
v -0.08031 0.19292 -0.08631
v -0.06949 0.19333 -0.09656
v -0.05688 0.19304 -0.10451
v -0.04332 0.19263 -0.11058
v -0.02992 0.19440 -0.11767
v -0.01577 0.19823 -0.12582
v -0.00000 0.20100 -0.13065
v 0.01618 0.20048 -0.12888
v 0.03104 0.19754 -0.12183
v 0.04445 0.19480 -0.11332
v 0.05730 0.19366 -0.10525
v 0.06924 0.19304 -0.09624
v 0.07895 0.19151 -0.08495
v 0.08655 0.18964 -0.07241
v 0.09454 0.18970 -0.06059
v 0.10481 0.19282 -0.04941
v 0.11422 0.19632 -0.03660
v 0.11716 0.19627 -0.02142
v 0.12132 0.18356 -0.00600
v 0.11491 0.18028 0.00913
v 0.10974 0.17889 0.02340
v 0.10528 0.17910 0.03761
v 0.09958 0.17972 0.05149
v 0.09230 0.18054 0.06482
v 0.08380 0.18186 0.07780
v 0.07345 0.18316 0.08972
v 0.06201 0.18520 0.10140
v 0.04891 0.18749 0.11207
v 0.02543 0.16957 0.08889
v 0.01282 0.16957 0.09140
v 0.00000 0.16957 0.09224
v -0.01282 0.16957 0.09140
v -0.03086 0.18230 0.10917
v -0.04418 0.18000 0.10066
v -0.05662 0.17866 0.09207
v -0.07129 0.18101 0.08691
v -0.08698 0.18459 0.08098
v -0.10060 0.18689 0.07119
v -0.11081 0.18759 0.05798
v -0.11826 0.18762 0.04298
v -0.12406 0.18788 0.02724
v -0.12621 0.18719 0.01062
v -0.12395 0.18516 -0.00600
v -0.12214 0.18470 -0.02208
v -0.12110 0.18602 -0.03845
v -0.11500 0.18548 -0.05363
v -0.10429 0.18302 -0.06621
v -0.09376 0.18166 -0.07794
v -0.08418 0.18218 -0.09018
v -0.07367 0.18338 -0.10201
v -0.06079 0.18371 -0.11128
v -0.04627 0.18331 -0.11770
v -0.03164 0.18412 -0.12408
v -0.01646 0.18644 -0.13099
v -0.00000 0.18823 -0.13502
v 0.01671 0.18762 -0.13291
v 0.03190 0.18474 -0.12506
v 0.04530 0.18178 -0.11536
v 0.05792 0.18024 -0.10632
v 0.06962 0.17934 -0.09673
v 0.07956 0.17822 -0.08556
v 0.08856 0.17768 -0.07395
v 0.09920 0.17945 -0.06327
v 0.11262 0.18392 -0.05265
v 0.12391 0.18778 -0.03920
v 0.12637 0.18729 -0.02264
v 0.12449 0.17139 -0.00600
v 0.11912 0.16924 0.00968
v 0.11362 0.16800 0.02445
v 0.10798 0.16763 0.03873
v 0.10114 0.16758 0.05239
v 0.09355 0.16814 0.06578
v 0.08590 0.16990 0.07990
v 0.07623 0.17174 0.09334
v 0.05111 0.16040 0.08252
v 0.03912 0.16040 0.08843
v 0.02645 0.16040 0.09273
v 0.01334 0.16040 0.09534
v 0.00000 0.16040 0.09621
v -0.01334 0.16040 0.09534
v -0.02645 0.16040 0.09273
v -0.03912 0.16040 0.08843
v -0.05887 0.16806 0.09597
v -0.07431 0.17019 0.09085
v -0.09006 0.17280 0.08406
v -0.10454 0.17497 0.07421
v -0.11662 0.17640 0.06133
v -0.12428 0.17633 0.04548
v -0.12872 0.17571 0.02849
v -0.13029 0.17480 0.01115
v -0.12773 0.17298 -0.00600
v -0.12517 0.17225 -0.02248
v -0.12389 0.17324 -0.03920
v -0.11819 0.17308 -0.05496
v -0.10822 0.17161 -0.06848
v -0.09832 0.17111 -0.08144
v -0.08840 0.17164 -0.09440
v -0.07695 0.17233 -0.10629
v -0.06335 0.17247 -0.11573
v -0.04828 0.17220 -0.12255
v -0.03284 0.17255 -0.12854
v -0.01680 0.17348 -0.13364
v -0.00000 0.17396 -0.13572
v 0.01671 0.17314 -0.13295
v 0.03196 0.17088 -0.12527
v 0.04540 0.16850 -0.11561
v 0.05787 0.16707 -0.10624
v 0.06947 0.16627 -0.09653
v 0.08018 0.16591 -0.08618
v 0.09099 0.16655 -0.07582
v 0.10337 0.16885 -0.06568
v 0.11748 0.17270 -0.05466
v 0.12798 0.17533 -0.04029
v 0.12920 0.17426 -0.02301
v 0.12391 0.15803 -0.00600
v 0.12053 0.15712 0.00987
v 0.11539 0.15631 0.02492
v 0.11007 0.15618 0.03959
v 0.10399 0.15654 0.05404
v 0.09694 0.15736 0.06839
v 0.07461 0.15090 0.06861
v 0.06423 0.15090 0.07771
v 0.05276 0.15090 0.08538
v 0.04038 0.15090 0.09148
v 0.02731 0.15090 0.09592
v 0.01377 0.15090 0.09861
v 0.00000 0.15090 0.09951
v -0.01377 0.15090 0.09861
v -0.02731 0.15090 0.09592
v -0.04038 0.15090 0.09148
v -0.05276 0.15090 0.08538
v -0.06423 0.15090 0.07771
v -0.09150 0.16016 0.08550
v -0.10705 0.16230 0.07614
v -0.12204 0.16462 0.06446
v -0.13053 0.16477 0.04807
v -0.13277 0.16328 0.02957
v -0.13264 0.16186 0.01146
v -0.12980 0.16031 -0.00600
v -0.12695 0.15963 -0.02271
v -0.12553 0.16037 -0.03963
v -0.12057 0.16058 -0.05594
v -0.11214 0.16019 -0.07074
v -0.10308 0.16036 -0.08509
v -0.09195 0.16041 -0.09795
v -0.07866 0.16008 -0.10851
v -0.06430 0.15985 -0.11738
v -0.04917 0.15981 -0.12471
v -0.03339 0.16000 -0.13060
v -0.01682 0.15995 -0.13376
v -0.00000 0.15943 -0.13353
v 0.01641 0.15872 -0.13061
v 0.03182 0.15765 -0.12475
v 0.04574 0.15633 -0.11643
v 0.05844 0.15531 -0.10722
v 0.07048 0.15487 -0.09785
v 0.08263 0.15530 -0.08863
v 0.09511 0.15647 -0.07898
v 0.10762 0.15817 -0.06813
v 0.11987 0.16029 -0.05565
v 0.12747 0.16115 -0.04016
v 0.12712 0.15970 -0.02274
v 0.12438 0.14581 -0.00600
v 0.12181 0.14537 0.01004
v 0.11622 0.14464 0.02514
v 0.11187 0.14486 0.04034
v 0.10750 0.14574 0.05607
v 0.08577 0.14113 0.05982
v 0.07645 0.14113 0.07045
v 0.06582 0.14113 0.07977
v 0.05406 0.14113 0.08763
v 0.04137 0.14113 0.09389
v 0.02798 0.14113 0.09843
v 0.01411 0.14113 0.10119
v 0.00000 0.14113 0.10212
v -0.01411 0.14113 0.10119
v -0.02798 0.14113 0.09843
v -0.04137 0.14113 0.09389
v -0.05406 0.14113 0.08763
v -0.06582 0.14113 0.07977
v -0.07645 0.14113 0.07045
v -0.10804 0.14921 0.07690
v -0.12578 0.15182 0.06662
v -0.13601 0.15239 0.05034
v -0.13670 0.15075 0.03063
v -0.13428 0.14899 0.01168
v -0.13058 0.14760 -0.00600
v -0.12765 0.14707 -0.02281
v -0.12632 0.14765 -0.03985
v -0.12197 0.14801 -0.05652
v -0.11482 0.14817 -0.07229
v -0.10627 0.14857 -0.08754
v -0.09381 0.14820 -0.09981
v -0.07915 0.14743 -0.10915
v -0.06462 0.14721 -0.11792
v -0.04955 0.14728 -0.12563
v -0.03352 0.14729 -0.13111
v -0.01670 0.14684 -0.13286
v -0.00000 0.14606 -0.13124
v 0.01623 0.14580 -0.12927
v 0.03223 0.14586 -0.12630
v 0.04705 0.14539 -0.11958
v 0.06026 0.14470 -0.11037
v 0.07321 0.14462 -0.10141
v 0.08698 0.14542 -0.09298
v 0.10036 0.14642 -0.08301
v 0.11191 0.14720 -0.07061
v 0.12175 0.14794 -0.05643
v 0.12678 0.14779 -0.03997
v 0.12586 0.14655 -0.02257
v 0.12870 0.13475 -0.00600
v 0.12474 0.13419 0.01042
v 0.11718 0.13333 0.02540
v 0.11301 0.13352 0.04081
v 0.09527 0.13115 0.04900
v 0.08727 0.13115 0.06097
v 0.07779 0.13115 0.07179
v 0.06697 0.13115 0.08127
v 0.05500 0.13115 0.08927
v 0.04210 0.13115 0.09563
v 0.02847 0.13115 0.10026
v 0.01436 0.13115 0.10306
v 0.00000 0.13115 0.10400
v -0.01436 0.13115 0.10306
v -0.02847 0.13115 0.10026
v -0.04210 0.13115 0.09563
v -0.05500 0.13115 0.08927
v -0.06697 0.13115 0.08127
v -0.07779 0.13115 0.07179
v -0.08727 0.13115 0.06097
v -0.12681 0.13815 0.06721
v -0.13867 0.13886 0.05144
v -0.13952 0.13777 0.03139
v -0.13565 0.13631 0.01186
v -0.13088 0.13517 -0.00600
v -0.12813 0.13485 -0.02287
v -0.12730 0.13534 -0.04011
v -0.12297 0.13559 -0.05694
v -0.11575 0.13570 -0.07283
v -0.10694 0.13592 -0.08806
v -0.09398 0.13556 -0.09998
v -0.07957 0.13513 -0.10969
v -0.06546 0.13517 -0.11938
v -0.04998 0.13511 -0.12667
v -0.03355 0.13492 -0.13120
v -0.01672 0.13463 -0.13302
v -0.00000 0.13420 -0.13188
v 0.01650 0.13431 -0.13136
v 0.03338 0.13480 -0.13056
v 0.04900 0.13462 -0.12430
v 0.06262 0.13408 -0.11447
v 0.07647 0.13415 -0.10566
v 0.09126 0.13481 -0.09726
v 0.10453 0.13533 -0.08621
v 0.11520 0.13558 -0.07251
v 0.12415 0.13584 -0.05743
v 0.12875 0.13563 -0.04050
v 0.12894 0.13501 -0.02298
v 0.13392 0.12329 -0.00600
v 0.12714 0.12273 0.01074
v 0.11747 0.12207 0.02548
v 0.10271 0.12104 0.03654
v 0.09627 0.12104 0.04958
v 0.08820 0.12104 0.06167
v 0.07861 0.12104 0.07261
v 0.06767 0.12104 0.08220
v 0.05558 0.12104 0.09027
v 0.04254 0.12104 0.09671
v 0.02877 0.12104 0.10138
v 0.01451 0.12104 0.10422
v 0.00000 0.12104 0.10517
v -0.01451 0.12104 0.10422
v -0.02877 0.12104 0.10138
v -0.04254 0.12104 0.09671
v -0.05558 0.12104 0.09027
v -0.06767 0.12104 0.08220
v -0.07861 0.12104 0.07261
v -0.08820 0.12104 0.06167
v -0.09627 0.12104 0.04958
v -0.10271 0.12104 0.03654
v -0.13978 0.12437 0.03145
v -0.13632 0.12365 0.01195
v -0.13137 0.12304 -0.00600
v -0.12930 0.12295 -0.02302
v -0.12929 0.12329 -0.04064
v -0.12432 0.12336 -0.05749
v -0.11551 0.12324 -0.07269
v -0.10570 0.12323 -0.08710
v -0.09324 0.12309 -0.09924
v -0.08036 0.12310 -0.11072
v -0.06668 0.12324 -0.12148
v -0.05025 0.12304 -0.12732
v -0.03355 0.12287 -0.13122
v -0.01702 0.12294 -0.13525
v -0.00000 0.12290 -0.13597
v 0.01710 0.12301 -0.13590
v 0.03461 0.12327 -0.13516
v 0.05057 0.12312 -0.12809
v 0.06437 0.12278 -0.11749
v 0.07885 0.12286 -0.10876
v 0.09386 0.12318 -0.09986
v 0.10654 0.12333 -0.08775
v 0.11725 0.12344 -0.07369
v 0.12701 0.12365 -0.05861
v 0.13261 0.12363 -0.04153
v 0.13429 0.12345 -0.02368
v 0.13468 0.11102 -0.00600
v 0.12532 0.11096 0.01050
v 0.10779 0.11085 0.02288
v 0.10310 0.11085 0.03671
v 0.09665 0.11085 0.04980
v 0.08854 0.11085 0.06194
v 0.07891 0.11085 0.07291
v 0.06794 0.11085 0.08254
v 0.05580 0.11085 0.09065
v 0.04271 0.11085 0.09710
v 0.02888 0.11085 0.10179
v 0.01457 0.11085 0.10464
v 0.00000 0.11085 0.10560
v -0.01457 0.11085 0.10464
v -0.02888 0.11085 0.10179
v -0.04271 0.11085 0.09710
v -0.05580 0.11085 0.09065
v -0.06794 0.11085 0.08254
v -0.07891 0.11085 0.07291
v -0.08854 0.11085 0.06194
v -0.09665 0.11085 0.04980
v -0.10310 0.11085 0.03671
v -0.10779 0.11085 0.02288
v -0.13627 0.11104 0.01194
v -0.13240 0.11101 -0.00600
v -0.13128 0.11101 -0.02328
v -0.13158 0.11103 -0.04126
v -0.12544 0.11103 -0.05796
v -0.11466 0.11100 -0.07220
v -0.10374 0.11099 -0.08560
v -0.09201 0.11099 -0.09801
v -0.08056 0.11100 -0.11098
v -0.06689 0.11102 -0.12185
v -0.04977 0.11099 -0.12616
v -0.03347 0.11098 -0.13091
v -0.01743 0.11101 -0.13836
v -0.00000 0.11102 -0.14050
v 0.01751 0.11102 -0.13900
v 0.03502 0.11103 -0.13669
v 0.05095 0.11101 -0.12900
v 0.06509 0.11099 -0.11873
v 0.08026 0.11100 -0.11060
v 0.09530 0.11102 -0.10130
v 0.10768 0.11103 -0.08862
v 0.11926 0.11105 -0.07485
v 0.13006 0.11107 -0.05987
v 0.13581 0.11107 -0.04239
v 0.13712 0.11105 -0.02405
v 0.11129 0.10065 -0.00600
v 0.11034 0.10065 0.00853
v 0.10750 0.10065 0.02280
v 0.10282 0.10065 0.03659
v 0.09638 0.10065 0.04965
v 0.08829 0.10065 0.06175
v 0.07869 0.10065 0.07269
v 0.06775 0.10065 0.08229
v 0.05565 0.10065 0.09038
v 0.04259 0.10065 0.09682
v 0.02880 0.10065 0.10150
v 0.01453 0.10065 0.10434
v 0.00000 0.10065 0.10529
v -0.01453 0.10065 0.10434
v -0.02880 0.10065 0.10150
v -0.04259 0.10065 0.09682
v -0.05565 0.10065 0.09038
v -0.06775 0.10065 0.08229
v -0.07869 0.10065 0.07269
v -0.08829 0.10065 0.06175
v -0.09638 0.10065 0.04965
v -0.10282 0.10065 0.03659
v -0.10750 0.10065 0.02280
v -0.11034 0.10065 0.00853
v -0.11129 0.10065 -0.00600
v -0.13374 0.09867 -0.02361
v -0.13275 0.09846 -0.04157
v -0.12501 0.09864 -0.05778
v -0.11347 0.09900 -0.07151
v -0.10233 0.09917 -0.08452
v -0.09070 0.09923 -0.09670
v -0.07939 0.09905 -0.10946
v -0.06558 0.09898 -0.11959
v -0.04882 0.09928 -0.12387
v -0.03345 0.09915 -0.13083
v -0.01770 0.09861 -0.14048
v -0.00000 0.09858 -0.14195
v 0.01737 0.09882 -0.13792
v 0.03437 0.09885 -0.13428
v 0.05037 0.09894 -0.12761
v 0.06553 0.09899 -0.11950
v 0.08189 0.09870 -0.11272
v 0.09731 0.09844 -0.10331
v 0.10996 0.09836 -0.09038
v 0.12247 0.09812 -0.07671
v 0.13308 0.09790 -0.06113
v 0.13685 0.09810 -0.04267
v 0.13541 0.09853 -0.02383
v 0.11025 0.09052 -0.00600
v 0.10931 0.09052 0.00839
v 0.10649 0.09052 0.02253
v 0.10186 0.09052 0.03619
v 0.09548 0.09052 0.04912
v 0.08747 0.09052 0.06112
v 0.07796 0.09052 0.07196
v 0.06712 0.09052 0.08147
v 0.05512 0.09052 0.08948
v 0.04219 0.09052 0.09586
v 0.02853 0.09052 0.10049
v 0.01439 0.09052 0.10331
v 0.00000 0.09052 0.10425
v -0.01439 0.09052 0.10331
v -0.02853 0.09052 0.10049
v -0.04219 0.09052 0.09586
v -0.05512 0.09052 0.08948
v -0.06712 0.09052 0.08147
v -0.07796 0.09052 0.07196
v -0.08747 0.09052 0.06112
v -0.09548 0.09052 0.04912
v -0.10186 0.09052 0.03619
v -0.10649 0.09052 0.02253
v -0.10931 0.09052 0.00839
v -0.11025 0.09052 -0.00600
v -0.10931 0.09052 -0.02039
v -0.13094 0.08605 -0.04108
v -0.12151 0.08676 -0.05633
v -0.11129 0.08729 -0.07025
v -0.10151 0.08739 -0.08389
v -0.08930 0.08769 -0.09530
v -0.07691 0.08768 -0.10623
v -0.06334 0.08762 -0.11570
v -0.04796 0.08786 -0.12179
v -0.03339 0.08721 -0.13061
v -0.01756 0.08623 -0.13938
v -0.00000 0.08660 -0.13846
v 0.01669 0.08741 -0.13275
v 0.03304 0.08745 -0.12930
v 0.04939 0.08720 -0.12524
v 0.06602 0.08667 -0.12035
v 0.08371 0.08570 -0.11509
v 0.09950 0.08514 -0.10550
v 0.11237 0.08497 -0.09222
v 0.12496 0.08450 -0.07815
v 0.13387 0.08440 -0.06145
v 0.13443 0.08541 -0.04202
v 0.10931 0.09052 -0.02039
v 0.10848 0.08052 -0.00600
v 0.10755 0.08052 0.00816
v 0.10478 0.08052 0.02208
v 0.10022 0.08052 0.03551
v 0.09395 0.08052 0.04824
v 0.08606 0.08052 0.06004
v 0.07671 0.08052 0.07071
v 0.06604 0.08052 0.08006
v 0.05424 0.08052 0.08795
v 0.04151 0.08052 0.09422
v 0.02808 0.08052 0.09878
v 0.01416 0.08052 0.10155
v 0.00000 0.08052 0.10248
v -0.01416 0.08052 0.10155
v -0.02808 0.08052 0.09878
v -0.04151 0.08052 0.09422
v -0.05424 0.08052 0.08795
v -0.06604 0.08052 0.08006
v -0.07671 0.08052 0.07071
v -0.08606 0.08052 0.06004
v -0.09395 0.08052 0.04824
v -0.10022 0.08052 0.03551
v -0.10478 0.08052 0.02208
v -0.10755 0.08052 0.00816
v -0.10848 0.08052 -0.00600
v -0.10755 0.08052 -0.02016
v -0.10478 0.08052 -0.03408
v -0.10022 0.08052 -0.04751
v -0.10894 0.07581 -0.06890
v -0.10164 0.07518 -0.08399
v -0.08870 0.07591 -0.09470
v -0.07479 0.07661 -0.10347
v -0.06170 0.07646 -0.11286
v -0.04770 0.07613 -0.12115
v -0.03321 0.07513 -0.12994
v -0.01706 0.07447 -0.13561
v -0.00000 0.07549 -0.13296
v 0.01605 0.07659 -0.12788
v 0.03209 0.07630 -0.12577
v 0.04891 0.07526 -0.12409
v 0.06678 0.07370 -0.12167
v 0.08517 0.07197 -0.11700
v 0.10066 0.07131 -0.10666
v 0.11299 0.07129 -0.09270
v 0.12444 0.07095 -0.07785
v 0.10022 0.08052 -0.04751
v 0.10478 0.08052 -0.03408
v 0.10755 0.08052 -0.02016
v 0.10599 0.07071 -0.00600
v 0.10509 0.07071 0.00783
v 0.10238 0.07071 0.02143
v 0.09793 0.07071 0.03456
v 0.09179 0.07071 0.04700
v 0.08409 0.07071 0.05852
v 0.07495 0.07071 0.06895
v 0.06452 0.07071 0.07809
v 0.05300 0.07071 0.08579
v 0.04056 0.07071 0.09193
v 0.02743 0.07071 0.09638
v 0.01383 0.07071 0.09909
v 0.00000 0.07071 0.09999
v -0.01383 0.07071 0.09909
v -0.02743 0.07071 0.09638
v -0.04056 0.07071 0.09193
v -0.05300 0.07071 0.08579
v -0.06452 0.07071 0.07809
v -0.07495 0.07071 0.06895
v -0.08409 0.07071 0.05852
v -0.09179 0.07071 0.04700
v -0.09793 0.07071 0.03456
v -0.10238 0.07071 0.02143
v -0.10509 0.07071 0.00783
v -0.10599 0.07071 -0.00600
v -0.10509 0.07071 -0.01983
v -0.10238 0.07071 -0.03343
v -0.09793 0.07071 -0.04656
v -0.09179 0.07071 -0.05900
v -0.08409 0.07071 -0.07052
v -0.08874 0.06348 -0.09474
v -0.07382 0.06504 -0.10221
v -0.06105 0.06474 -0.11174
v -0.04762 0.06387 -0.12096
v -0.03271 0.06314 -0.12809
v -0.01649 0.06316 -0.13127
v -0.00000 0.06415 -0.12969
v 0.01598 0.06462 -0.12735
v 0.03224 0.06382 -0.12632
v 0.04930 0.06224 -0.12503
v 0.06748 0.05997 -0.12288
v 0.08550 0.05793 -0.11742
v 0.09989 0.05763 -0.10589
v 0.08409 0.07071 -0.07052
v 0.09179 0.07071 -0.05900
v 0.09793 0.07071 -0.04656
v 0.10238 0.07071 -0.03343
v 0.10509 0.07071 -0.01983
v 0.10281 0.06116 -0.00600
v 0.10193 0.06116 0.00742
v 0.09931 0.06116 0.02061
v 0.09498 0.06116 0.03334
v 0.08903 0.06116 0.04540
v 0.08156 0.06116 0.05659
v 0.07270 0.06116 0.06670
v 0.06259 0.06116 0.07556
v 0.05140 0.06116 0.08303
v 0.03934 0.06116 0.08898
v 0.02661 0.06116 0.09331
v 0.01342 0.06116 0.09593
v 0.00000 0.06116 0.09681
v -0.01342 0.06116 0.09593
v -0.02661 0.06116 0.09331
v -0.03934 0.06116 0.08898
v -0.05140 0.06116 0.08303
v -0.06259 0.06116 0.07556
v -0.07270 0.06116 0.06670
v -0.08156 0.06116 0.05659
v -0.08903 0.06116 0.04540
v -0.09498 0.06116 0.03334
v -0.09931 0.06116 0.02061
v -0.10193 0.06116 0.00742
v -0.10281 0.06116 -0.00600
v -0.10193 0.06116 -0.01942
v -0.09931 0.06116 -0.03261
v -0.09498 0.06116 -0.04534
v -0.08903 0.06116 -0.05740
v -0.08156 0.06116 -0.06859
v -0.07270 0.06116 -0.07870
v -0.06259 0.06116 -0.08756
v -0.05140 0.06116 -0.09503
v -0.04687 0.05181 -0.11916
v -0.03179 0.05164 -0.12465
v -0.01606 0.05154 -0.12800
v -0.00000 0.05103 -0.13012
v 0.01647 0.05005 -0.13110
v 0.03319 0.04908 -0.12987
v 0.04998 0.04795 -0.12666
v 0.05140 0.06116 -0.09503
v 0.06259 0.06116 -0.08756
v 0.07270 0.06116 -0.07870
v 0.08156 0.06116 -0.06859
v 0.08903 0.06116 -0.05740
v 0.09498 0.06116 -0.04534
v 0.09931 0.06116 -0.03261
v 0.10193 0.06116 -0.01942
v 0.09894 0.05193 -0.00600
v 0.09810 0.05193 0.00691
v 0.09557 0.05193 0.01961
v 0.09141 0.05193 0.03186
v 0.08569 0.05193 0.04347
v 0.07850 0.05193 0.05423
v 0.06996 0.05193 0.06396
v 0.06023 0.05193 0.07250
v 0.04947 0.05193 0.07969
v 0.03786 0.05193 0.08541
v 0.02561 0.05193 0.08957
v 0.01291 0.05193 0.09210
v 0.00000 0.05193 0.09294
v -0.01291 0.05193 0.09210
v -0.02561 0.05193 0.08957
v -0.03786 0.05193 0.08541
v -0.04947 0.05193 0.07969
v -0.06023 0.05193 0.07250
v -0.06996 0.05193 0.06396
v -0.07850 0.05193 0.05423
v -0.08569 0.05193 0.04347
v -0.09141 0.05193 0.03186
v -0.09557 0.05193 0.01961
v -0.09810 0.05193 0.00691
v -0.09894 0.05193 -0.00600
v -0.09810 0.05193 -0.01891
v -0.09557 0.05193 -0.03161
v -0.09141 0.05193 -0.04386
v -0.08569 0.05193 -0.05547
v -0.07850 0.05193 -0.06623
v -0.06996 0.05193 -0.07596
v -0.06023 0.05193 -0.08450
v -0.04947 0.05193 -0.09169
v -0.03786 0.05193 -0.09741
v -0.02561 0.05193 -0.10157
v -0.01291 0.05193 -0.10410
v -0.00000 0.05193 -0.10494
v 0.01291 0.05193 -0.10410
v 0.02561 0.05193 -0.10157
v 0.03786 0.05193 -0.09741
v 0.04947 0.05193 -0.09169
v 0.06023 0.05193 -0.08450
v 0.06996 0.05193 -0.07596
v 0.07850 0.05193 -0.06623
v 0.08569 0.05193 -0.05547
v 0.09141 0.05193 -0.04386
v 0.09557 0.05193 -0.03161
v 0.09810 0.05193 -0.01891
v 0.09443 0.04308 -0.00600
v 0.09362 0.04308 0.00633
v 0.09121 0.04308 0.01844
v 0.08724 0.04308 0.03014
v 0.08178 0.04308 0.04121
v 0.07491 0.04308 0.05148
v 0.06677 0.04308 0.06077
v 0.05748 0.04308 0.06891
v 0.04721 0.04308 0.07578
v 0.03614 0.04308 0.08124
v 0.02444 0.04308 0.08521
v 0.01233 0.04308 0.08762
v 0.00000 0.04308 0.08843
v -0.01233 0.04308 0.08762
v -0.02444 0.04308 0.08521
v -0.03614 0.04308 0.08124
v -0.04721 0.04308 0.07578
v -0.05748 0.04308 0.06891
v -0.06677 0.04308 0.06077
v -0.07491 0.04308 0.05148
v -0.08178 0.04308 0.04121
v -0.08724 0.04308 0.03014
v -0.09121 0.04308 0.01844
v -0.09362 0.04308 0.00633
v -0.09443 0.04308 -0.00600
v -0.09362 0.04308 -0.01833
v -0.09121 0.04308 -0.03044
v -0.08724 0.04308 -0.04214
v -0.08178 0.04308 -0.05321
v -0.07491 0.04308 -0.06348
v -0.06677 0.04308 -0.07277
v -0.05748 0.04308 -0.08091
v -0.04721 0.04308 -0.08778
v -0.03614 0.04308 -0.09324
v -0.02444 0.04308 -0.09721
v -0.01233 0.04308 -0.09962
v -0.00000 0.04308 -0.10043
v 0.01233 0.04308 -0.09962
v 0.02444 0.04308 -0.09721
v 0.03614 0.04308 -0.09324
v 0.04721 0.04308 -0.08778
v 0.05748 0.04308 -0.08091
v 0.06677 0.04308 -0.07277
v 0.07491 0.04308 -0.06348
v 0.08178 0.04308 -0.05321
v 0.08724 0.04308 -0.04214
v 0.09121 0.04308 -0.03044
v 0.09362 0.04308 -0.01833
v 0.08929 0.03468 -0.00600
v 0.08852 0.03468 0.00565
v 0.08625 0.03468 0.01711
v 0.08249 0.03468 0.02817
v 0.07733 0.03468 0.03864
v 0.07084 0.03468 0.04836
v 0.06314 0.03468 0.05714
v 0.05436 0.03468 0.06484
v 0.04464 0.03468 0.07133
v 0.03417 0.03468 0.07649
v 0.02311 0.03468 0.08025
v 0.01165 0.03468 0.08252
v 0.00000 0.03468 0.08329
v -0.01165 0.03468 0.08252
v -0.02311 0.03468 0.08025
v -0.03417 0.03468 0.07649
v -0.04464 0.03468 0.07133
v -0.05436 0.03468 0.06484
v -0.06314 0.03468 0.05714
v -0.07084 0.03468 0.04836
v -0.07733 0.03468 0.03864
v -0.08249 0.03468 0.02817
v -0.08625 0.03468 0.01711
v -0.08852 0.03468 0.00565
v -0.08929 0.03468 -0.00600
v -0.08852 0.03468 -0.01765
v -0.08625 0.03468 -0.02911
v -0.08249 0.03468 -0.04017
v -0.07733 0.03468 -0.05064
v -0.07084 0.03468 -0.06036
v -0.06314 0.03468 -0.06914
v -0.05436 0.03468 -0.07684
v -0.04464 0.03468 -0.08333
v -0.03417 0.03468 -0.08849
v -0.02311 0.03468 -0.09225
v -0.01165 0.03468 -0.09452
v -0.00000 0.03468 -0.09529
v 0.01165 0.03468 -0.09452
v 0.02311 0.03468 -0.09225
v 0.03417 0.03468 -0.08849
v 0.04464 0.03468 -0.08333
v 0.05436 0.03468 -0.07684
v 0.06314 0.03468 -0.06914
v 0.07084 0.03468 -0.06036
v 0.07733 0.03468 -0.05064
v 0.08249 0.03468 -0.04017
v 0.08625 0.03468 -0.02911
v 0.08852 0.03468 -0.01765
v 0.08356 0.02678 -0.00600
v 0.08284 0.02678 0.00491
v 0.08071 0.02678 0.01563
v 0.07720 0.02678 0.02598
v 0.07236 0.02678 0.03578
v 0.06629 0.02678 0.04487
v 0.05909 0.02678 0.05309
v 0.05087 0.02678 0.06029
v 0.04178 0.02678 0.06636
v 0.03198 0.02678 0.07120
v 0.02163 0.02678 0.07471
v 0.01091 0.02678 0.07684
v 0.00000 0.02678 0.07756
v -0.01091 0.02678 0.07684
v -0.02163 0.02678 0.07471
v -0.03198 0.02678 0.07120
v -0.04178 0.02678 0.06636
v -0.05087 0.02678 0.06029
v -0.05909 0.02678 0.05309
v -0.06629 0.02678 0.04487
v -0.07236 0.02678 0.03578
v -0.07720 0.02678 0.02598
v -0.08071 0.02678 0.01563
v -0.08284 0.02678 0.00491
v -0.08356 0.02678 -0.00600
v -0.08284 0.02678 -0.01691
v -0.08071 0.02678 -0.02763
v -0.07720 0.02678 -0.03798
v -0.07236 0.02678 -0.04778
v -0.06629 0.02678 -0.05687
v -0.05909 0.02678 -0.06509
v -0.05087 0.02678 -0.07229
v -0.04178 0.02678 -0.07836
v -0.03198 0.02678 -0.08320
v -0.02163 0.02678 -0.08671
v -0.01091 0.02678 -0.08884
v -0.00000 0.02678 -0.08956
v 0.01091 0.02678 -0.08884
v 0.02163 0.02678 -0.08671
v 0.03198 0.02678 -0.08320
v 0.04178 0.02678 -0.07836
v 0.05087 0.02678 -0.07229
v 0.05909 0.02678 -0.06509
v 0.06629 0.02678 -0.05687
v 0.07236 0.02678 -0.04778
v 0.07720 0.02678 -0.03798
v 0.08071 0.02678 -0.02763
v 0.08284 0.02678 -0.01691
v 0.07728 0.01942 -0.00600
v 0.07662 0.01942 0.00409
v 0.07464 0.01942 0.01400
v 0.07140 0.01942 0.02357
v 0.06692 0.01942 0.03264
v 0.06131 0.01942 0.04104
v 0.05464 0.01942 0.04864
v 0.04704 0.01942 0.05531
v 0.03864 0.01942 0.06092
v 0.02957 0.01942 0.06540
v 0.02000 0.01942 0.06864
v 0.01009 0.01942 0.07062
v 0.00000 0.01942 0.07128
v -0.01009 0.01942 0.07062
v -0.02000 0.01942 0.06864
v -0.02957 0.01942 0.06540
v -0.03864 0.01942 0.06092
v -0.04704 0.01942 0.05531
v -0.05464 0.01942 0.04864
v -0.06131 0.01942 0.04104
v -0.06692 0.01942 0.03264
v -0.07140 0.01942 0.02357
v -0.07464 0.01942 0.01400
v -0.07662 0.01942 0.00409
v -0.07728 0.01942 -0.00600
v -0.07662 0.01942 -0.01609
v -0.07464 0.01942 -0.02600
v -0.07140 0.01942 -0.03557
v -0.06692 0.01942 -0.04464
v -0.06131 0.01942 -0.05304
v -0.05464 0.01942 -0.06064
v -0.04704 0.01942 -0.06731
v -0.03864 0.01942 -0.07292
v -0.02957 0.01942 -0.07740
v -0.02000 0.01942 -0.08064
v -0.01009 0.01942 -0.08262
v -0.00000 0.01942 -0.08328
v 0.01009 0.01942 -0.08262
v 0.02000 0.01942 -0.08064
v 0.02957 0.01942 -0.07740
v 0.03864 0.01942 -0.07292
v 0.04704 0.01942 -0.06731
v 0.05464 0.01942 -0.06064
v 0.06131 0.01942 -0.05304
v 0.06692 0.01942 -0.04464
v 0.07140 0.01942 -0.03557
v 0.07464 0.01942 -0.02600
v 0.07662 0.01942 -0.01609
v 0.07049 0.01266 -0.00600
v 0.06988 0.01266 0.00320
v 0.06809 0.01266 0.01224
v 0.06512 0.01266 0.02097
v 0.06104 0.01266 0.02924
v 0.05592 0.01266 0.03691
v 0.04984 0.01266 0.04384
v 0.04291 0.01266 0.04992
v 0.03524 0.01266 0.05504
v 0.02697 0.01266 0.05912
v 0.01824 0.01266 0.06209
v 0.00920 0.01266 0.06388
v 0.00000 0.01266 0.06449
v -0.00920 0.01266 0.06388
v -0.01824 0.01266 0.06209
v -0.02697 0.01266 0.05912
v -0.03524 0.01266 0.05504
v -0.04291 0.01266 0.04992
v -0.04984 0.01266 0.04384
v -0.05592 0.01266 0.03691
v -0.06104 0.01266 0.02924
v -0.06512 0.01266 0.02097
v -0.06809 0.01266 0.01224
v -0.06988 0.01266 0.00320
v -0.07049 0.01266 -0.00600
v -0.06988 0.01266 -0.01520
v -0.06809 0.01266 -0.02424
v -0.06512 0.01266 -0.03297
v -0.06104 0.01266 -0.04124
v -0.05592 0.01266 -0.04891
v -0.04984 0.01266 -0.05584
v -0.04291 0.01266 -0.06192
v -0.03524 0.01266 -0.06704
v -0.02697 0.01266 -0.07112
v -0.01824 0.01266 -0.07409
v -0.00920 0.01266 -0.07588
v -0.00000 0.01266 -0.07649
v 0.00920 0.01266 -0.07588
v 0.01824 0.01266 -0.07409
v 0.02697 0.01266 -0.07112
v 0.03524 0.01266 -0.06704
v 0.04291 0.01266 -0.06192
v 0.04984 0.01266 -0.05584
v 0.05592 0.01266 -0.04891
v 0.06104 0.01266 -0.04124
v 0.06512 0.01266 -0.03297
v 0.06809 0.01266 -0.02424
v 0.06988 0.01266 -0.01520
v 0.06323 0.00655 -0.00600
v 0.06269 0.00655 0.00225
v 0.06108 0.00655 0.01037
v 0.05842 0.00655 0.01820
v 0.05476 0.00655 0.02562
v 0.05016 0.00655 0.03249
v 0.04471 0.00655 0.03871
v 0.03849 0.00655 0.04416
v 0.03162 0.00655 0.04876
v 0.02420 0.00655 0.05242
v 0.01637 0.00655 0.05508
v 0.00825 0.00655 0.05669
v 0.00000 0.00655 0.05723
v -0.00825 0.00655 0.05669
v -0.01637 0.00655 0.05508
v -0.02420 0.00655 0.05242
v -0.03162 0.00655 0.04876
v -0.03849 0.00655 0.04416
v -0.04471 0.00655 0.03871
v -0.05016 0.00655 0.03249
v -0.05476 0.00655 0.02562
v -0.05842 0.00655 0.01820
v -0.06108 0.00655 0.01037
v -0.06269 0.00655 0.00225
v -0.06323 0.00655 -0.00600
v -0.06269 0.00655 -0.01425
v -0.06108 0.00655 -0.02237
v -0.05842 0.00655 -0.03020
v -0.05476 0.00655 -0.03762
v -0.05016 0.00655 -0.04449
v -0.04471 0.00655 -0.05071
v -0.03849 0.00655 -0.05616
v -0.03162 0.00655 -0.06076
v -0.02420 0.00655 -0.06442
v -0.01637 0.00655 -0.06708
v -0.00825 0.00655 -0.06869
v -0.00000 0.00655 -0.06923
v 0.00825 0.00655 -0.06869
v 0.01637 0.00655 -0.06708
v 0.02420 0.00655 -0.06442
v 0.03162 0.00655 -0.06076
v 0.03849 0.00655 -0.05616
v 0.04471 0.00655 -0.05071
v 0.05016 0.00655 -0.04449
v 0.05476 0.00655 -0.03762
v 0.05842 0.00655 -0.03020
v 0.06108 0.00655 -0.02237
v 0.06269 0.00655 -0.01425
v 0.05556 0.00111 -0.00600
v 0.05508 0.00111 0.00125
v 0.05366 0.00111 0.00838
v 0.05133 0.00111 0.01526
v 0.04811 0.00111 0.02178
v 0.04408 0.00111 0.02782
v 0.03928 0.00111 0.03328
v 0.03382 0.00111 0.03808
v 0.02778 0.00111 0.04211
v 0.02126 0.00111 0.04533
v 0.01438 0.00111 0.04766
v 0.00725 0.00111 0.04908
v 0.00000 0.00111 0.04956
v -0.00725 0.00111 0.04908
v -0.01438 0.00111 0.04766
v -0.02126 0.00111 0.04533
v -0.02778 0.00111 0.04211
v -0.03382 0.00111 0.03808
v -0.03928 0.00111 0.03328
v -0.04408 0.00111 0.02782
v -0.04811 0.00111 0.02178
v -0.05133 0.00111 0.01526
v -0.05366 0.00111 0.00838
v -0.05508 0.00111 0.00125
v -0.05556 0.00111 -0.00600
v -0.05508 0.00111 -0.01325
v -0.05366 0.00111 -0.02038
v -0.05133 0.00111 -0.02726
v -0.04811 0.00111 -0.03378
v -0.04408 0.00111 -0.03982
v -0.03928 0.00111 -0.04528
v -0.03382 0.00111 -0.05008
v -0.02778 0.00111 -0.05411
v -0.02126 0.00111 -0.05733
v -0.01438 0.00111 -0.05966
v -0.00725 0.00111 -0.06108
v -0.00000 0.00111 -0.06156
v 0.00725 0.00111 -0.06108
v 0.01438 0.00111 -0.05966
v 0.02126 0.00111 -0.05733
v 0.02778 0.00111 -0.05411
v 0.03382 0.00111 -0.05008
v 0.03928 0.00111 -0.04528
v 0.04408 0.00111 -0.03982
v 0.04811 0.00111 -0.03378
v 0.05133 0.00111 -0.02726
v 0.05366 0.00111 -0.02038
v 0.05508 0.00111 -0.01325
v 0.04752 -0.00360 -0.00600
v 0.04711 -0.00360 0.00020
v 0.04590 -0.00360 0.00630
v 0.04390 -0.00360 0.01218
v 0.04115 -0.00360 0.01776
v 0.03770 -0.00360 0.02293
v 0.03360 -0.00360 0.02760
v 0.02893 -0.00360 0.03170
v 0.02376 -0.00360 0.03515
v 0.01818 -0.00360 0.03790
v 0.01230 -0.00360 0.03990
v 0.00620 -0.00360 0.04111
v 0.00000 -0.00360 0.04152
v -0.00620 -0.00360 0.04111
v -0.01230 -0.00360 0.03990
v -0.01818 -0.00360 0.03790
v -0.02376 -0.00360 0.03515
v -0.02893 -0.00360 0.03170
v -0.03360 -0.00360 0.02760
v -0.03770 -0.00360 0.02293
v -0.04115 -0.00360 0.01776
v -0.04390 -0.00360 0.01218
v -0.04590 -0.00360 0.00630
v -0.04711 -0.00360 0.00020
v -0.04752 -0.00360 -0.00600
v -0.04711 -0.00360 -0.01220
v -0.04590 -0.00360 -0.01830
v -0.04390 -0.00360 -0.02418
v -0.04115 -0.00360 -0.02976
v -0.03770 -0.00360 -0.03493
v -0.03360 -0.00360 -0.03960
v -0.02893 -0.00360 -0.04370
v -0.02376 -0.00360 -0.04715
v -0.01818 -0.00360 -0.04990
v -0.01230 -0.00360 -0.05190
v -0.00620 -0.00360 -0.05311
v -0.00000 -0.00360 -0.05352
v 0.00620 -0.00360 -0.05311
v 0.01230 -0.00360 -0.05190
v 0.01818 -0.00360 -0.04990
v 0.02376 -0.00360 -0.04715
v 0.02893 -0.00360 -0.04370
v 0.03360 -0.00360 -0.03960
v 0.03770 -0.00360 -0.03493
v 0.04115 -0.00360 -0.02976
v 0.04390 -0.00360 -0.02418
v 0.04590 -0.00360 -0.01830
v 0.04711 -0.00360 -0.01220
v 0.00000 0.26795 -0.00600
vn 0.1105 0.9226 -0.3696
vn 0.1023 0.9289 -0.3560
vn 0.0866 0.9398 -0.3304
vn 0.0611 0.9529 -0.2971
vn 0.0241 0.9662 -0.2565
vn -0.0248 0.9773 -0.2102
vn -0.0843 0.9833 -0.1611
vn -0.1514 0.9820 -0.1129
vn -0.2214 0.9727 -0.0691
vn -0.2893 0.9567 -0.0326
vn -0.3509 0.9364 -0.0047
vn -0.4034 0.9149 0.0150
vn -0.4457 0.8947 0.0277
vn -0.4780 0.8776 0.0352
vn -0.5015 0.8643 0.0392
vn -0.5180 0.8544 0.0407
vn -0.5297 0.8472 0.0396
vn -0.5389 0.8417 0.0348
vn -0.5471 0.8367 0.0244
vn -0.5551 0.8318 0.0064
vn -0.5626 0.8265 -0.0205
vn -0.5685 0.8208 -0.0560
vn -0.5714 0.8148 -0.0986
vn -0.5700 0.8087 -0.1452
vn -0.5666 0.8063 -0.1696
vn -0.5579 0.8029 -0.2100
vn -0.5458 0.7995 -0.2508
vn -0.5317 0.7972 -0.2861
vn -0.5165 0.7960 -0.3158
vn -0.5002 0.7960 -0.3409
vn -0.4824 0.7973 -0.3628
vn -0.4619 0.8002 -0.3825
vn -0.4374 0.8049 -0.4010
vn -0.4076 0.8116 -0.4185
vn -0.3717 0.8204 -0.4345
vn -0.3292 0.8312 -0.4481
vn -0.2805 0.8436 -0.4580
vn -0.2270 0.8568 -0.4630
vn -0.1708 0.8700 -0.4625
vn -0.1145 0.8824 -0.4563
vn -0.0611 0.8933 -0.4452
vn -0.0133 0.9023 -0.4309
vn 0.0271 0.9093 -0.4154
vn 0.0592 0.9144 -0.4005
vn 0.0829 0.9181 -0.3875
vn 0.0992 0.9210 -0.3768
vn 0.1090 0.9237 -0.3672
vn 0.1131 0.9272 -0.3570
vn -0.0605 0.9223 -0.3817
vn -0.0653 0.9038 -0.4229
vn -0.0779 0.8952 -0.4387
vn -0.0994 0.8921 -0.4408
vn -0.1306 0.8930 -0.4307
vn -0.1715 0.8955 -0.4108
vn -0.2201 0.8967 -0.3841
vn -0.2734 0.8943 -0.3542
vn -0.3273 0.8875 -0.3244
vn -0.3775 0.8769 -0.2975
vn -0.4201 0.8647 -0.2755
vn -0.4520 0.8537 -0.2588
vn -0.4708 0.8470 -0.2466
vn -0.4750 0.8474 -0.2374
vn -0.4632 0.8562 -0.2289
vn -0.4350 0.8734 -0.2189
vn -0.3911 0.8970 -0.2060
vn -0.3343 0.9230 -0.1907
vn -0.2697 0.9469 -0.1752
vn -0.2045 0.9651 -0.1634
vn -0.1452 0.9766 -0.1584
vn -0.0962 0.9822 -0.1613
vn -0.0596 0.9836 -0.1700
vn -0.0356 0.9830 -0.1803
vn -0.0239 0.9854 -0.1683
vn -0.0243 0.9874 -0.1563
vn -0.0358 0.9885 -0.1467
vn -0.0579 0.9902 -0.1273
vn -0.0889 0.9910 -0.0998
vn -0.1266 0.9897 -0.0674
vn -0.1674 0.9853 -0.0342
vn -0.2073 0.9783 -0.0040
vn -0.2425 0.9699 0.0201
vn -0.2696 0.9623 0.0366
vn -0.2867 0.9569 0.0453
vn -0.2929 0.9550 0.0472
vn -0.2884 0.9565 0.0434
vn -0.2744 0.9610 0.0354
vn -0.2526 0.9673 0.0237
vn -0.2253 0.9742 0.0087
vn -0.1951 0.9807 -0.0101
vn -0.1646 0.9858 -0.0340
vn -0.1361 0.9886 -0.0647
vn -0.1116 0.9883 -0.1036
vn -0.0919 0.9842 -0.1511
vn -0.0773 0.9756 -0.2055
vn -0.0673 0.9626 -0.2626
vn -0.0618 0.9466 -0.3165
vn 0.2029 0.9012 -0.3829
vn 0.1991 0.8761 -0.4390
vn 0.1889 0.8708 -0.4538
vn 0.1675 0.8811 -0.4423
vn 0.1298 0.9040 -0.4074
vn 0.0715 0.9326 -0.3537
vn -0.0086 0.9575 -0.2882
vn -0.1065 0.9695 -0.2207
vn -0.2127 0.9636 -0.1621
vn -0.3154 0.9414 -0.1197
vn -0.4046 0.9095 -0.0957
vn -0.4732 0.8767 -0.0869
vn -0.5178 0.8510 -0.0874
vn -0.5365 0.8391 -0.0903
vn -0.5270 0.8452 -0.0889
vn -0.4860 0.8705 -0.0774
vn -0.4101 0.9105 -0.0524
vn -0.3009 0.9535 -0.0168
vn -0.1723 0.9849 0.0184
vn -0.0481 0.9981 0.0376
vn 0.0529 0.9981 0.0306
vn 0.1243 0.9922 -0.0025
vn 0.1689 0.9842 -0.0531
vn 0.1922 0.9754 -0.1080
vn 0.1992 0.9701 -0.1386
vn 0.1920 0.9696 -0.1517
vn 0.1717 0.9736 -0.1505
vn 0.1383 0.9827 -0.1233
vn 0.0910 0.9930 -0.0751
vn 0.0310 0.9994 -0.0146
vn -0.0375 0.9982 0.0475
vn -0.1075 0.9890 0.1013
vn -0.1701 0.9754 0.1400
vn -0.2180 0.9625 0.1616
vn -0.2464 0.9546 0.1675
vn -0.2540 0.9537 0.1613
vn -0.2415 0.9592 0.1469
vn -0.2114 0.9689 0.1285
vn -0.1672 0.9798 0.1096
vn -0.1134 0.9892 0.0924
vn -0.0548 0.9955 0.0775
vn 0.0039 0.9981 0.0623
vn 0.0583 0.9974 0.0416
vn 0.1052 0.9944 0.0083
vn 0.1430 0.9888 -0.0439
vn 0.1710 0.9783 -0.1170
vn 0.1898 0.9603 -0.2045
vn 0.2005 0.9352 -0.2920
vn 0.3416 0.8738 -0.3460
vn 0.3525 0.8415 -0.4095
vn 0.3695 0.8335 -0.4107
vn 0.3821 0.8481 -0.3670
vn 0.3779 0.8819 -0.2819
vn 0.3434 0.9249 -0.1630
vn 0.2694 0.9626 -0.0281
vn 0.1569 0.9830 0.0956
vn 0.0168 0.9830 0.1826
vn -0.1353 0.9657 0.2215
vn -0.2824 0.9347 0.2157
vn -0.4070 0.8957 0.1790
vn -0.4964 0.8583 0.1298
vn -0.5454 0.8339 0.0850
vn -0.5523 0.8316 0.0583
vn -0.5136 0.8558 0.0618
vn -0.4226 0.9004 0.1039
vn -0.2810 0.9430 0.1785
vn -0.1193 0.9597 0.2544
vn 0.0169 0.9559 0.2931
vn 0.1070 0.9552 0.2761
vn 0.1571 0.9665 0.2030
vn 0.1799 0.9799 0.0859
vn 0.1858 0.9814 -0.0474
vn 0.1822 0.9718 -0.1495
vn 0.1723 0.9630 -0.2072
vn 0.1566 0.9627 -0.2205
vn 0.1327 0.9739 -0.1843
vn 0.0970 0.9888 -0.1138
vn 0.0474 0.9985 -0.0292
vn -0.0153 0.9986 0.0509
vn -0.0851 0.9898 0.1139
vn -0.1502 0.9767 0.1532
vn -0.1971 0.9660 0.1672
vn -0.2160 0.9635 0.1582
vn -0.2039 0.9702 0.1306
vn -0.1632 0.9824 0.0911
vn -0.1007 0.9937 0.0483
vn -0.0261 0.9996 0.0126
vn 0.0511 0.9987 -0.0071
vn 0.1239 0.9923 -0.0063
vn 0.1877 0.9822 0.0115
vn 0.2399 0.9702 0.0353
vn 0.2792 0.9590 0.0483
vn 0.3061 0.9514 0.0328
vn 0.3224 0.9463 -0.0239
vn 0.3310 0.9360 -0.1200
vn 0.3364 0.9126 -0.2323
vn 0.3140 0.9033 -0.2925
vn 0.3540 0.8689 -0.3460
vn 0.4167 0.8511 -0.3194
vn 0.4780 0.8471 -0.2323
vn 0.5122 0.8539 -0.0921
vn 0.4996 0.8623 0.0828
vn 0.4376 0.8617 0.2568
vn 0.3421 0.8541 0.3919
vn 0.2268 0.8526 0.4708
vn 0.0901 0.8641 0.4952
vn -0.0722 0.8792 0.4710
vn -0.2441 0.8807 0.4059
vn -0.3918 0.8638 0.3167
vn -0.4890 0.8421 0.2274
vn -0.5280 0.8338 0.1613
vn -0.5097 0.8490 0.1392
vn -0.4335 0.8830 0.1799
vn -0.3062 0.9086 0.2842
vn -0.1665 0.8978 0.4077
vn -0.0680 0.8703 0.4878
vn -0.0268 0.8689 0.4943
vn -0.0266 0.9087 0.4165
vn -0.0442 0.9675 0.2488
vn -0.0577 0.9981 0.0220
vn -0.0567 0.9835 -0.1720
vn -0.0481 0.9587 -0.2804
vn -0.0411 0.9525 -0.3019
vn -0.0406 0.9679 -0.2482
vn -0.0472 0.9865 -0.1570
vn -0.0628 0.9957 -0.0684
vn -0.0933 0.9956 -0.0017
vn -0.1399 0.9892 0.0430
vn -0.1884 0.9798 0.0672
vn -0.2144 0.9744 0.0680
vn -0.1986 0.9792 0.0422
vn -0.1365 0.9906 -0.0096
vn -0.0397 0.9960 -0.0800
vn 0.0670 0.9860 -0.1529
vn 0.1591 0.9650 -0.2083
vn 0.2267 0.9463 -0.2306
vn 0.2739 0.9380 -0.2123
vn 0.3084 0.9384 -0.1561
vn 0.3337 0.9396 -0.0767
vn 0.3477 0.9376 -0.0011
vn 0.3480 0.9367 0.0392
vn 0.3354 0.9419 0.0198
vn 0.3162 0.9466 -0.0625
vn 0.3040 0.9361 -0.1770
vn 0.2342 0.9455 -0.2264
vn 0.3008 0.9251 -0.2316
vn 0.4071 0.8997 -0.1576
vn 0.5068 0.8611 -0.0423
vn 0.5531 0.8275 0.0968
vn 0.5295 0.8118 0.2463
vn 0.4550 0.8047 0.3813
vn 0.3704 0.7999 0.4721
vn 0.2964 0.8060 0.5124
vn 0.2114 0.8285 0.5185
vn 0.0819 0.8586 0.5060
vn -0.0928 0.8763 0.4727
vn -0.2703 0.8711 0.4101
vn -0.4033 0.8557 0.3242
vn -0.4719 0.8491 0.2371
vn -0.4777 0.8601 0.1790
vn -0.4310 0.8837 0.1826
vn -0.3488 0.8976 0.2695
vn -0.2633 0.8703 0.4163
vn -0.2157 0.8090 0.5468
vn -0.2237 0.7676 0.6006
vn -0.2744 0.7845 0.5561
vn -0.3384 0.8543 0.3945
vn -0.3693 0.9211 0.1229
vn -0.3390 0.9298 -0.1432
vn -0.2828 0.9133 -0.2931
vn -0.2397 0.9183 -0.3152
vn -0.2167 0.9456 -0.2427
vn -0.2006 0.9681 -0.1500
vn -0.1867 0.9775 -0.0985
vn -0.1897 0.9777 -0.0902
vn -0.2219 0.9704 -0.0953
vn -0.2652 0.9594 -0.0965
vn -0.2733 0.9564 -0.1026
vn -0.2094 0.9690 -0.1310
vn -0.0706 0.9797 -0.1877
vn 0.1011 0.9598 -0.2617
vn 0.2398 0.9119 -0.3330
vn 0.3107 0.8687 -0.3858
vn 0.3237 0.8539 -0.4074
vn 0.3105 0.8691 -0.3849
vn 0.3010 0.9010 -0.3124
vn 0.3067 0.9305 -0.2001
vn 0.3177 0.9449 -0.0795
vn 0.3161 0.9487 0.0032
vn 0.2925 0.9562 0.0116
vn 0.2531 0.9658 -0.0555
vn 0.2232 0.9632 -0.1497
vn 0.2680 0.9489 -0.1665
vn 0.3345 0.9394 -0.0751
vn 0.4435 0.8936 0.0697
vn 0.5465 0.8202 0.1693
vn 0.5889 0.7781 0.2186
vn 0.5441 0.7957 0.2660
vn 0.4326 0.8417 0.3233
vn 0.3231 0.8758 0.3586
vn 0.2610 0.8950 0.3619
vn 0.2081 0.9081 0.3634
vn 0.1036 0.9143 0.3916
vn -0.0582 0.9002 0.4316
vn -0.2238 0.8680 0.4434
vn -0.3454 0.8454 0.4074
vn -0.4115 0.8484 0.3331
vn -0.4257 0.8700 0.2488
vn -0.3989 0.8963 0.1935
vn -0.3538 0.9129 0.2034
vn -0.3195 0.8996 0.2978
vn -0.3170 0.8367 0.4467
vn -0.3506 0.7492 0.5619
vn -0.4139 0.7046 0.5764
vn -0.4884 0.7360 0.4688
vn -0.5277 0.8165 0.2343
vn -0.4805 0.8759 -0.0438
vn -0.3824 0.8970 -0.2217
vn -0.3074 0.9183 -0.2495
vn -0.2769 0.9447 -0.1755
vn -0.2625 0.9583 -0.1133
vn -0.2421 0.9607 -0.1355
vn -0.2343 0.9479 -0.2157
vn -0.2741 0.9186 -0.2848
vn -0.3451 0.8871 -0.3066
vn -0.3664 0.8796 -0.3034
vn -0.2694 0.9100 -0.3152
vn -0.0486 0.9361 -0.3484
vn 0.2003 0.9021 -0.3821
vn 0.3538 0.8393 -0.4129
vn 0.3811 0.8087 -0.4480
vn 0.3183 0.8224 -0.4715
vn 0.2350 0.8592 -0.4544
vn 0.1976 0.9013 -0.3855
vn 0.2219 0.9363 -0.2721
vn 0.2776 0.9504 -0.1402
vn 0.3196 0.9466 -0.0419
vn 0.3227 0.9461 -0.0269
vn 0.2918 0.9520 -0.0923
vn 0.2600 0.9522 -0.1606
vn 0.4752 0.8703 -0.1298
vn 0.5075 0.8584 0.0750
vn 0.5474 0.7887 0.2798
vn 0.6116 0.7212 0.3253
vn 0.6578 0.7124 0.2443
vn 0.6097 0.7722 0.1790
vn 0.4691 0.8616 0.1941
vn 0.3202 0.9182 0.2333
vn 0.2360 0.9385 0.2521
vn 0.1701 0.9440 0.2826
vn 0.0453 0.9321 0.3593
vn -0.1255 0.8822 0.4539
vn -0.2622 0.8176 0.5127
vn -0.3347 0.7879 0.5170
vn -0.3666 0.8025 0.4707
vn -0.3738 0.8415 0.3901
vn -0.3548 0.8862 0.2978
vn -0.3213 0.9216 0.2176
vn -0.3021 0.9347 0.1875
vn -0.3170 0.9147 0.2506
vn -0.3630 0.8459 0.3907
vn -0.4257 0.7585 0.4934
vn -0.4952 0.7288 0.4729
vn -0.5409 0.7778 0.3202
vn -0.5069 0.8576 0.0870
vn -0.3995 0.9108 -0.1037
vn -0.3080 0.9372 -0.1636
vn -0.2824 0.9507 -0.1282
vn -0.2844 0.9508 -0.1227
vn -0.2612 0.9390 -0.2237
vn -0.2306 0.8955 -0.3807
vn -0.2697 0.8277 -0.4921
vn -0.3876 0.7654 -0.5137
vn -0.4615 0.7431 -0.4845
vn -0.3753 0.7954 -0.4759
vn -0.0987 0.8696 -0.4838
vn 0.2272 0.8585 -0.4597
vn 0.3974 0.8090 -0.4331
vn 0.3840 0.8090 -0.4451
vn 0.2515 0.8455 -0.4710
vn 0.1332 0.8756 -0.4643
vn 0.1244 0.9013 -0.4150
vn 0.2179 0.9212 -0.3222
vn 0.3528 0.9146 -0.1974
vn 0.4567 0.8844 -0.0964
vn 0.4979 0.8632 -0.0839
vn 0.4882 0.8589 -0.1547
vn 0.4677 0.8607 -0.2009
vn 0.7360 0.6677 -0.1113
vn 0.7287 0.6674 0.1534
vn 0.6702 0.6399 0.3760
vn 0.6704 0.6422 0.3717
vn 0.7118 0.6760 0.1907
vn 0.6801 0.7280 0.0858
vn 0.5668 0.8081 0.1603
vn 0.4216 0.8572 0.2958
vn 0.3194 0.8670 0.3825
vn 0.2102 0.8675 0.4509
vn 0.0158 0.8399 0.5426
vn -0.1946 0.7630 0.6164
vn -0.3087 0.6973 0.6469
vn -0.3347 0.6871 0.6449
vn -0.3399 0.7114 0.6151
vn -0.3465 0.7465 0.5680
vn -0.3290 0.8013 0.4997
vn -0.2932 0.8758 0.3834
vn -0.2762 0.9318 0.2356
vn -0.2880 0.9459 0.1495
vn -0.3211 0.9259 0.1989
vn -0.3769 0.8650 0.3312
vn -0.4553 0.7958 0.3992
vn -0.5291 0.7775 0.3398
vn -0.5421 0.8200 0.1834
vn -0.4703 0.8825 -0.0011
vn -0.3817 0.9161 -0.1227
vn -0.3581 0.9190 -0.1646
vn -0.3685 0.9021 -0.2244
vn -0.3256 0.8668 -0.3777
vn -0.2379 0.7957 -0.5571
vn -0.2329 0.7123 -0.6621
vn -0.3757 0.6422 -0.6682
vn -0.5209 0.6004 -0.6068
vn -0.4878 0.6509 -0.5817
vn -0.2112 0.7772 -0.5927
vn 0.1829 0.8253 -0.5343
vn 0.3879 0.8020 -0.4541
vn 0.3580 0.8207 -0.4453
vn 0.2009 0.8527 -0.4823
vn 0.1098 0.8591 -0.4999
vn 0.1758 0.8621 -0.4753
vn 0.3581 0.8467 -0.3936
vn 0.5556 0.7882 -0.2646
vn 0.6786 0.7172 -0.1584
vn 0.7195 0.6796 -0.1430
vn 0.7143 0.6689 -0.2058
vn 0.7129 0.6627 -0.2294
vn 0.8697 0.4870 -0.0801
vn 0.8667 0.4756 0.1506
vn 0.7814 0.5231 0.3401
vn 0.7237 0.6186 0.3060
vn 0.7261 0.6783 0.1125
vn 0.7182 0.6921 0.0721
vn 0.6522 0.7101 0.2652
vn 0.5288 0.6838 0.5028
vn 0.4320 0.6465 0.6288
vn 0.2967 0.6386 0.7100
vn 0.0427 0.6141 0.7881
vn -0.1971 0.5572 0.8066
vn -0.2948 0.5440 0.7856
vn -0.3039 0.5868 0.7505
vn -0.3280 0.6204 0.7125
vn -0.3586 0.6199 0.6980
vn -0.3273 0.6408 0.6944
vn -0.2745 0.7313 0.6244
vn -0.2835 0.8522 0.4397
vn -0.3300 0.9156 0.2297
vn -0.3592 0.9213 0.1490
vn -0.3890 0.8974 0.2081
vn -0.4644 0.8402 0.2799
vn -0.5736 0.7701 0.2790
vn -0.6438 0.7374 0.2045
vn -0.6307 0.7741 0.0538
vn -0.5600 0.8175 -0.1346
vn -0.5224 0.8067 -0.2764
vn -0.5219 0.7571 -0.3930
vn -0.4533 0.7032 -0.5478
vn -0.3028 0.6546 -0.6927
vn -0.2169 0.6153 -0.7578
vn -0.3274 0.5798 -0.7461
vn -0.5311 0.5258 -0.6644
vn -0.5664 0.5392 -0.6232
vn -0.3396 0.6722 -0.6579
vn 0.0884 0.7826 -0.6163
vn 0.3519 0.7877 -0.5056
vn 0.3490 0.8020 -0.4848
vn 0.2224 0.8090 -0.5441
vn 0.1893 0.7859 -0.5886
vn 0.3305 0.7546 -0.5669
vn 0.5632 0.6871 -0.4591
vn 0.7456 0.5900 -0.3098
vn 0.8209 0.5321 -0.2073
vn 0.8200 0.5402 -0.1892
vn 0.7984 0.5606 -0.2200
vn 0.8194 0.5351 -0.2054
vn 0.8593 0.5113 0.0158
vn 0.8955 0.4213 0.1433
vn 0.8531 0.4669 0.2327
vn 0.7867 0.5881 0.1881
vn 0.7603 0.6432 0.0902
vn 0.7601 0.6272 0.1699
vn 0.6838 0.5759 0.4481
vn 0.5486 0.4898 0.6776
vn 0.4721 0.4453 0.7608
vn 0.3400 0.4453 0.8283
vn 0.0669 0.4216 0.9043
vn -0.1577 0.3848 0.9094
vn -0.2155 0.4282 0.8776
vn -0.2279 0.5338 0.8144
vn -0.3262 0.5797 0.7467
vn -0.4052 0.5374 0.7396
vn -0.3392 0.5058 0.7932
vn -0.2477 0.5600 0.7906
vn -0.2986 0.6919 0.6574
vn -0.4307 0.8025 0.4129
vn -0.4941 0.8367 0.2361
vn -0.5031 0.8406 0.2010
vn -0.5507 0.8129 0.1896
vn -0.6629 0.7313 0.1607
vn -0.7632 0.6292 0.1473
vn -0.7922 0.6072 0.0611
vn -0.7473 0.6436 -0.1654
vn -0.6776 0.6174 -0.3996
vn -0.6452 0.5381 -0.5423
vn -0.5775 0.4916 -0.6518
vn -0.4189 0.5157 -0.7474
vn -0.2604 0.5721 -0.7778
vn -0.2797 0.6033 -0.7469
vn -0.4916 0.5557 -0.6705
vn -0.5936 0.5062 -0.6256
vn -0.4325 0.5867 -0.6846
vn -0.0175 0.7150 -0.6989
vn 0.3160 0.7407 -0.5929
vn 0.3806 0.7329 -0.5640
vn 0.3140 0.7025 -0.6387
vn 0.3278 0.6429 -0.6922
vn 0.5000 0.5788 -0.6442
vn 0.7141 0.4965 -0.4935
vn 0.8336 0.4356 -0.3397
vn 0.8411 0.4682 -0.2707
vn 0.7642 0.5909 -0.2586
vn 0.7000 0.6818 -0.2127
vn 0.7554 0.6463 -0.1080
vn 0.7178 0.6692 0.1924
vn 0.8312 0.5165 0.2058
vn 0.8666 0.4704 0.1667
vn 0.8558 0.4996 0.1341
vn 0.8518 0.4968 0.1660
vn 0.8277 0.4492 0.3363
vn 0.6966 0.4012 0.5948
vn 0.5495 0.3847 0.7417
vn 0.4886 0.4205 0.7644
vn 0.3374 0.4572 0.8229
vn 0.0316 0.4074 0.9127
vn -0.1435 0.3343 0.9315
vn -0.1058 0.3825 0.9179
vn -0.1159 0.5222 0.8449
vn -0.3251 0.5833 0.7444
vn -0.4638 0.5240 0.7143
vn -0.3559 0.4688 0.8084
vn -0.2194 0.4732 0.8532
vn -0.3052 0.5514 0.7764
vn -0.5179 0.6434 0.5638
vn -0.6339 0.6853 0.3584
vn -0.6499 0.7097 0.2718
vn -0.6772 0.7161 0.1690
vn -0.7540 0.6556 0.0423
vn -0.8452 0.5331 0.0392
vn -0.8879 0.4588 0.0337
vn -0.8612 0.4723 -0.1876
vn -0.7549 0.4448 -0.4820
vn -0.6870 0.3694 -0.6258
vn -0.6517 0.3476 -0.6741
vn -0.5486 0.4323 -0.7156
vn -0.3671 0.5739 -0.7320
vn -0.2716 0.6613 -0.6992
vn -0.4120 0.6365 -0.6519
vn -0.5619 0.5330 -0.6326
vn -0.4648 0.5237 -0.7139
vn -0.0919 0.6062 -0.7900
vn 0.2996 0.6295 -0.7169
vn 0.4466 0.5915 -0.6713
vn 0.4381 0.5217 -0.7320
vn 0.4663 0.4355 -0.7700
vn 0.6200 0.3658 -0.6941
vn 0.7858 0.3202 -0.5291
vn 0.8458 0.3437 -0.4080
vn 0.7677 0.4953 -0.4065
vn 0.5883 0.7089 -0.3889
vn 0.5065 0.8349 -0.2153
vn 0.5776 0.8155 0.0363
vn 0.6579 0.6762 0.3316
vn 0.7514 0.5793 0.3159
vn 0.8499 0.4825 0.2118
vn 0.9007 0.3876 0.1962
vn 0.9112 0.2885 0.2940
vn 0.8647 0.2204 0.4514
vn 0.7386 0.2444 0.6283
vn 0.6128 0.3507 0.7082
vn 0.5402 0.4859 0.6871
vn 0.0586 0.1683 0.9840
vn 0.1254 -0.3007 0.9454
vn -0.0627 -0.2388 0.9690
vn -0.0519 -0.2291 0.9720
vn 0.1576 -0.0537 0.9860
vn -0.3202 0.5550 0.7678
vn -0.5089 0.5148 0.6899
vn -0.3723 0.4854 0.7911
vn -0.2135 0.4592 0.8623
vn -0.3221 0.4751 0.8188
vn -0.5638 0.5269 0.6360
vn -0.7085 0.5599 0.4297
vn -0.7528 0.5673 0.3339
vn -0.7963 0.5724 0.1956
vn -0.8393 0.5431 -0.0239
vn -0.8897 0.4510 -0.0714
vn -0.9318 0.3627 -0.0146
vn -0.9136 0.3552 -0.1979
vn -0.7821 0.3480 -0.5170
vn -0.6855 0.3164 -0.6557
vn -0.6851 0.3322 -0.6483
vn -0.6483 0.4244 -0.6322
vn -0.4956 0.5619 -0.6623
vn -0.3239 0.6543 -0.6834
vn -0.3467 0.6484 -0.6778
vn -0.4833 0.5366 -0.6917
vn -0.4326 0.4402 -0.7868
vn -0.1079 0.4296 -0.8966
vn 0.3040 0.4214 -0.8544
vn 0.5120 0.3693 -0.7755
vn 0.5407 0.2902 -0.7896
vn 0.5612 0.2081 -0.8011
vn 0.6750 0.1578 -0.7208
vn 0.7941 0.1649 -0.5849
vn 0.8056 0.2661 -0.5293
vn 0.6557 0.4678 -0.5926
vn 0.5008 0.6645 -0.5547
vn 0.5259 0.8023 -0.2824
vn 0.6047 0.7878 0.1168
vn 0.8110 0.4525 0.3709
vn 0.8002 0.4606 0.3840
vn 0.8558 0.4141 0.3101
vn 0.8998 0.3034 0.3135
vn 0.8984 0.1869 0.3975
vn 0.8688 0.1366 0.4759
vn 0.7952 0.2014 0.5719
vn 0.4944 -0.0351 0.8685
vn 0.5398 -0.4125 0.7338
vn -0.0459 -0.2258 0.9731
vn -0.2629 -0.1834 0.9472
vn 0.0891 -0.3542 0.9309
vn -0.0165 -0.2765 0.9609
vn 0.2072 -0.3912 0.8967
vn 0.0315 -0.4001 0.9160
vn -0.3799 -0.0625 0.9229
vn -0.3901 0.4394 0.8092
vn -0.2507 0.4195 0.8724
vn -0.3647 0.3986 0.8415
vn -0.5793 0.4465 0.6819
vn -0.7284 0.5102 0.4572
vn -0.8069 0.4899 0.3300
vn -0.8798 0.4291 0.2044
vn -0.9176 0.3957 -0.0375
vn -0.9255 0.3511 -0.1418
vn -0.9555 0.2871 -0.0674
vn -0.9411 0.2734 -0.1987
vn -0.8074 0.3038 -0.5059
vn -0.6891 0.3484 -0.6355
vn -0.6899 0.4081 -0.5979
vn -0.6882 0.4456 -0.5725
vn -0.5888 0.4799 -0.6503
vn -0.4127 0.5204 -0.7476
vn -0.3393 0.5244 -0.7810
vn -0.3935 0.4369 -0.8089
vn -0.3411 0.2898 -0.8942
vn -0.0659 0.1879 -0.9800
vn 0.3053 0.1528 -0.9399
vn 0.5340 0.1355 -0.8346
vn 0.5888 0.1002 -0.8021
vn 0.6042 0.0530 -0.7951
vn 0.6788 0.0360 -0.7334
vn 0.7541 0.0936 -0.6501
vn 0.7241 0.2323 -0.6494
vn 0.5828 0.3730 -0.7220
vn 0.5695 0.4604 -0.6809
vn 0.7673 0.5222 -0.3723
vn 0.8651 0.4868 0.1206
vn 0.9480 0.1165 0.2963
vn 0.9073 0.2187 0.3592
vn 0.8993 0.2569 0.3539
vn 0.8919 0.2519 0.3755
vn 0.8683 0.2454 0.4311
vn 0.7495 -0.0383 0.6609
vn 0.7269 -0.4090 0.5516
vn 0.3027 -0.2541 0.9186
vn 0.1424 -0.2887 0.9468
vn 0.3599 -0.5158 0.7775
vn -0.0463 -0.0824 0.9955
vn 0.1206 0.3626 0.9241
vn -0.0011 0.3626 0.9319
vn -0.1227 0.3626 0.9238
vn -0.0404 -0.2277 0.9729
vn -0.1422 -0.4406 0.8863
vn -0.1887 -0.4108 0.8920
vn -0.2258 -0.1841 0.9566
vn -0.4179 0.2624 0.8698
vn -0.5676 0.3351 0.7520
vn -0.7217 0.4769 0.5018
vn -0.8373 0.4749 0.2710
vn -0.9283 0.3423 0.1448
vn -0.9671 0.2506 -0.0436
vn -0.9602 0.2251 -0.1653
vn -0.9748 0.1964 -0.1062
vn -0.9630 0.1905 -0.1905
vn -0.8544 0.2541 -0.4533
vn -0.7324 0.3680 -0.5729
vn -0.6930 0.4508 -0.5626
vn -0.6804 0.4166 -0.6029
vn -0.6153 0.3273 -0.7171
vn -0.4764 0.2918 -0.8294
vn -0.3646 0.3003 -0.8814
vn -0.3154 0.2490 -0.9157
vn -0.2132 0.1005 -0.9718
vn 0.0020 -0.0312 -0.9995
vn 0.2821 -0.0518 -0.9580
vn 0.5061 0.0034 -0.8625
vn 0.5934 0.0464 -0.8035
vn 0.6147 0.0531 -0.7870
vn 0.6507 0.0847 -0.7546
vn 0.6738 0.1940 -0.7130
vn 0.6287 0.3173 -0.7100
vn 0.5755 0.3301 -0.7483
vn 0.6870 0.2481 -0.6830
vn 0.9289 0.1320 -0.3460
vn 0.9948 0.0620 0.0813
vn 0.9793 -0.0129 0.2020
vn 0.9532 0.0770 0.2923
vn 0.9372 0.1227 0.3265
vn 0.9183 0.2051 0.3387
vn 0.8033 0.0342 0.5946
vn 0.5841 -0.1727 0.7931
vn 0.4646 -0.2355 0.8536
vn 0.5637 -0.4752 0.6756
vn 0.2749 -0.0628 0.9594
vn 0.3651 0.2925 0.8838
vn 0.2467 0.2925 0.9239
vn 0.1239 0.2925 0.9482
vn -0.0009 0.2925 0.9563
vn -0.1257 0.2925 0.9480
vn -0.2483 0.2925 0.9235
vn -0.3668 0.2925 0.8831
vn -0.3414 -0.1722 0.9240
vn -0.2145 -0.5116 0.8320
vn -0.1327 -0.4094 0.9027
vn -0.5267 0.1814 0.8305
vn -0.7054 0.3736 0.6024
vn -0.8682 0.4416 0.2264
vn -0.9501 0.3105 0.0297
vn -0.9827 0.1632 -0.0870
vn -0.9791 0.1121 -0.1695
vn -0.9871 0.1031 -0.1225
vn -0.9783 0.1083 -0.1766
vn -0.9076 0.1703 -0.3836
vn -0.8128 0.2924 -0.5039
vn -0.7292 0.3674 -0.5774
vn -0.6510 0.2995 -0.6975
vn -0.5803 0.1717 -0.7961
vn -0.4883 0.1165 -0.8649
vn -0.3819 0.1197 -0.9164
vn -0.2566 0.0880 -0.9625
vn -0.0945 -0.0219 -0.9953
vn 0.0576 -0.1226 -0.9908
vn 0.2284 -0.0980 -0.9686
vn 0.4339 0.0416 -0.9000
vn 0.5605 0.1615 -0.8122
vn 0.5882 0.2157 -0.7794
vn 0.5732 0.2888 -0.7669
vn 0.5544 0.4003 -0.7297
vn 0.5652 0.4500 -0.6914
vn 0.6288 0.3632 -0.6875
vn 0.7962 0.1755 -0.5790
vn 0.9703 -0.0140 -0.2416
vn 0.9947 -0.0812 0.0634
vn 0.9755 0.1554 0.1560
vn 0.9489 0.1407 0.2824
vn 0.9480 0.0890 0.3056
vn 0.8965 -0.0984 0.4319
vn 0.6988 -0.2138 0.6826
vn 0.5687 -0.2336 0.7887
vn 0.5681 -0.0415 0.8219
vn 0.5931 0.2216 0.7740
vn 0.4870 0.2216 0.8448
vn 0.3726 0.2216 0.9012
vn 0.2517 0.2216 0.9421
vn 0.1266 0.2216 0.9669
vn -0.0007 0.2216 0.9751
vn -0.1279 0.2216 0.9667
vn -0.2530 0.2216 0.9417
vn -0.3738 0.2216 0.9007
vn -0.4881 0.2216 0.8442
vn -0.5942 0.2216 0.7732
vn -0.1586 -0.5121 0.8442
vn -0.1626 -0.4778 0.8633
vn -0.6766 0.1801 0.7139
vn -0.9176 0.3045 0.2554
vn -0.9645 0.2559 -0.0648
vn -0.9778 0.1300 -0.1640
vn -0.9816 0.0555 -0.1826
vn -0.9913 0.0555 -0.1192
vn -0.9837 0.0726 -0.1643
vn -0.9365 0.0940 -0.3378
vn -0.8757 0.1425 -0.4613
vn -0.7730 0.1749 -0.6098
vn -0.6270 0.1393 -0.7664
vn -0.5453 0.0972 -0.8326
vn -0.4809 0.0881 -0.8723
vn -0.3772 0.0666 -0.9238
vn -0.2203 0.0322 -0.9749
vn -0.0245 -0.0042 -0.9997
vn 0.0780 -0.0281 -0.9966
vn 0.1368 0.0496 -0.9894
vn 0.3156 0.2227 -0.9224
vn 0.4949 0.3317 -0.8032
vn 0.5346 0.3689 -0.7603
vn 0.4896 0.4221 -0.7630
vn 0.4950 0.4733 -0.7287
vn 0.5902 0.4601 -0.6633
vn 0.7130 0.3632 -0.5997
vn 0.8652 0.2207 -0.4503
vn 0.9823 0.1044 -0.1552
vn 0.9938 0.0966 0.0554
vn 0.9275 0.3359 0.1639
vn 0.9105 0.2159 0.3526
vn 0.8896 -0.0791 0.4498
vn 0.7932 -0.2421 0.5588
vn 0.7043 -0.3082 0.6395
vn 0.6758 -0.0978 0.7306
vn 0.6988 0.1500 0.6994
vn 0.6015 0.1500 0.7846
vn 0.4940 0.1500 0.8564
vn 0.3779 0.1500 0.9136
vn 0.2555 0.1500 0.9551
vn 0.1286 0.1500 0.9803
vn -0.0004 0.1500 0.9887
vn -0.1295 0.1500 0.9802
vn -0.2563 0.1500 0.9549
vn -0.3788 0.1500 0.9132
vn -0.4947 0.1500 0.8560
vn -0.6022 0.1500 0.7841
vn -0.6994 0.1500 0.6988
vn -0.1681 -0.6018 0.7808
vn -0.2996 -0.7514 0.5879
vn -0.6370 -0.6072 0.4749
vn -0.9898 0.1175 -0.0805
vn -0.9710 0.0923 -0.2207
vn -0.9786 0.0544 -0.1983
vn -0.9922 0.0774 -0.0973
vn -0.9814 0.1093 -0.1577
vn -0.9344 0.0783 -0.3475
vn -0.8834 0.0147 -0.4685
vn -0.7847 -0.0189 -0.6196
vn -0.6419 0.0067 -0.7668
vn -0.5647 0.0898 -0.8204
vn -0.4699 0.1319 -0.8728
vn -0.3449 0.0737 -0.9358
vn -0.2184 0.0495 -0.9746
vn -0.0364 0.1249 -0.9915
vn 0.0506 0.1992 -0.9786
vn 0.0475 0.2621 -0.9639
vn 0.2257 0.3401 -0.9129
vn 0.4677 0.3637 -0.8056
vn 0.5236 0.3575 -0.7733
vn 0.4791 0.3749 -0.7937
vn 0.5336 0.3723 -0.7594
vn 0.6709 0.3257 -0.6662
vn 0.7798 0.2785 -0.5607
vn 0.8817 0.2577 -0.3951
vn 0.9522 0.2686 -0.1458
vn 0.9455 0.3250 0.0213
vn 0.9513 0.2082 0.2271
vn 0.8595 -0.0488 0.5088
vn 0.7804 -0.2254 0.5832
vn 0.7914 -0.2904 0.5379
vn 0.7874 -0.1135 0.6059
vn 0.7908 0.0781 0.6071
vn 0.7048 0.0781 0.7051
vn 0.6067 0.0781 0.7911
vn 0.4983 0.0781 0.8635
vn 0.3813 0.0781 0.9211
vn 0.2578 0.0781 0.9630
vn 0.1299 0.0781 0.9884
vn -0.0002 0.0781 0.9969
vn -0.1304 0.0781 0.9884
vn -0.2583 0.0781 0.9629
vn -0.3817 0.0781 0.9210
vn -0.4987 0.0781 0.8633
vn -0.6071 0.0781 0.7908
vn -0.7051 0.0781 0.7048
vn -0.7911 0.0781 0.6067
vn -0.4973 -0.6499 0.5747
vn -0.3438 -0.8238 0.4507
vn -0.4703 -0.7278 0.4992
vn -0.9763 0.0314 -0.2141
vn -0.9792 0.0760 -0.1879
vn -0.9901 0.1259 -0.0622
vn -0.9754 0.1521 -0.1595
vn -0.9090 0.0870 -0.4076
vn -0.8470 -0.0476 -0.5295
vn -0.7720 -0.1340 -0.6214
vn -0.6901 -0.0916 -0.7179
vn -0.6250 0.0361 -0.7798
vn -0.4571 0.0792 -0.8859
vn -0.3058 0.0139 -0.9520
vn -0.2705 0.0442 -0.9617
vn -0.1288 0.2108 -0.9690
vn 0.0132 0.3069 -0.9517
vn 0.0394 0.2859 -0.9574
vn 0.2274 0.2494 -0.9413
vn 0.4923 0.2235 -0.8412
vn 0.5406 0.2253 -0.8105
vn 0.5012 0.2469 -0.8294
vn 0.5897 0.2274 -0.7750
vn 0.7190 0.1875 -0.6693
vn 0.7950 0.2009 -0.5724
vn 0.8782 0.2416 -0.4127
vn 0.9459 0.2684 -0.1824
vn 0.9601 0.2795 0.0012
vn 0.7576 -0.6261 0.1843
vn 0.7454 -0.4044 0.5299
vn 0.7693 -0.3112 0.5579
vn 0.8637 -0.1562 0.4791
vn 0.8660 0.0060 0.5000
vn 0.7933 0.0060 0.6088
vn 0.7071 0.0060 0.7071
vn 0.6087 0.0060 0.7934
vn 0.5000 0.0060 0.8660
vn 0.3827 0.0060 0.9239
vn 0.2588 0.0060 0.9659
vn 0.1305 0.0060 0.9914
vn -0.0000 0.0060 1.0000
vn -0.1305 0.0060 0.9914
vn -0.2588 0.0060 0.9659
vn -0.3827 0.0060 0.9239
vn -0.5000 0.0060 0.8660
vn -0.6088 0.0060 0.7933
vn -0.7071 0.0060 0.7071
vn -0.7934 0.0060 0.6087
vn -0.8660 0.0060 0.5000
vn -0.9239 0.0060 0.3827
vn -0.3866 -0.7148 0.5827
vn -0.5078 -0.8215 0.2593
vn -0.8756 -0.4779 0.0701
vn -0.9876 0.1504 -0.0441
vn -0.9759 0.1167 -0.1844
vn -0.8779 0.0337 -0.4776
vn -0.7949 -0.0717 -0.6025
vn -0.7519 -0.1547 -0.6408
vn -0.7243 -0.1577 -0.6712
vn -0.6657 -0.1031 -0.7391
vn -0.4412 -0.0901 -0.8929
vn -0.2976 -0.0987 -0.9496
vn -0.3642 0.0008 -0.9313
vn -0.2336 0.1574 -0.9595
vn 0.0195 0.1886 -0.9819
vn 0.1078 0.0834 -0.9907
vn 0.2633 -0.0026 -0.9647
vn 0.4885 0.0195 -0.8723
vn 0.5178 0.1133 -0.8480
vn 0.4972 0.1908 -0.8464
vn 0.6119 0.1976 -0.7659
vn 0.7199 0.1876 -0.6682
vn 0.7788 0.2139 -0.5897
vn 0.8837 0.2107 -0.4180
vn 0.9770 0.1337 -0.1660
vn 0.9479 -0.2291 0.2215
vn 0.7081 -0.5717 0.4145
vn 0.7110 -0.6851 0.1587
vn 0.8729 -0.2862 0.3952
vn 0.9219 -0.0661 0.3817
vn 0.8642 -0.0661 0.4987
vn 0.7917 -0.0661 0.6073
vn 0.7057 -0.0661 0.7054
vn 0.6076 -0.0661 0.7915
vn 0.4991 -0.0661 0.8640
vn 0.3820 -0.0661 0.9218
vn 0.2584 -0.0661 0.9638
vn 0.1304 -0.0661 0.9892
vn 0.0002 -0.0661 0.9978
vn -0.1300 -0.0661 0.9893
vn -0.2581 -0.0661 0.9639
vn -0.3817 -0.0661 0.9219
vn -0.4987 -0.0661 0.8642
vn -0.6073 -0.0661 0.7917
vn -0.7054 -0.0661 0.7057
vn -0.7915 -0.0661 0.6076
vn -0.8640 -0.0661 0.4991
vn -0.9218 -0.0661 0.3820
vn -0.9638 -0.0661 0.2584
vn -0.6883 -0.6575 0.3063
vn -0.5173 -0.8166 0.2562
vn -0.6580 -0.6235 0.4223
vn -0.9668 -0.0357 -0.2531
vn -0.8469 -0.1317 -0.5153
vn -0.7699 -0.1267 -0.6255
vn -0.7323 -0.1254 -0.6693
vn -0.7102 -0.1893 -0.6781
vn -0.6511 -0.2528 -0.7156
vn -0.4371 -0.2534 -0.8630
vn -0.3426 -0.1720 -0.9236
vn -0.4447 -0.0565 -0.8939
vn -0.2745 -0.0211 -0.9614
vn 0.0830 -0.0975 -0.9918
vn 0.1896 -0.2217 -0.9565
vn 0.2516 -0.2573 -0.9330
vn 0.4025 -0.1326 -0.9057
vn 0.4304 0.0703 -0.8999
vn 0.4628 0.1953 -0.8647
vn 0.6120 0.2208 -0.7594
vn 0.7122 0.2171 -0.6675
vn 0.7844 0.2070 -0.5847
vn 0.9247 0.1188 -0.3617
vn 0.9376 -0.3200 0.1362
vn 0.7265 -0.5847 0.3609
vn 0.8446 -0.4734 0.2500
vn 0.9820 -0.1381 0.1289
vn 0.9568 -0.1381 0.2559
vn 0.9152 -0.1381 0.3786
vn 0.8579 -0.1381 0.4948
vn 0.7860 -0.1381 0.6026
vn 0.7006 -0.1381 0.7000
vn 0.6033 -0.1381 0.7855
vn 0.4956 -0.1381 0.8575
vn 0.3794 -0.1381 0.9149
vn 0.2567 -0.1381 0.9566
vn 0.1297 -0.1381 0.9819
vn 0.0004 -0.1381 0.9904
vn -0.1289 -0.1381 0.9820
vn -0.2559 -0.1381 0.9568
vn -0.3786 -0.1381 0.9152
vn -0.4948 -0.1381 0.8579
vn -0.6026 -0.1381 0.7860
vn -0.7000 -0.1381 0.7006
vn -0.7855 -0.1381 0.6033
vn -0.8575 -0.1381 0.4956
vn -0.9149 -0.1381 0.3794
vn -0.9566 -0.1381 0.2567
vn -0.9819 -0.1381 0.1297
vn -0.9904 -0.1381 0.0004
vn -0.5346 -0.7355 0.4162
vn -0.4679 -0.8707 0.1515
vn -0.6734 -0.6926 -0.2586
vn -0.8016 -0.1948 -0.5652
vn -0.7328 -0.0714 -0.6767
vn -0.6518 -0.1446 -0.7445
vn -0.6107 -0.2885 -0.7374
vn -0.4789 -0.2863 -0.8299
vn -0.4222 -0.1552 -0.8931
vn -0.4611 -0.1068 -0.8809
vn -0.2196 -0.2135 -0.9519
vn 0.1623 -0.3224 -0.9326
vn 0.2278 -0.3720 -0.8999
vn 0.1862 -0.3313 -0.9250
vn 0.2549 -0.1538 -0.9546
vn 0.3099 0.0622 -0.9487
vn 0.4297 0.1627 -0.8882
vn 0.6254 0.1606 -0.7636
vn 0.7353 0.1230 -0.6665
vn 0.8941 -0.3813 -0.2349
vn 0.4704 -0.8689 -0.1542
vn 0.6832 -0.6550 0.3228
vn 0.6749 -0.6335 0.3785
vn 0.9778 -0.2097 -0.0006
vn 0.9695 -0.2097 0.1270
vn 0.9446 -0.2097 0.2525
vn 0.9036 -0.2097 0.3736
vn 0.8471 -0.2097 0.4883
vn 0.7761 -0.2097 0.5947
vn 0.6918 -0.2097 0.6909
vn 0.5957 -0.2097 0.7753
vn 0.4894 -0.2097 0.8465
vn 0.3748 -0.2097 0.9031
vn 0.2537 -0.2097 0.9443
vn 0.1282 -0.2097 0.9693
vn 0.0006 -0.2097 0.9778
vn -0.1270 -0.2097 0.9695
vn -0.2525 -0.2097 0.9446
vn -0.3736 -0.2097 0.9036
vn -0.4883 -0.2097 0.8471
vn -0.5947 -0.2097 0.7761
vn -0.6909 -0.2097 0.6918
vn -0.7753 -0.2097 0.5957
vn -0.8465 -0.2097 0.4894
vn -0.9031 -0.2097 0.3748
vn -0.9443 -0.2097 0.2537
vn -0.9693 -0.2097 0.1282
vn -0.9778 -0.2097 0.0006
vn -0.9695 -0.2097 -0.1270
vn -0.6412 -0.7652 0.0577
vn -0.4412 -0.8963 0.0446
vn -0.4990 -0.8666 0.0112
vn -0.7176 -0.6190 -0.3193
vn -0.5801 -0.0412 -0.8135
vn -0.5726 -0.1754 -0.8008
vn -0.5468 -0.1826 -0.8171
vn -0.4774 -0.0965 -0.8734
vn -0.4073 -0.1414 -0.9023
vn -0.1264 -0.2813 -0.9513
vn 0.1907 -0.2987 -0.9351
vn 0.2122 -0.2220 -0.9517
vn 0.1181 -0.1392 -0.9832
vn 0.1364 -0.0349 -0.9900
vn 0.2287 0.0619 -0.9715
vn 0.4291 0.0749 -0.9001
vn 0.7948 -0.4338 -0.4244
vn 0.2967 -0.9171 -0.2664
vn 0.6515 -0.7445 0.1460
vn 0.6167 -0.7457 0.2522
vn 0.3564 -0.9325 -0.0584
vn 0.8009 -0.5699 0.1837
vn 0.9598 -0.2808 -0.0008
vn 0.9517 -0.2808 0.1244
vn 0.9273 -0.2808 0.2476
vn 0.8870 -0.2808 0.3665
vn 0.8316 -0.2808 0.4792
vn 0.7620 -0.2808 0.5836
vn 0.6793 -0.2808 0.6781
vn 0.5849 -0.2808 0.7609
vn 0.4806 -0.2808 0.8308
vn 0.3681 -0.2808 0.8864
vn 0.2492 -0.2808 0.9269
vn 0.1261 -0.2808 0.9515
vn 0.0008 -0.2808 0.9598
vn -0.1244 -0.2808 0.9517
vn -0.2476 -0.2808 0.9273
vn -0.3665 -0.2808 0.8870
vn -0.4792 -0.2808 0.8316
vn -0.5836 -0.2808 0.7620
vn -0.6781 -0.2808 0.6793
vn -0.7609 -0.2808 0.5849
vn -0.8308 -0.2808 0.4806
vn -0.8864 -0.2808 0.3681
vn -0.9269 -0.2808 0.2492
vn -0.9515 -0.2808 0.1261
vn -0.9598 -0.2808 0.0008
vn -0.9517 -0.2808 -0.1244
vn -0.9273 -0.2808 -0.2476
vn -0.8870 -0.2808 -0.3665
vn -0.6717 -0.7192 -0.1776
vn -0.4566 -0.8890 0.0351
vn -0.4384 -0.8909 -0.1187
vn -0.3205 -0.7672 -0.5556
vn -0.6174 -0.6065 -0.5010
vn -0.4769 -0.1253 -0.8700
vn -0.3324 -0.1992 -0.9219
vn -0.1056 -0.2317 -0.9670
vn 0.1001 -0.0836 -0.9915
vn 0.1335 0.0873 -0.9872
vn 0.1078 0.1184 -0.9871
vn 0.3972 -0.3875 -0.8320
vn -0.0060 -0.9096 -0.4154
vn 0.0774 -0.9443 -0.3198
vn 0.6355 -0.7710 0.0411
vn 0.6235 -0.7683 0.1449
vn 0.1845 -0.9767 -0.1099
vn 0.7372 -0.6724 0.0660
vn 0.9269 -0.2808 -0.2492
vn 0.9515 -0.2808 -0.1261
vn 0.9364 -0.3510 -0.0011
vn 0.9285 -0.3510 0.1212
vn 0.9047 -0.3510 0.2413
vn 0.8655 -0.3510 0.3574
vn 0.8114 -0.3510 0.4673
vn 0.7435 -0.3510 0.5692
vn 0.6629 -0.3510 0.6614
vn 0.5709 -0.3510 0.7422
vn 0.4691 -0.3510 0.8104
vn 0.3593 -0.3510 0.8647
vn 0.2434 -0.3510 0.9042
vn 0.1233 -0.3510 0.9282
vn 0.0011 -0.3510 0.9364
vn -0.1212 -0.3510 0.9285
vn -0.2413 -0.3510 0.9047
vn -0.3574 -0.3510 0.8655
vn -0.4673 -0.3510 0.8114
vn -0.5692 -0.3510 0.7435
vn -0.6614 -0.3510 0.6629
vn -0.7422 -0.3510 0.5709
vn -0.8104 -0.3510 0.4691
vn -0.8647 -0.3510 0.3593
vn -0.9042 -0.3510 0.2434
vn -0.9282 -0.3510 0.1233
vn -0.9364 -0.3510 0.0011
vn -0.9285 -0.3510 -0.1212
vn -0.9047 -0.3510 -0.2413
vn -0.8655 -0.3510 -0.3574
vn -0.8114 -0.3510 -0.4673
vn -0.7435 -0.3510 -0.5692
vn -0.5380 -0.8069 -0.2440
vn -0.2409 -0.8901 -0.3869
vn -0.4414 -0.8921 -0.0961
vn -0.4110 -0.9041 -0.1169
vn -0.1434 -0.9113 -0.3859
vn -0.0826 -0.9195 -0.3844
vn -0.0409 -0.9053 -0.4228
vn -0.0147 -0.8853 -0.4648
vn 0.0018 -0.8952 -0.4456
vn 0.6187 -0.7145 -0.3268
vn 0.5879 -0.7935 -0.1571
vn 0.0642 -0.9895 -0.1292
vn 0.0802 -0.9937 -0.0780
vn 0.6858 -0.7245 -0.0688
vn 0.8104 -0.3510 -0.4691
vn 0.8647 -0.3510 -0.3593
vn 0.9042 -0.3510 -0.2434
vn 0.9282 -0.3510 -0.1233
vn 0.9074 -0.4202 -0.0013
vn 0.8998 -0.4202 0.1172
vn 0.8768 -0.4202 0.2336
vn 0.8388 -0.4202 0.3461
vn 0.7865 -0.4202 0.4526
vn 0.7207 -0.4202 0.5514
vn 0.6425 -0.4202 0.6408
vn 0.5534 -0.4202 0.7191
vn 0.4548 -0.4202 0.7852
vn 0.3484 -0.4202 0.8379
vn 0.2361 -0.4202 0.8762
vn 0.1197 -0.4202 0.8995
vn 0.0013 -0.4202 0.9074
vn -0.1172 -0.4202 0.8998
vn -0.2336 -0.4202 0.8768
vn -0.3461 -0.4202 0.8388
vn -0.4526 -0.4202 0.7865
vn -0.5514 -0.4202 0.7207
vn -0.6408 -0.4202 0.6425
vn -0.7191 -0.4202 0.5534
vn -0.7852 -0.4202 0.4548
vn -0.8379 -0.4202 0.3484
vn -0.8762 -0.4202 0.2361
vn -0.8995 -0.4202 0.1197
vn -0.9074 -0.4202 0.0013
vn -0.8998 -0.4202 -0.1172
vn -0.8768 -0.4202 -0.2336
vn -0.8388 -0.4202 -0.3461
vn -0.7865 -0.4202 -0.4526
vn -0.7207 -0.4202 -0.5514
vn -0.6425 -0.4202 -0.6408
vn -0.5534 -0.4202 -0.7191
vn -0.4548 -0.4202 -0.7852
vn -0.3825 -0.8584 -0.3419
vn -0.0673 -0.9628 -0.2618
vn -0.0303 -0.9645 -0.2622
vn -0.0034 -0.9696 -0.2449
vn 0.0160 -0.9786 -0.2053
vn 0.0331 -0.9865 -0.1603
vn 0.0370 -0.9925 -0.1164
vn 0.5839 -0.7339 -0.3469
vn 0.5514 -0.4202 -0.7207
vn 0.6408 -0.4202 -0.6425
vn 0.7191 -0.4202 -0.5534
vn 0.7852 -0.4202 -0.4548
vn 0.8379 -0.4202 -0.3484
vn 0.8762 -0.4202 -0.2361
vn 0.8995 -0.4202 -0.1197
vn 0.8729 -0.4880 -0.0015
vn 0.8656 -0.4880 0.1125
vn 0.8435 -0.4880 0.2245
vn 0.8070 -0.4880 0.3327
vn 0.7566 -0.4880 0.4352
vn 0.6934 -0.4880 0.5302
vn 0.6182 -0.4880 0.6162
vn 0.5325 -0.4880 0.6916
vn 0.4377 -0.4880 0.7552
vn 0.3354 -0.4880 0.8059
vn 0.2273 -0.4880 0.8427
vn 0.1154 -0.4880 0.8652
vn 0.0015 -0.4880 0.8729
vn -0.1125 -0.4880 0.8656
vn -0.2245 -0.4880 0.8435
vn -0.3327 -0.4880 0.8070
vn -0.4352 -0.4880 0.7566
vn -0.5302 -0.4880 0.6934
vn -0.6162 -0.4880 0.6182
vn -0.6916 -0.4880 0.5325
vn -0.7552 -0.4880 0.4377
vn -0.8059 -0.4880 0.3354
vn -0.8427 -0.4880 0.2273
vn -0.8652 -0.4880 0.1154
vn -0.8729 -0.4880 0.0015
vn -0.8656 -0.4880 -0.1125
vn -0.8435 -0.4880 -0.2245
vn -0.8070 -0.4880 -0.3327
vn -0.7566 -0.4880 -0.4352
vn -0.6934 -0.4880 -0.5302
vn -0.6182 -0.4880 -0.6162
vn -0.5325 -0.4880 -0.6916
vn -0.4377 -0.4880 -0.7552
vn -0.3354 -0.4880 -0.8059
vn -0.2273 -0.4880 -0.8427
vn -0.1154 -0.4880 -0.8652
vn -0.0015 -0.4880 -0.8729
vn 0.1125 -0.4880 -0.8656
vn 0.2245 -0.4880 -0.8435
vn 0.3327 -0.4880 -0.8070
vn 0.4352 -0.4880 -0.7566
vn 0.5302 -0.4880 -0.6934
vn 0.6162 -0.4880 -0.6182
vn 0.6916 -0.4880 -0.5325
vn 0.7552 -0.4880 -0.4377
vn 0.8059 -0.4880 -0.3354
vn 0.8427 -0.4880 -0.2273
vn 0.8652 -0.4880 -0.1154
vn 0.8326 -0.5539 -0.0017
vn 0.8256 -0.5539 0.1070
vn 0.8046 -0.5539 0.2139
vn 0.7698 -0.5539 0.3171
vn 0.7218 -0.5539 0.4148
vn 0.6615 -0.5539 0.5055
vn 0.5899 -0.5539 0.5875
vn 0.5081 -0.5539 0.6595
vn 0.4177 -0.5539 0.7202
vn 0.3201 -0.5539 0.7685
vn 0.2171 -0.5539 0.8038
vn 0.1103 -0.5539 0.8252
vn 0.0017 -0.5539 0.8326
vn -0.1070 -0.5539 0.8256
vn -0.2139 -0.5539 0.8046
vn -0.3171 -0.5539 0.7698
vn -0.4148 -0.5539 0.7218
vn -0.5055 -0.5539 0.6615
vn -0.5875 -0.5539 0.5899
vn -0.6595 -0.5539 0.5081
vn -0.7202 -0.5539 0.4177
vn -0.7685 -0.5539 0.3201
vn -0.8038 -0.5539 0.2171
vn -0.8252 -0.5539 0.1103
vn -0.8326 -0.5539 0.0017
vn -0.8256 -0.5539 -0.1070
vn -0.8046 -0.5539 -0.2139
vn -0.7698 -0.5539 -0.3171
vn -0.7218 -0.5539 -0.4148
vn -0.6615 -0.5539 -0.5055
vn -0.5899 -0.5539 -0.5875
vn -0.5081 -0.5539 -0.6595
vn -0.4177 -0.5539 -0.7202
vn -0.3201 -0.5539 -0.7685
vn -0.2171 -0.5539 -0.8038
vn -0.1103 -0.5539 -0.8252
vn -0.0017 -0.5539 -0.8326
vn 0.1070 -0.5539 -0.8256
vn 0.2139 -0.5539 -0.8046
vn 0.3171 -0.5539 -0.7698
vn 0.4148 -0.5539 -0.7218
vn 0.5055 -0.5539 -0.6615
vn 0.5875 -0.5539 -0.5899
vn 0.6595 -0.5539 -0.5081
vn 0.7202 -0.5539 -0.4177
vn 0.7685 -0.5539 -0.3201
vn 0.8038 -0.5539 -0.2171
vn 0.8252 -0.5539 -0.1103
vn 0.7864 -0.6177 -0.0019
vn 0.7799 -0.6177 0.1008
vn 0.7601 -0.6177 0.2018
vn 0.7273 -0.6177 0.2992
vn 0.6820 -0.6177 0.3916
vn 0.6250 -0.6177 0.4773
vn 0.5574 -0.6177 0.5548
vn 0.4802 -0.6177 0.6228
vn 0.3948 -0.6177 0.6801
vn 0.3027 -0.6177 0.7259
vn 0.2053 -0.6177 0.7592
vn 0.1045 -0.6177 0.7795
vn 0.0019 -0.6177 0.7864
vn -0.1008 -0.6177 0.7799
vn -0.2018 -0.6177 0.7601
vn -0.2992 -0.6177 0.7273
vn -0.3916 -0.6177 0.6820
vn -0.4773 -0.6177 0.6250
vn -0.5548 -0.6177 0.5574
vn -0.6228 -0.6177 0.4802
vn -0.6801 -0.6177 0.3948
vn -0.7259 -0.6177 0.3027
vn -0.7592 -0.6177 0.2053
vn -0.7795 -0.6177 0.1045
vn -0.7864 -0.6177 0.0019
vn -0.7799 -0.6177 -0.1008
vn -0.7601 -0.6177 -0.2018
vn -0.7273 -0.6177 -0.2992
vn -0.6820 -0.6177 -0.3916
vn -0.6250 -0.6177 -0.4773
vn -0.5574 -0.6177 -0.5548
vn -0.4802 -0.6177 -0.6228
vn -0.3948 -0.6177 -0.6801
vn -0.3027 -0.6177 -0.7259
vn -0.2053 -0.6177 -0.7592
vn -0.1045 -0.6177 -0.7795
vn -0.0019 -0.6177 -0.7864
vn 0.1008 -0.6177 -0.7799
vn 0.2018 -0.6177 -0.7601
vn 0.2992 -0.6177 -0.7273
vn 0.3916 -0.6177 -0.6820
vn 0.4773 -0.6177 -0.6250
vn 0.5548 -0.6177 -0.5574
vn 0.6228 -0.6177 -0.4802
vn 0.6801 -0.6177 -0.3948
vn 0.7259 -0.6177 -0.3027
vn 0.7592 -0.6177 -0.2053
vn 0.7795 -0.6177 -0.1045
vn 0.7345 -0.6786 -0.0020
vn 0.7284 -0.6786 0.0938
vn 0.7100 -0.6786 0.1881
vn 0.6793 -0.6786 0.2792
vn 0.6371 -0.6786 0.3655
vn 0.5839 -0.6786 0.4455
vn 0.5208 -0.6786 0.5179
vn 0.4487 -0.6786 0.5815
vn 0.3690 -0.6786 0.6350
vn 0.2829 -0.6786 0.6778
vn 0.1921 -0.6786 0.7089
vn 0.0979 -0.6786 0.7279
vn 0.0020 -0.6786 0.7345
vn -0.0938 -0.6786 0.7284
vn -0.1881 -0.6786 0.7100
vn -0.2792 -0.6786 0.6793
vn -0.3655 -0.6786 0.6371
vn -0.4455 -0.6786 0.5839
vn -0.5179 -0.6786 0.5208
vn -0.5815 -0.6786 0.4487
vn -0.6350 -0.6786 0.3690
vn -0.6778 -0.6786 0.2829
vn -0.7089 -0.6786 0.1921
vn -0.7279 -0.6786 0.0979
vn -0.7345 -0.6786 0.0020
vn -0.7284 -0.6786 -0.0938
vn -0.7100 -0.6786 -0.1881
vn -0.6793 -0.6786 -0.2792
vn -0.6371 -0.6786 -0.3655
vn -0.5839 -0.6786 -0.4455
vn -0.5208 -0.6786 -0.5179
vn -0.4487 -0.6786 -0.5815
vn -0.3690 -0.6786 -0.6350
vn -0.2829 -0.6786 -0.6778
vn -0.1921 -0.6786 -0.7089
vn -0.0979 -0.6786 -0.7279
vn -0.0020 -0.6786 -0.7345
vn 0.0938 -0.6786 -0.7284
vn 0.1881 -0.6786 -0.7100
vn 0.2792 -0.6786 -0.6793
vn 0.3655 -0.6786 -0.6371
vn 0.4455 -0.6786 -0.5839
vn 0.5179 -0.6786 -0.5208
vn 0.5815 -0.6786 -0.4487
vn 0.6350 -0.6786 -0.3690
vn 0.6778 -0.6786 -0.2829
vn 0.7089 -0.6786 -0.1921
vn 0.7279 -0.6786 -0.0979
vn 0.6767 -0.7363 -0.0022
vn 0.6712 -0.7363 0.0861
vn 0.6542 -0.7363 0.1730
vn 0.6260 -0.7363 0.2569
vn 0.5871 -0.7363 0.3364
vn 0.5382 -0.7363 0.4102
vn 0.4800 -0.7363 0.4769
vn 0.4137 -0.7363 0.5355
vn 0.3402 -0.7363 0.5849
vn 0.2610 -0.7363 0.6243
vn 0.1773 -0.7363 0.6530
vn 0.0905 -0.7363 0.6706
vn 0.0022 -0.7363 0.6767
vn -0.0861 -0.7363 0.6712
vn -0.1730 -0.7363 0.6542
vn -0.2569 -0.7363 0.6260
vn -0.3364 -0.7363 0.5871
vn -0.4102 -0.7363 0.5382
vn -0.4769 -0.7363 0.4800
vn -0.5355 -0.7363 0.4137
vn -0.5849 -0.7363 0.3402
vn -0.6243 -0.7363 0.2610
vn -0.6530 -0.7363 0.1773
vn -0.6706 -0.7363 0.0905
vn -0.6767 -0.7363 0.0022
vn -0.6712 -0.7363 -0.0861
vn -0.6542 -0.7363 -0.1730
vn -0.6260 -0.7363 -0.2569
vn -0.5871 -0.7363 -0.3364
vn -0.5382 -0.7363 -0.4102
vn -0.4800 -0.7363 -0.4769
vn -0.4137 -0.7363 -0.5355
vn -0.3402 -0.7363 -0.5849
vn -0.2610 -0.7363 -0.6243
vn -0.1773 -0.7363 -0.6530
vn -0.0905 -0.7363 -0.6706
vn -0.0022 -0.7363 -0.6767
vn 0.0861 -0.7363 -0.6712
vn 0.1730 -0.7363 -0.6542
vn 0.2569 -0.7363 -0.6260
vn 0.3364 -0.7363 -0.5871
vn 0.4102 -0.7363 -0.5382
vn 0.4769 -0.7363 -0.4800
vn 0.5355 -0.7363 -0.4137
vn 0.5849 -0.7363 -0.3402
vn 0.6243 -0.7363 -0.2610
vn 0.6530 -0.7363 -0.1773
vn 0.6706 -0.7363 -0.0905
vn 0.6132 -0.7900 -0.0024
vn 0.6082 -0.7900 0.0777
vn 0.5929 -0.7900 0.1564
vn 0.5674 -0.7900 0.2325
vn 0.5322 -0.7900 0.3045
vn 0.4879 -0.7900 0.3714
vn 0.4352 -0.7900 0.4319
vn 0.3751 -0.7900 0.4850
vn 0.3086 -0.7900 0.5298
vn 0.2368 -0.7900 0.5656
vn 0.1610 -0.7900 0.5917
vn 0.0824 -0.7900 0.6076
vn 0.0024 -0.7900 0.6132
vn -0.0777 -0.7900 0.6082
vn -0.1564 -0.7900 0.5929
vn -0.2325 -0.7900 0.5674
vn -0.3045 -0.7900 0.5322
vn -0.3714 -0.7900 0.4879
vn -0.4319 -0.7900 0.4352
vn -0.4850 -0.7900 0.3751
vn -0.5298 -0.7900 0.3086
vn -0.5656 -0.7900 0.2368
vn -0.5917 -0.7900 0.1610
vn -0.6076 -0.7900 0.0824
vn -0.6132 -0.7900 0.0024
vn -0.6082 -0.7900 -0.0777
vn -0.5929 -0.7900 -0.1564
vn -0.5674 -0.7900 -0.2325
vn -0.5322 -0.7900 -0.3045
vn -0.4879 -0.7900 -0.3714
vn -0.4352 -0.7900 -0.4319
vn -0.3751 -0.7900 -0.4850
vn -0.3086 -0.7900 -0.5298
vn -0.2368 -0.7900 -0.5656
vn -0.1610 -0.7900 -0.5917
vn -0.0824 -0.7900 -0.6076
vn -0.0024 -0.7900 -0.6132
vn 0.0777 -0.7900 -0.6082
vn 0.1564 -0.7900 -0.5929
vn 0.2325 -0.7900 -0.5674
vn 0.3045 -0.7900 -0.5322
vn 0.3714 -0.7900 -0.4879
vn 0.4319 -0.7900 -0.4352
vn 0.4850 -0.7900 -0.3751
vn 0.5298 -0.7900 -0.3086
vn 0.5656 -0.7900 -0.2368
vn 0.5917 -0.7900 -0.1610
vn 0.6076 -0.7900 -0.0824
vn 0.5442 -0.8390 -0.0025
vn 0.5399 -0.8390 0.0685
vn 0.5263 -0.8390 0.1384
vn 0.5037 -0.8390 0.2059
vn 0.4725 -0.8390 0.2699
vn 0.4333 -0.8390 0.3293
vn 0.3866 -0.8390 0.3830
vn 0.3333 -0.8390 0.4302
vn 0.2743 -0.8390 0.4700
vn 0.2106 -0.8390 0.5018
vn 0.1433 -0.8390 0.5250
vn 0.0735 -0.8390 0.5392
vn 0.0025 -0.8390 0.5442
vn -0.0685 -0.8390 0.5399
vn -0.1384 -0.8390 0.5263
vn -0.2059 -0.8390 0.5037
vn -0.2699 -0.8390 0.4725
vn -0.3293 -0.8390 0.4333
vn -0.3830 -0.8390 0.3866
vn -0.4302 -0.8390 0.3333
vn -0.4700 -0.8390 0.2743
vn -0.5018 -0.8390 0.2106
vn -0.5250 -0.8390 0.1433
vn -0.5392 -0.8390 0.0735
vn -0.5442 -0.8390 0.0025
vn -0.5399 -0.8390 -0.0685
vn -0.5263 -0.8390 -0.1384
vn -0.5037 -0.8390 -0.2059
vn -0.4725 -0.8390 -0.2699
vn -0.4333 -0.8390 -0.3293
vn -0.3866 -0.8390 -0.3830
vn -0.3333 -0.8390 -0.4302
vn -0.2743 -0.8390 -0.4700
vn -0.2106 -0.8390 -0.5018
vn -0.1433 -0.8390 -0.5250
vn -0.0735 -0.8390 -0.5392
vn -0.0025 -0.8390 -0.5442
vn 0.0685 -0.8390 -0.5399
vn 0.1384 -0.8390 -0.5263
vn 0.2059 -0.8390 -0.5037
vn 0.2699 -0.8390 -0.4725
vn 0.3293 -0.8390 -0.4333
vn 0.3830 -0.8390 -0.3866
vn 0.4302 -0.8390 -0.3333
vn 0.4700 -0.8390 -0.2743
vn 0.5018 -0.8390 -0.2106
vn 0.5250 -0.8390 -0.1433
vn 0.5392 -0.8390 -0.0735
vn 0.5058 -0.8626 -0.0122
vn 0.5030 -0.8626 0.0539
vn 0.4917 -0.8626 0.1191
vn 0.4719 -0.8626 0.1822
vn 0.4441 -0.8626 0.2423
vn 0.4087 -0.8626 0.2982
vn 0.3663 -0.8626 0.3490
vn 0.3176 -0.8626 0.3938
vn 0.2635 -0.8626 0.4319
vn 0.2048 -0.8626 0.4626
vn 0.1427 -0.8626 0.4854
vn 0.0781 -0.8626 0.4998
vn 0.0122 -0.8626 0.5058
vn -0.0539 -0.8626 0.5030
vn -0.1191 -0.8626 0.4917
vn -0.1822 -0.8626 0.4719
vn -0.2423 -0.8626 0.4441
vn -0.2982 -0.8626 0.4087
vn -0.3490 -0.8626 0.3663
vn -0.3938 -0.8626 0.3176
vn -0.4319 -0.8626 0.2635
vn -0.4626 -0.8626 0.2048
vn -0.4854 -0.8626 0.1427
vn -0.4998 -0.8626 0.0781
vn -0.5058 -0.8626 0.0122
vn -0.5030 -0.8626 -0.0539
vn -0.4917 -0.8626 -0.1191
vn -0.4719 -0.8626 -0.1822
vn -0.4441 -0.8626 -0.2423
vn -0.4087 -0.8626 -0.2982
vn -0.3663 -0.8626 -0.3490
vn -0.3176 -0.8626 -0.3938
vn -0.2635 -0.8626 -0.4319
vn -0.2048 -0.8626 -0.4626
vn -0.1427 -0.8626 -0.4854
vn -0.0781 -0.8626 -0.4998
vn -0.0122 -0.8626 -0.5058
vn 0.0539 -0.8626 -0.5030
vn 0.1191 -0.8626 -0.4917
vn 0.1822 -0.8626 -0.4719
vn 0.2423 -0.8626 -0.4441
vn 0.2982 -0.8626 -0.4087
vn 0.3490 -0.8626 -0.3663
vn 0.3938 -0.8626 -0.3176
vn 0.4319 -0.8626 -0.2635
vn 0.4626 -0.8626 -0.2048
vn 0.4854 -0.8626 -0.1427
vn 0.4998 -0.8626 -0.0781
vn -0.3481 0.8973 -0.2713
vt 0.5051 1.0051
vt 0.5050 1.0053
vt 0.5049 1.0055
vt 0.5047 1.0056
vt 0.5044 1.0057
vt 0.5040 1.0058
vt 0.5036 1.0058
vt 0.5031 1.0057
vt 0.5025 1.0056
vt 0.5019 1.0055
vt 0.5013 1.0053
vt 0.5007 1.0051
vt 0.5000 1.0048
vt 0.4993 1.0045
vt 0.4987 1.0042
vt 0.4981 1.0039
vt 0.4975 1.0036
vt 0.4969 1.0032
vt 0.4964 1.0029
vt 0.4960 1.0025
vt 0.4957 1.0022
vt 0.4954 1.0019
vt 0.4952 1.0016
vt 0.4950 1.0014
vt 0.4950 1.0012
vt 0.4950 1.0010
vt 0.4952 1.0009
vt 0.4954 1.0008
vt 0.4957 1.0008
vt 0.4960 1.0008
vt 0.4965 1.0008
vt 0.4970 1.0009
vt 0.4975 1.0010
vt 0.4981 1.0012
vt 0.4987 1.0014
vt 0.4993 1.0016
vt 0.5000 1.0018
vt 0.5007 1.0020
vt 0.5013 1.0023
vt 0.5019 1.0026
vt 0.5025 1.0029
vt 0.5031 1.0032
vt 0.5036 1.0035
vt 0.5040 1.0038
vt 0.5044 1.0041
vt 0.5047 1.0043
vt 0.5049 1.0046
vt 0.5050 1.0048
vt 0.5263 1.0109
vt 0.5262 1.0123
vt 0.5256 1.0138
vt 0.5246 1.0152
vt 0.5232 1.0165
vt 0.5213 1.0174
vt 0.5190 1.0181
vt 0.5164 1.0183
vt 0.5135 1.0180
vt 0.5103 1.0173
vt 0.5069 1.0162
vt 0.5035 1.0146
vt 0.5000 1.0128
vt 0.4966 1.0109
vt 0.4932 1.0088
vt 0.4901 1.0068
vt 0.4871 1.0049
vt 0.4844 1.0032
vt 0.4820 1.0017
vt 0.4799 1.0004
vt 0.4782 0.9993
vt 0.4768 0.9983
vt 0.4758 0.9975
vt 0.4752 0.9967
vt 0.4751 0.9961
vt 0.4753 0.9956
vt 0.4760 0.9952
vt 0.4771 0.9949
vt 0.4785 0.9947
vt 0.4803 0.9947
vt 0.4824 0.9949
vt 0.4849 0.9954
vt 0.4875 0.9960
vt 0.4904 0.9967
vt 0.4935 0.9977
vt 0.4967 0.9987
vt 0.5000 0.9997
vt 0.5033 1.0008
vt 0.5066 1.0018
vt 0.5098 1.0027
vt 0.5128 1.0035
vt 0.5156 1.0043
vt 0.5182 1.0051
vt 0.5205 1.0058
vt 0.5224 1.0066
vt 0.5240 1.0075
vt 0.5252 1.0085
vt 0.5259 1.0096
vt 0.5475 1.0097
vt 0.5476 1.0126
vt 0.5469 1.0161
vt 0.5454 1.0197
vt 0.5431 1.0231
vt 0.5398 1.0260
vt 0.5357 1.0281
vt 0.5309 1.0292
vt 0.5254 1.0291
vt 0.5193 1.0279
vt 0.5130 1.0255
vt 0.5065 1.0223
vt 0.5000 1.0185
vt 0.4937 1.0143
vt 0.4877 1.0101
vt 0.4820 1.0064
vt 0.4768 1.0033
vt 0.4719 1.0010
vt 0.4676 0.9996
vt 0.4637 0.9990
vt 0.4604 0.9990
vt 0.4577 0.9991
vt 0.4558 0.9992
vt 0.4546 0.9989
vt 0.4543 0.9982
vt 0.4549 0.9974
vt 0.4562 0.9963
vt 0.4583 0.9952
vt 0.4610 0.9943
vt 0.4644 0.9938
vt 0.4682 0.9938
vt 0.4726 0.9944
vt 0.4774 0.9955
vt 0.4826 0.9970
vt 0.4882 0.9987
vt 0.4940 1.0006
vt 0.5000 1.0025
vt 0.5061 1.0041
vt 0.5121 1.0053
vt 0.5180 1.0061
vt 0.5235 1.0065
vt 0.5286 1.0065
vt 0.5332 1.0063
vt 0.5372 1.0059
vt 0.5406 1.0056
vt 0.5433 1.0057
vt 0.5454 1.0063
vt 0.5468 1.0076
vt 0.5678 1.0024
vt 0.5682 1.0065
vt 0.5676 1.0116
vt 0.5659 1.0171
vt 0.5629 1.0224
vt 0.5584 1.0268
vt 0.5526 1.0299
vt 0.5455 1.0315
vt 0.5374 1.0316
vt 0.5285 1.0301
vt 0.5191 1.0273
vt 0.5095 1.0232
vt 0.5000 1.0181
vt 0.4908 1.0125
vt 0.4822 1.0068
vt 0.4741 1.0017
vt 0.4666 0.9979
vt 0.4597 0.9959
vt 0.4532 0.9958
vt 0.4472 0.9973
vt 0.4418 0.9999
vt 0.4373 1.0026
vt 0.4340 1.0046
vt 0.4321 1.0054
vt 0.4317 1.0046
vt 0.4327 1.0029
vt 0.4350 1.0005
vt 0.4383 0.9980
vt 0.4426 0.9961
vt 0.4476 0.9950
vt 0.4533 0.9949
vt 0.4597 0.9956
vt 0.4667 0.9972
vt 0.4743 0.9994
vt 0.4825 1.0019
vt 0.4911 1.0044
vt 0.5000 1.0065
vt 0.5090 1.0080
vt 0.5179 1.0088
vt 0.5265 1.0088
vt 0.5346 1.0081
vt 0.5419 1.0068
vt 0.5484 1.0051
vt 0.5539 1.0031
vt 0.5585 1.0012
vt 0.5621 0.9998
vt 0.5648 0.9993
vt 0.5667 1.0001
vt 0.5876 0.9942
vt 0.5883 0.9987
vt 0.5877 1.0042
vt 0.5856 1.0100
vt 0.5817 1.0151
vt 0.5758 1.0191
vt 0.5681 1.0215
vt 0.5588 1.0225
vt 0.5483 1.0223
vt 0.5368 1.0213
vt 0.5248 1.0193
vt 0.5124 1.0163
vt 0.5000 1.0119
vt 0.4881 1.0063
vt 0.4768 1.0002
vt 0.4664 0.9945
vt 0.4568 0.9901
vt 0.4478 0.9881
vt 0.4393 0.9889
vt 0.4310 0.9922
vt 0.4233 0.9973
vt 0.4166 1.0027
vt 0.4115 1.0068
vt 0.4086 1.0085
vt 0.4081 1.0075
vt 0.4098 1.0046
vt 0.4133 1.0009
vt 0.4181 0.9976
vt 0.4238 0.9954
vt 0.4304 0.9946
vt 0.4379 0.9949
vt 0.4463 0.9962
vt 0.4556 0.9982
vt 0.4657 1.0009
vt 0.4765 1.0037
vt 0.4881 1.0061
vt 0.5000 1.0075
vt 0.5120 1.0077
vt 0.5237 1.0069
vt 0.5349 1.0056
vt 0.5454 1.0039
vt 0.5549 1.0021
vt 0.5633 1.0000
vt 0.5703 0.9975
vt 0.5761 0.9949
vt 0.5805 0.9926
vt 0.5838 0.9914
vt 0.5861 0.9919
vt 0.6084 0.9884
vt 0.6091 0.9926
vt 0.6080 0.9968
vt 0.6047 1.0007
vt 0.5992 1.0038
vt 0.5916 1.0060
vt 0.5819 1.0069
vt 0.5705 1.0069
vt 0.5579 1.0066
vt 0.5443 1.0065
vt 0.5299 1.0064
vt 0.5150 1.0054
vt 0.5000 1.0026
vt 0.4853 0.9981
vt 0.4715 0.9924
vt 0.4588 0.9866
vt 0.4472 0.9818
vt 0.4363 0.9791
vt 0.4260 0.9792
vt 0.4160 0.9824
vt 0.4063 0.9881
vt 0.3975 0.9948
vt 0.3906 1.0005
vt 0.3866 1.0033
vt 0.3859 1.0026
vt 0.3882 0.9992
vt 0.3927 0.9951
vt 0.3985 0.9920
vt 0.4053 0.9908
vt 0.4131 0.9912
vt 0.4223 0.9923
vt 0.4327 0.9938
vt 0.4443 0.9959
vt 0.4569 0.9989
vt 0.4705 1.0019
vt 0.4850 1.0038
vt 0.5000 1.0037
vt 0.5148 1.0015
vt 0.5291 0.9984
vt 0.5426 0.9956
vt 0.5553 0.9938
vt 0.5670 0.9928
vt 0.5776 0.9920
vt 0.5867 0.9907
vt 0.5939 0.9886
vt 0.5994 0.9865
vt 0.6035 0.9853
vt 0.6065 0.9860
vt 0.6305 0.9840
vt 0.6309 0.9871
vt 0.6283 0.9887
vt 0.6229 0.9892
vt 0.6155 0.9899
vt 0.6064 0.9912
vt 0.5953 0.9925
vt 0.5822 0.9929
vt 0.5676 0.9933
vt 0.5519 0.9943
vt 0.5352 0.9954
vt 0.5178 0.9952
vt 0.5000 0.9928
vt 0.4827 0.9885
vt 0.4663 0.9834
vt 0.4511 0.9782
vt 0.4373 0.9737
vt 0.4246 0.9705
vt 0.4129 0.9691
vt 0.4018 0.9703
vt 0.3911 0.9743
vt 0.3810 0.9805
vt 0.3725 0.9869
vt 0.3670 0.9913
vt 0.3656 0.9919
vt 0.3678 0.9896
vt 0.3728 0.9863
vt 0.3792 0.9844
vt 0.3867 0.9846
vt 0.3957 0.9859
vt 0.4067 0.9868
vt 0.4195 0.9873
vt 0.4336 0.9887
vt 0.4486 0.9918
vt 0.4647 0.9955
vt 0.4821 0.9975
vt 0.5000 0.9959
vt 0.5175 0.9912
vt 0.5340 0.9859
vt 0.5496 0.9823
vt 0.5646 0.9815
vt 0.5790 0.9826
vt 0.5923 0.9840
vt 0.6036 0.9842
vt 0.6126 0.9829
vt 0.6192 0.9809
vt 0.6242 0.9800
vt 0.6281 0.9813
vt 0.6524 0.9768
vt 0.6522 0.9787
vt 0.6474 0.9770
vt 0.6393 0.9740
vt 0.6303 0.9735
vt 0.6209 0.9766
vt 0.6095 0.9809
vt 0.5953 0.9838
vt 0.5788 0.9855
vt 0.5607 0.9871
vt 0.5412 0.9879
vt 0.5206 0.9863
vt 0.5000 0.9820
vt 0.4801 0.9767
vt 0.4613 0.9721
vt 0.4436 0.9684
vt 0.4272 0.9653
vt 0.4123 0.9628
vt 0.3989 0.9609
vt 0.3870 0.9600
vt 0.3760 0.9612
vt 0.3655 0.9652
vt 0.3559 0.9713
vt 0.3487 0.9770
vt 0.3456 0.9800
vt 0.3470 0.9799
vt 0.3519 0.9783
vt 0.3588 0.9775
vt 0.3671 0.9784
vt 0.3778 0.9795
vt 0.3914 0.9787
vt 0.4073 0.9766
vt 0.4240 0.9760
vt 0.4411 0.9790
vt 0.4594 0.9842
vt 0.4793 0.9874
vt 0.5000 0.9855
vt 0.5201 0.9793
vt 0.5388 0.9727
vt 0.5567 0.9696
vt 0.5744 0.9705
vt 0.5917 0.9737
vt 0.6077 0.9766
vt 0.6212 0.9774
vt 0.6314 0.9756
vt 0.6387 0.9729
vt 0.6444 0.9719
vt 0.6493 0.9736
vt 0.6710 0.9627
vt 0.6704 0.9639
vt 0.6636 0.9605
vt 0.6535 0.9558
vt 0.6439 0.9559
vt 0.6353 0.9622
vt 0.6246 0.9701
vt 0.6094 0.9751
vt 0.5906 0.9773
vt 0.5698 0.9789
vt 0.5472 0.9786
vt 0.5234 0.9745
vt 0.5000 0.9677
vt 0.4778 0.9615
vt 0.4567 0.9576
vt 0.4366 0.9554
vt 0.4175 0.9541
vt 0.3997 0.9538
vt 0.3836 0.9536
vt 0.3700 0.9526
vt 0.3587 0.9517
vt 0.3483 0.9531
vt 0.3384 0.9575
vt 0.3301 0.9632
vt 0.3254 0.9679
vt 0.3252 0.9703
vt 0.3296 0.9705
vt 0.3372 0.9702
vt 0.3471 0.9707
vt 0.3600 0.9705
vt 0.3768 0.9673
vt 0.3962 0.9620
vt 0.4159 0.9589
vt 0.4350 0.9613
vt 0.4548 0.9681
vt 0.4767 0.9738
vt 0.5000 0.9732
vt 0.5227 0.9669
vt 0.5438 0.9603
vt 0.5642 0.9580
vt 0.5847 0.9604
vt 0.6049 0.9645
vt 0.6231 0.9671
vt 0.6378 0.9665
vt 0.6482 0.9630
vt 0.6555 0.9589
vt 0.6615 0.9573
vt 0.6672 0.9594
vt 0.6845 0.9421
vt 0.6836 0.9430
vt 0.6766 0.9401
vt 0.6664 0.9370
vt 0.6577 0.9392
vt 0.6501 0.9478
vt 0.6389 0.9566
vt 0.6217 0.9607
vt 0.6004 0.9618
vt 0.5772 0.9630
vt 0.5520 0.9621
vt 0.5256 0.9565
vt 0.5000 0.9487
vt 0.4758 0.9431
vt 0.4526 0.9404
vt 0.4305 0.9387
vt 0.4093 0.9384
vt 0.3884 0.9407
vt 0.3685 0.9440
vt 0.3517 0.9451
vt 0.3391 0.9438
vt 0.3287 0.9432
vt 0.3192 0.9454
vt 0.3111 0.9494
vt 0.3059 0.9538
vt 0.3044 0.9576
vt 0.3080 0.9594
vt 0.3166 0.9590
vt 0.3288 0.9581
vt 0.3444 0.9562
vt 0.3641 0.9514
vt 0.3865 0.9445
vt 0.4089 0.9394
vt 0.4298 0.9408
vt 0.4509 0.9486
vt 0.4743 0.9571
vt 0.5000 0.9590
vt 0.5253 0.9539
vt 0.5489 0.9477
vt 0.5718 0.9459
vt 0.5948 0.9484
vt 0.6171 0.9517
vt 0.6365 0.9524
vt 0.6511 0.9493
vt 0.6609 0.9438
vt 0.6680 0.9390
vt 0.6745 0.9375
vt 0.6806 0.9394
vt 0.6954 0.9200
vt 0.6933 0.9195
vt 0.6873 0.9184
vt 0.6796 0.9189
vt 0.6725 0.9238
vt 0.6646 0.9323
vt 0.6510 0.9386
vt 0.6305 0.9394
vt 0.6069 0.9388
vt 0.5822 0.9399
vt 0.5554 0.9389
vt 0.5272 0.9330
vt 0.5000 0.9263
vt 0.4741 0.9231
vt 0.4490 0.9218
vt 0.4254 0.9195
vt 0.4029 0.9187
vt 0.3793 0.9229
vt 0.3551 0.9298
vt 0.3345 0.9335
vt 0.3197 0.9330
vt 0.3086 0.9320
vt 0.2992 0.9327
vt 0.2926 0.9340
vt 0.2889 0.9361
vt 0.2870 0.9398
vt 0.2898 0.9427
vt 0.2996 0.9419
vt 0.3147 0.9390
vt 0.3327 0.9358
vt 0.3540 0.9313
vt 0.3779 0.9253
vt 0.4022 0.9203
vt 0.4250 0.9205
vt 0.4474 0.9280
vt 0.4722 0.9381
vt 0.5000 0.9426
vt 0.5280 0.9393
vt 0.5540 0.9336
vt 0.5789 0.9311
vt 0.6038 0.9324
vt 0.6273 0.9339
vt 0.6468 0.9324
vt 0.6607 0.9273
vt 0.6704 0.9213
vt 0.6789 0.9181
vt 0.6872 0.9184
vt 0.6935 0.9197
vt 0.7092 0.9015
vt 0.7035 0.8980
vt 0.6976 0.8975
vt 0.6923 0.9006
vt 0.6862 0.9065
vt 0.6765 0.9129
vt 0.6598 0.9160
vt 0.6366 0.9147
vt 0.6118 0.9139
vt 0.5863 0.9157
vt 0.5580 0.9144
vt 0.5283 0.9080
vt 0.5000 0.9030
vt 0.4724 0.9031
vt 0.4453 0.9033
vt 0.4207 0.8997
vt 0.3977 0.8976
vt 0.3719 0.9026
vt 0.3440 0.9114
vt 0.3201 0.9167
vt 0.3032 0.9171
vt 0.2906 0.9167
vt 0.2804 0.9173
vt 0.2753 0.9166
vt 0.2746 0.9155
vt 0.2738 0.9179
vt 0.2759 0.9213
vt 0.2870 0.9200
vt 0.3050 0.9153
vt 0.3251 0.9113
vt 0.3463 0.9086
vt 0.3696 0.9058
vt 0.3946 0.9028
vt 0.4196 0.9022
vt 0.4439 0.9081
vt 0.4702 0.9179
vt 0.5000 0.9238
vt 0.5304 0.9221
vt 0.5586 0.9164
vt 0.5849 0.9124
vt 0.6106 0.9118
vt 0.6345 0.9117
vt 0.6539 0.9089
vt 0.6678 0.9035
vt 0.6794 0.8997
vt 0.6925 0.9008
vt 0.7054 0.9045
vt 0.7115 0.9051
vt 0.7270 0.8857
vt 0.7165 0.8794
vt 0.7087 0.8777
vt 0.7029 0.8803
vt 0.6951 0.8845
vt 0.6828 0.8882
vt 0.6647 0.8901
vt 0.6417 0.8899
vt 0.6174 0.8914
vt 0.5915 0.8945
vt 0.5611 0.8924
vt 0.5294 0.8845
vt 0.5000 0.8804
vt 0.4708 0.8833
vt 0.4416 0.8848
vt 0.4160 0.8802
vt 0.3923 0.8772
vt 0.3647 0.8823
vt 0.3344 0.8909
vt 0.3085 0.8962
vt 0.2900 0.8970
vt 0.2759 0.8971
vt 0.2643 0.8981
vt 0.2599 0.8968
vt 0.2624 0.8934
vt 0.2638 0.8939
vt 0.2656 0.8972
vt 0.2776 0.8958
vt 0.2982 0.8901
vt 0.3193 0.8863
vt 0.3394 0.8858
vt 0.3610 0.8867
vt 0.3862 0.8861
vt 0.4134 0.8853
vt 0.4402 0.8888
vt 0.4685 0.8965
vt 0.5000 0.9020
vt 0.5324 0.9010
vt 0.5621 0.8951
vt 0.5889 0.8896
vt 0.6146 0.8873
vt 0.6385 0.8861
vt 0.6579 0.8830
vt 0.6731 0.8793
vt 0.6891 0.8794
vt 0.7096 0.8856
vt 0.7284 0.8926
vt 0.7343 0.8925
vt 0.7426 0.8671
vt 0.7298 0.8606
vt 0.7195 0.8578
vt 0.7106 0.8582
vt 0.6992 0.8594
vt 0.6846 0.8611
vt 0.6676 0.8637
vt 0.6469 0.8663
vt 0.6240 0.8704
vt 0.5978 0.8750
vt 0.5509 0.8391
vt 0.5256 0.8391
vt 0.5000 0.8391
vt 0.4744 0.8391
vt 0.4383 0.8646
vt 0.4116 0.8600
vt 0.3868 0.8573
vt 0.3574 0.8620
vt 0.3260 0.8692
vt 0.2988 0.8738
vt 0.2784 0.8752
vt 0.2635 0.8752
vt 0.2519 0.8758
vt 0.2476 0.8744
vt 0.2521 0.8703
vt 0.2557 0.8694
vt 0.2578 0.8720
vt 0.2700 0.8710
vt 0.2914 0.8660
vt 0.3125 0.8633
vt 0.3316 0.8644
vt 0.3527 0.8668
vt 0.3784 0.8674
vt 0.4075 0.8666
vt 0.4367 0.8682
vt 0.4671 0.8729
vt 0.5000 0.8765
vt 0.5334 0.8752
vt 0.5638 0.8695
vt 0.5906 0.8636
vt 0.6158 0.8605
vt 0.6392 0.8587
vt 0.6591 0.8564
vt 0.6771 0.8554
vt 0.6984 0.8589
vt 0.7252 0.8678
vt 0.7478 0.8756
vt 0.7527 0.8746
vt 0.7490 0.8428
vt 0.7382 0.8385
vt 0.7272 0.8360
vt 0.7160 0.8353
vt 0.7023 0.8352
vt 0.6871 0.8363
vt 0.6718 0.8398
vt 0.6525 0.8435
vt 0.6022 0.8208
vt 0.5782 0.8208
vt 0.5529 0.8208
vt 0.5267 0.8208
vt 0.5000 0.8208
vt 0.4733 0.8208
vt 0.4471 0.8208
vt 0.4218 0.8208
vt 0.3823 0.8361
vt 0.3514 0.8404
vt 0.3199 0.8456
vt 0.2909 0.8499
vt 0.2668 0.8528
vt 0.2514 0.8527
vt 0.2426 0.8514
vt 0.2394 0.8496
vt 0.2445 0.8460
vt 0.2497 0.8445
vt 0.2522 0.8465
vt 0.2636 0.8462
vt 0.2836 0.8432
vt 0.3034 0.8422
vt 0.3232 0.8433
vt 0.3461 0.8447
vt 0.3733 0.8449
vt 0.4034 0.8444
vt 0.4343 0.8451
vt 0.4664 0.8470
vt 0.5000 0.8479
vt 0.5334 0.8463
vt 0.5639 0.8418
vt 0.5908 0.8370
vt 0.6157 0.8341
vt 0.6389 0.8325
vt 0.6604 0.8318
vt 0.6820 0.8331
vt 0.7067 0.8377
vt 0.7350 0.8454
vt 0.7560 0.8507
vt 0.7584 0.8485
vt 0.7478 0.8161
vt 0.7411 0.8142
vt 0.7308 0.8126
vt 0.7201 0.8124
vt 0.7080 0.8131
vt 0.6939 0.8147
vt 0.6492 0.8018
vt 0.6285 0.8018
vt 0.6055 0.8018
vt 0.5808 0.8018
vt 0.5546 0.8018
vt 0.5275 0.8018
vt 0.5000 0.8018
vt 0.4725 0.8018
vt 0.4454 0.8018
vt 0.4192 0.8018
vt 0.3945 0.8018
vt 0.3715 0.8018
vt 0.3170 0.8203
vt 0.2859 0.8246
vt 0.2559 0.8292
vt 0.2389 0.8295
vt 0.2345 0.8266
vt 0.2347 0.8237
vt 0.2404 0.8206
vt 0.2461 0.8193
vt 0.2489 0.8207
vt 0.2589 0.8212
vt 0.2757 0.8204
vt 0.2938 0.8207
vt 0.3161 0.8208
vt 0.3427 0.8202
vt 0.3714 0.8197
vt 0.4017 0.8196
vt 0.4332 0.8200
vt 0.4664 0.8199
vt 0.5000 0.8189
vt 0.5328 0.8174
vt 0.5636 0.8153
vt 0.5915 0.8127
vt 0.6169 0.8106
vt 0.6410 0.8097
vt 0.6653 0.8106
vt 0.6902 0.8129
vt 0.7152 0.8163
vt 0.7397 0.8206
vt 0.7549 0.8223
vt 0.7542 0.8194
vt 0.7488 0.7916
vt 0.7436 0.7907
vt 0.7324 0.7893
vt 0.7237 0.7897
vt 0.7150 0.7915
vt 0.6715 0.7823
vt 0.6529 0.7823
vt 0.6316 0.7823
vt 0.6081 0.7823
vt 0.5827 0.7823
vt 0.5560 0.7823
vt 0.5282 0.7823
vt 0.5000 0.7823
vt 0.4718 0.7823
vt 0.4440 0.7823
vt 0.4173 0.7823
vt 0.3919 0.7823
vt 0.3684 0.7823
vt 0.3471 0.7823
vt 0.2839 0.7984
vt 0.2484 0.8036
vt 0.2280 0.8048
vt 0.2266 0.8015
vt 0.2314 0.7980
vt 0.2388 0.7952
vt 0.2447 0.7941
vt 0.2474 0.7953
vt 0.2561 0.7960
vt 0.2704 0.7963
vt 0.2875 0.7971
vt 0.3124 0.7964
vt 0.3417 0.7949
vt 0.3708 0.7944
vt 0.4009 0.7946
vt 0.4330 0.7946
vt 0.4666 0.7937
vt 0.5000 0.7921
vt 0.5325 0.7916
vt 0.5645 0.7917
vt 0.5941 0.7908
vt 0.6205 0.7894
vt 0.6464 0.7892
vt 0.6740 0.7908
vt 0.7007 0.7928
vt 0.7238 0.7944
vt 0.7435 0.7959
vt 0.7536 0.7956
vt 0.7517 0.7931
vt 0.7574 0.7695
vt 0.7495 0.7684
vt 0.7344 0.7667
vt 0.7260 0.7670
vt 0.6905 0.7623
vt 0.6745 0.7623
vt 0.6556 0.7623
vt 0.6339 0.7623
vt 0.6100 0.7623
vt 0.5842 0.7623
vt 0.5569 0.7623
vt 0.5287 0.7623
vt 0.5000 0.7623
vt 0.4713 0.7623
vt 0.4431 0.7623
vt 0.4158 0.7623
vt 0.3900 0.7623
vt 0.3661 0.7623
vt 0.3444 0.7623
vt 0.3255 0.7623
vt 0.2464 0.7763
vt 0.2227 0.7777
vt 0.2210 0.7755
vt 0.2287 0.7726
vt 0.2382 0.7703
vt 0.2437 0.7697
vt 0.2454 0.7707
vt 0.2541 0.7712
vt 0.2685 0.7714
vt 0.2861 0.7718
vt 0.3120 0.7711
vt 0.3409 0.7703
vt 0.3691 0.7703
vt 0.4000 0.7702
vt 0.4329 0.7698
vt 0.4666 0.7693
vt 0.5000 0.7684
vt 0.5330 0.7686
vt 0.5668 0.7696
vt 0.5980 0.7692
vt 0.6252 0.7682
vt 0.6529 0.7683
vt 0.6825 0.7696
vt 0.7091 0.7707
vt 0.7304 0.7712
vt 0.7483 0.7717
vt 0.7575 0.7713
vt 0.7579 0.7700
vt 0.7678 0.7466
vt 0.7543 0.7455
vt 0.7349 0.7441
vt 0.7054 0.7421
vt 0.6925 0.7421
vt 0.6764 0.7421
vt 0.6572 0.7421
vt 0.6353 0.7421
vt 0.6112 0.7421
vt 0.5851 0.7421
vt 0.5575 0.7421
vt 0.5290 0.7421
vt 0.5000 0.7421
vt 0.4710 0.7421
vt 0.4425 0.7421
vt 0.4149 0.7421
vt 0.3888 0.7421
vt 0.3647 0.7421
vt 0.3428 0.7421
vt 0.3236 0.7421
vt 0.3075 0.7421
vt 0.2946 0.7421
vt 0.2204 0.7487
vt 0.2274 0.7473
vt 0.2373 0.7461
vt 0.2414 0.7459
vt 0.2414 0.7466
vt 0.2514 0.7467
vt 0.2690 0.7465
vt 0.2886 0.7465
vt 0.3135 0.7462
vt 0.3393 0.7462
vt 0.3666 0.7465
vt 0.3995 0.7461
vt 0.4329 0.7457
vt 0.4660 0.7459
vt 0.5000 0.7458
vt 0.5342 0.7460
vt 0.5692 0.7465
vt 0.6011 0.7462
vt 0.6287 0.7456
vt 0.6577 0.7457
vt 0.6877 0.7464
vt 0.7131 0.7467
vt 0.7345 0.7469
vt 0.7540 0.7473
vt 0.7652 0.7473
vt 0.7686 0.7469
vt 0.7694 0.7220
vt 0.7506 0.7219
vt 0.7156 0.7217
vt 0.7062 0.7217
vt 0.6933 0.7217
vt 0.6771 0.7217
vt 0.6578 0.7217
vt 0.6359 0.7217
vt 0.6116 0.7217
vt 0.5854 0.7217
vt 0.5578 0.7217
vt 0.5291 0.7217
vt 0.5000 0.7217
vt 0.4709 0.7217
vt 0.4422 0.7217
vt 0.4146 0.7217
vt 0.3884 0.7217
vt 0.3641 0.7217
vt 0.3422 0.7217
vt 0.3229 0.7217
vt 0.3067 0.7217
vt 0.2938 0.7217
vt 0.2844 0.7217
vt 0.2275 0.7221
vt 0.2352 0.7220
vt 0.2374 0.7220
vt 0.2368 0.7221
vt 0.2491 0.7221
vt 0.2707 0.7220
vt 0.2925 0.7220
vt 0.3160 0.7220
vt 0.3389 0.7220
vt 0.3662 0.7220
vt 0.4005 0.7220
vt 0.4331 0.7220
vt 0.4651 0.7220
vt 0.5000 0.7220
vt 0.5350 0.7220
vt 0.5700 0.7221
vt 0.6019 0.7220
vt 0.6302 0.7220
vt 0.6605 0.7220
vt 0.6906 0.7220
vt 0.7154 0.7221
vt 0.7385 0.7221
vt 0.7601 0.7221
vt 0.7716 0.7221
vt 0.7742 0.7221
vt 0.7226 0.7013
vt 0.7207 0.7013
vt 0.7150 0.7013
vt 0.7056 0.7013
vt 0.6928 0.7013
vt 0.6766 0.7013
vt 0.6574 0.7013
vt 0.6355 0.7013
vt 0.6113 0.7013
vt 0.5852 0.7013
vt 0.5576 0.7013
vt 0.5291 0.7013
vt 0.5000 0.7013
vt 0.4709 0.7013
vt 0.4424 0.7013
vt 0.4148 0.7013
vt 0.3887 0.7013
vt 0.3645 0.7013
vt 0.3426 0.7013
vt 0.3234 0.7013
vt 0.3072 0.7013
vt 0.2944 0.7013
vt 0.2850 0.7013
vt 0.2793 0.7013
vt 0.2774 0.7013
vt 0.2325 0.6973
vt 0.2345 0.6969
vt 0.2500 0.6973
vt 0.2731 0.6980
vt 0.2953 0.6983
vt 0.3186 0.6985
vt 0.3412 0.6981
vt 0.3688 0.6980
vt 0.4024 0.6986
vt 0.4331 0.6983
vt 0.4646 0.6972
vt 0.5000 0.6972
vt 0.5347 0.6976
vt 0.5687 0.6977
vt 0.6007 0.6979
vt 0.6311 0.6980
vt 0.6638 0.6974
vt 0.6946 0.6969
vt 0.7199 0.6967
vt 0.7449 0.6962
vt 0.7662 0.6958
vt 0.7737 0.6962
vt 0.7708 0.6971
vt 0.7205 0.6810
vt 0.7186 0.6810
vt 0.7130 0.6810
vt 0.7037 0.6810
vt 0.6910 0.6810
vt 0.6749 0.6810
vt 0.6559 0.6810
vt 0.6342 0.6810
vt 0.6102 0.6810
vt 0.5844 0.6810
vt 0.5571 0.6810
vt 0.5288 0.6810
vt 0.5000 0.6810
vt 0.4712 0.6810
vt 0.4429 0.6810
vt 0.4156 0.6810
vt 0.3898 0.6810
vt 0.3658 0.6810
vt 0.3441 0.6810
vt 0.3251 0.6810
vt 0.3090 0.6810
vt 0.2963 0.6810
vt 0.2870 0.6810
vt 0.2814 0.6810
vt 0.2795 0.6810
vt 0.2814 0.6810
vt 0.2381 0.6721
vt 0.2570 0.6735
vt 0.2774 0.6746
vt 0.2970 0.6748
vt 0.3214 0.6754
vt 0.3462 0.6754
vt 0.3733 0.6752
vt 0.4041 0.6757
vt 0.4332 0.6744
vt 0.4649 0.6725
vt 0.5000 0.6732
vt 0.5334 0.6748
vt 0.5661 0.6749
vt 0.5988 0.6744
vt 0.6320 0.6733
vt 0.6674 0.6714
vt 0.6990 0.6703
vt 0.7247 0.6699
vt 0.7499 0.6690
vt 0.7677 0.6688
vt 0.7689 0.6708
vt 0.7186 0.6810
vt 0.7170 0.6610
vt 0.7151 0.6610
vt 0.7096 0.6610
vt 0.7004 0.6610
vt 0.6879 0.6610
vt 0.6721 0.6610
vt 0.6534 0.6610
vt 0.6321 0.6610
vt 0.6085 0.6610
vt 0.5830 0.6610
vt 0.5562 0.6610
vt 0.5283 0.6610
vt 0.5000 0.6610
vt 0.4717 0.6610
vt 0.4438 0.6610
vt 0.4170 0.6610
vt 0.3915 0.6610
vt 0.3679 0.6610
vt 0.3466 0.6610
vt 0.3279 0.6610
vt 0.3121 0.6610
vt 0.2996 0.6610
vt 0.2904 0.6610
vt 0.2849 0.6610
vt 0.2830 0.6610
vt 0.2849 0.6610
vt 0.2904 0.6610
vt 0.2996 0.6610
vt 0.2821 0.6516
vt 0.2967 0.6504
vt 0.3226 0.6518
vt 0.3504 0.6532
vt 0.3766 0.6529
vt 0.4046 0.6523
vt 0.4336 0.6503
vt 0.4659 0.6489
vt 0.5000 0.6510
vt 0.5321 0.6532
vt 0.5642 0.6526
vt 0.5978 0.6505
vt 0.6336 0.6474
vt 0.6703 0.6439
vt 0.7013 0.6426
vt 0.7260 0.6426
vt 0.7489 0.6419
vt 0.7004 0.6610
vt 0.7096 0.6610
vt 0.7151 0.6610
vt 0.7120 0.6414
vt 0.7102 0.6414
vt 0.7048 0.6414
vt 0.6959 0.6414
vt 0.6836 0.6414
vt 0.6682 0.6414
vt 0.6499 0.6414
vt 0.6290 0.6414
vt 0.6060 0.6414
vt 0.5811 0.6414
vt 0.5549 0.6414
vt 0.5277 0.6414
vt 0.5000 0.6414
vt 0.4723 0.6414
vt 0.4451 0.6414
vt 0.4189 0.6414
vt 0.3940 0.6414
vt 0.3710 0.6414
vt 0.3501 0.6414
vt 0.3318 0.6414
vt 0.3164 0.6414
vt 0.3041 0.6414
vt 0.2952 0.6414
vt 0.2898 0.6414
vt 0.2880 0.6414
vt 0.2898 0.6414
vt 0.2952 0.6414
vt 0.3041 0.6414
vt 0.3164 0.6414
vt 0.3318 0.6414
vt 0.3225 0.6270
vt 0.3524 0.6301
vt 0.3779 0.6295
vt 0.4048 0.6277
vt 0.4346 0.6263
vt 0.4670 0.6263
vt 0.5000 0.6283
vt 0.5320 0.6292
vt 0.5645 0.6276
vt 0.5986 0.6245
vt 0.6350 0.6199
vt 0.6710 0.6159
vt 0.6998 0.6153
vt 0.6682 0.6414
vt 0.6836 0.6414
vt 0.6959 0.6414
vt 0.7048 0.6414
vt 0.7102 0.6414
vt 0.7056 0.6223
vt 0.7039 0.6223
vt 0.6986 0.6223
vt 0.6900 0.6223
vt 0.6781 0.6223
vt 0.6631 0.6223
vt 0.6454 0.6223
vt 0.6252 0.6223
vt 0.6028 0.6223
vt 0.5787 0.6223
vt 0.5532 0.6223
vt 0.5268 0.6223
vt 0.5000 0.6223
vt 0.4732 0.6223
vt 0.4468 0.6223
vt 0.4213 0.6223
vt 0.3972 0.6223
vt 0.3748 0.6223
vt 0.3546 0.6223
vt 0.3369 0.6223
vt 0.3219 0.6223
vt 0.3100 0.6223
vt 0.3014 0.6223
vt 0.2961 0.6223
vt 0.2944 0.6223
vt 0.2961 0.6223
vt 0.3014 0.6223
vt 0.3100 0.6223
vt 0.3219 0.6223
vt 0.3369 0.6223
vt 0.3546 0.6223
vt 0.3748 0.6223
vt 0.3972 0.6223
vt 0.4063 0.6036
vt 0.4364 0.6033
vt 0.4679 0.6031
vt 0.5000 0.6021
vt 0.5329 0.6001
vt 0.5664 0.5982
vt 0.6000 0.5959
vt 0.6028 0.6223
vt 0.6252 0.6223
vt 0.6454 0.6223
vt 0.6631 0.6223
vt 0.6781 0.6223
vt 0.6900 0.6223
vt 0.6986 0.6223
vt 0.7039 0.6223
vt 0.6979 0.6039
vt 0.6962 0.6039
vt 0.6911 0.6039
vt 0.6828 0.6039
vt 0.6714 0.6039
vt 0.6570 0.6039
vt 0.6399 0.6039
vt 0.6205 0.6039
vt 0.5989 0.6039
vt 0.5757 0.6039
vt 0.5512 0.6039
vt 0.5258 0.6039
vt 0.5000 0.6039
vt 0.4742 0.6039
vt 0.4488 0.6039
vt 0.4243 0.6039
vt 0.4011 0.6039
vt 0.3795 0.6039
vt 0.3601 0.6039
vt 0.3430 0.6039
vt 0.3286 0.6039
vt 0.3172 0.6039
vt 0.3089 0.6039
vt 0.3038 0.6039
vt 0.3021 0.6039
vt 0.3038 0.6039
vt 0.3089 0.6039
vt 0.3172 0.6039
vt 0.3286 0.6039
vt 0.3430 0.6039
vt 0.3601 0.6039
vt 0.3795 0.6039
vt 0.4011 0.6039
vt 0.4243 0.6039
vt 0.4488 0.6039
vt 0.4742 0.6039
vt 0.5000 0.6039
vt 0.5258 0.6039
vt 0.5512 0.6039
vt 0.5757 0.6039
vt 0.5989 0.6039
vt 0.6205 0.6039
vt 0.6399 0.6039
vt 0.6570 0.6039
vt 0.6714 0.6039
vt 0.6828 0.6039
vt 0.6911 0.6039
vt 0.6962 0.6039
vt 0.6889 0.5862
vt 0.6872 0.5862
vt 0.6824 0.5862
vt 0.6745 0.5862
vt 0.6636 0.5862
vt 0.6498 0.5862
vt 0.6335 0.5862
vt 0.6150 0.5862
vt 0.5944 0.5862
vt 0.5723 0.5862
vt 0.5489 0.5862
vt 0.5247 0.5862
vt 0.5000 0.5862
vt 0.4753 0.5862
vt 0.4511 0.5862
vt 0.4277 0.5862
vt 0.4056 0.5862
vt 0.3850 0.5862
vt 0.3665 0.5862
vt 0.3502 0.5862
vt 0.3364 0.5862
vt 0.3255 0.5862
vt 0.3176 0.5862
vt 0.3128 0.5862
vt 0.3111 0.5862
vt 0.3128 0.5862
vt 0.3176 0.5862
vt 0.3255 0.5862
vt 0.3364 0.5862
vt 0.3502 0.5862
vt 0.3665 0.5862
vt 0.3850 0.5862
vt 0.4056 0.5862
vt 0.4277 0.5862
vt 0.4511 0.5862
vt 0.4753 0.5862
vt 0.5000 0.5862
vt 0.5247 0.5862
vt 0.5489 0.5862
vt 0.5723 0.5862
vt 0.5944 0.5862
vt 0.6150 0.5862
vt 0.6335 0.5862
vt 0.6498 0.5862
vt 0.6636 0.5862
vt 0.6745 0.5862
vt 0.6824 0.5862
vt 0.6872 0.5862
vt 0.6786 0.5694
vt 0.6770 0.5694
vt 0.6725 0.5694
vt 0.6650 0.5694
vt 0.6547 0.5694
vt 0.6417 0.5694
vt 0.6263 0.5694
vt 0.6087 0.5694
vt 0.5893 0.5694
vt 0.5683 0.5694
vt 0.5462 0.5694
vt 0.5233 0.5694
vt 0.5000 0.5694
vt 0.4767 0.5694
vt 0.4538 0.5694
vt 0.4317 0.5694
vt 0.4107 0.5694
vt 0.3913 0.5694
vt 0.3737 0.5694
vt 0.3583 0.5694
vt 0.3453 0.5694
vt 0.3350 0.5694
vt 0.3275 0.5694
vt 0.3230 0.5694
vt 0.3214 0.5694
vt 0.3230 0.5694
vt 0.3275 0.5694
vt 0.3350 0.5694
vt 0.3453 0.5694
vt 0.3583 0.5694
vt 0.3737 0.5694
vt 0.3913 0.5694
vt 0.4107 0.5694
vt 0.4317 0.5694
vt 0.4538 0.5694
vt 0.4767 0.5694
vt 0.5000 0.5694
vt 0.5233 0.5694
vt 0.5462 0.5694
vt 0.5683 0.5694
vt 0.5893 0.5694
vt 0.6087 0.5694
vt 0.6263 0.5694
vt 0.6417 0.5694
vt 0.6547 0.5694
vt 0.6650 0.5694
vt 0.6725 0.5694
vt 0.6770 0.5694
vt 0.6671 0.5536
vt 0.6657 0.5536
vt 0.6614 0.5536
vt 0.6544 0.5536
vt 0.6447 0.5536
vt 0.6326 0.5536
vt 0.6182 0.5536
vt 0.6017 0.5536
vt 0.5836 0.5536
vt 0.5640 0.5536
vt 0.5433 0.5536
vt 0.5218 0.5536
vt 0.5000 0.5536
vt 0.4782 0.5536
vt 0.4567 0.5536
vt 0.4360 0.5536
vt 0.4164 0.5536
vt 0.3983 0.5536
vt 0.3818 0.5536
vt 0.3674 0.5536
vt 0.3553 0.5536
vt 0.3456 0.5536
vt 0.3386 0.5536
vt 0.3343 0.5536
vt 0.3329 0.5536
vt 0.3343 0.5536
vt 0.3386 0.5536
vt 0.3456 0.5536
vt 0.3553 0.5536
vt 0.3674 0.5536
vt 0.3818 0.5536
vt 0.3983 0.5536
vt 0.4164 0.5536
vt 0.4360 0.5536
vt 0.4567 0.5536
vt 0.4782 0.5536
vt 0.5000 0.5536
vt 0.5218 0.5536
vt 0.5433 0.5536
vt 0.5640 0.5536
vt 0.5836 0.5536
vt 0.6017 0.5536
vt 0.6182 0.5536
vt 0.6326 0.5536
vt 0.6447 0.5536
vt 0.6544 0.5536
vt 0.6614 0.5536
vt 0.6657 0.5536
vt 0.6546 0.5388
vt 0.6532 0.5388
vt 0.6493 0.5388
vt 0.6428 0.5388
vt 0.6338 0.5388
vt 0.6226 0.5388
vt 0.6093 0.5388
vt 0.5941 0.5388
vt 0.5773 0.5388
vt 0.5591 0.5388
vt 0.5400 0.5388
vt 0.5202 0.5388
vt 0.5000 0.5388
vt 0.4798 0.5388
vt 0.4600 0.5388
vt 0.4409 0.5388
vt 0.4227 0.5388
vt 0.4059 0.5388
vt 0.3907 0.5388
vt 0.3774 0.5388
vt 0.3662 0.5388
vt 0.3572 0.5388
vt 0.3507 0.5388
vt 0.3468 0.5388
vt 0.3454 0.5388
vt 0.3468 0.5388
vt 0.3507 0.5388
vt 0.3572 0.5388
vt 0.3662 0.5388
vt 0.3774 0.5388
vt 0.3907 0.5388
vt 0.4059 0.5388
vt 0.4227 0.5388
vt 0.4409 0.5388
vt 0.4600 0.5388
vt 0.4798 0.5388
vt 0.5000 0.5388
vt 0.5202 0.5388
vt 0.5400 0.5388
vt 0.5591 0.5388
vt 0.5773 0.5388
vt 0.5941 0.5388
vt 0.6093 0.5388
vt 0.6226 0.5388
vt 0.6338 0.5388
vt 0.6428 0.5388
vt 0.6493 0.5388
vt 0.6532 0.5388
vt 0.6410 0.5253
vt 0.6398 0.5253
vt 0.6362 0.5253
vt 0.6302 0.5253
vt 0.6221 0.5253
vt 0.6118 0.5253
vt 0.5997 0.5253
vt 0.5858 0.5253
vt 0.5705 0.5253
vt 0.5539 0.5253
vt 0.5365 0.5253
vt 0.5184 0.5253
vt 0.5000 0.5253
vt 0.4816 0.5253
vt 0.4635 0.5253
vt 0.4461 0.5253
vt 0.4295 0.5253
vt 0.4142 0.5253
vt 0.4003 0.5253
vt 0.3882 0.5253
vt 0.3779 0.5253
vt 0.3698 0.5253
vt 0.3638 0.5253
vt 0.3602 0.5253
vt 0.3590 0.5253
vt 0.3602 0.5253
vt 0.3638 0.5253
vt 0.3698 0.5253
vt 0.3779 0.5253
vt 0.3882 0.5253
vt 0.4003 0.5253
vt 0.4142 0.5253
vt 0.4295 0.5253
vt 0.4461 0.5253
vt 0.4635 0.5253
vt 0.4816 0.5253
vt 0.5000 0.5253
vt 0.5184 0.5253
vt 0.5365 0.5253
vt 0.5539 0.5253
vt 0.5705 0.5253
vt 0.5858 0.5253
vt 0.5997 0.5253
vt 0.6118 0.5253
vt 0.6221 0.5253
vt 0.6302 0.5253
vt 0.6362 0.5253
vt 0.6398 0.5253
vt 0.6265 0.5131
vt 0.6254 0.5131
vt 0.6222 0.5131
vt 0.6168 0.5131
vt 0.6095 0.5131
vt 0.6003 0.5131
vt 0.5894 0.5131
vt 0.5770 0.5131
vt 0.5632 0.5131
vt 0.5484 0.5131
vt 0.5327 0.5131
vt 0.5165 0.5131
vt 0.5000 0.5131
vt 0.4835 0.5131
vt 0.4673 0.5131
vt 0.4516 0.5131
vt 0.4368 0.5131
vt 0.4230 0.5131
vt 0.4106 0.5131
vt 0.3997 0.5131
vt 0.3905 0.5131
vt 0.3832 0.5131
vt 0.3778 0.5131
vt 0.3746 0.5131
vt 0.3735 0.5131
vt 0.3746 0.5131
vt 0.3778 0.5131
vt 0.3832 0.5131
vt 0.3905 0.5131
vt 0.3997 0.5131
vt 0.4106 0.5131
vt 0.4230 0.5131
vt 0.4368 0.5131
vt 0.4516 0.5131
vt 0.4673 0.5131
vt 0.4835 0.5131
vt 0.5000 0.5131
vt 0.5165 0.5131
vt 0.5327 0.5131
vt 0.5484 0.5131
vt 0.5632 0.5131
vt 0.5770 0.5131
vt 0.5894 0.5131
vt 0.6003 0.5131
vt 0.6095 0.5131
vt 0.6168 0.5131
vt 0.6222 0.5131
vt 0.6254 0.5131
vt 0.6111 0.5022
vt 0.6102 0.5022
vt 0.6073 0.5022
vt 0.6027 0.5022
vt 0.5962 0.5022
vt 0.5882 0.5022
vt 0.5786 0.5022
vt 0.5676 0.5022
vt 0.5556 0.5022
vt 0.5425 0.5022
vt 0.5288 0.5022
vt 0.5145 0.5022
vt 0.5000 0.5022
vt 0.4855 0.5022
vt 0.4712 0.5022
vt 0.4575 0.5022
vt 0.4444 0.5022
vt 0.4324 0.5022
vt 0.4214 0.5022
vt 0.4118 0.5022
vt 0.4038 0.5022
vt 0.3973 0.5022
vt 0.3927 0.5022
vt 0.3898 0.5022
vt 0.3889 0.5022
vt 0.3898 0.5022
vt 0.3927 0.5022
vt 0.3973 0.5022
vt 0.4038 0.5022
vt 0.4118 0.5022
vt 0.4214 0.5022
vt 0.4324 0.5022
vt 0.4444 0.5022
vt 0.4575 0.5022
vt 0.4712 0.5022
vt 0.4855 0.5022
vt 0.5000 0.5022
vt 0.5145 0.5022
vt 0.5288 0.5022
vt 0.5425 0.5022
vt 0.5556 0.5022
vt 0.5676 0.5022
vt 0.5786 0.5022
vt 0.5882 0.5022
vt 0.5962 0.5022
vt 0.6027 0.5022
vt 0.6073 0.5022
vt 0.6102 0.5022
vt 0.5950 0.4928
vt 0.5942 0.4928
vt 0.5918 0.4928
vt 0.5878 0.4928
vt 0.5823 0.4928
vt 0.5754 0.4928
vt 0.5672 0.4928
vt 0.5579 0.4928
vt 0.5475 0.4928
vt 0.5364 0.4928
vt 0.5246 0.4928
vt 0.5124 0.4928
vt 0.5000 0.4928
vt 0.4876 0.4928
vt 0.4754 0.4928
vt 0.4636 0.4928
vt 0.4525 0.4928
vt 0.4421 0.4928
vt 0.4328 0.4928
vt 0.4246 0.4928
vt 0.4177 0.4928
vt 0.4122 0.4928
vt 0.4082 0.4928
vt 0.4058 0.4928
vt 0.4050 0.4928
vt 0.4058 0.4928
vt 0.4082 0.4928
vt 0.4122 0.4928
vt 0.4177 0.4928
vt 0.4246 0.4928
vt 0.4328 0.4928
vt 0.4421 0.4928
vt 0.4525 0.4928
vt 0.4636 0.4928
vt 0.4754 0.4928
vt 0.4876 0.4928
vt 0.5000 0.4928
vt 0.5124 0.4928
vt 0.5246 0.4928
vt 0.5364 0.4928
vt 0.5475 0.4928
vt 0.5579 0.4928
vt 0.5672 0.4928
vt 0.5754 0.4928
vt 0.5823 0.4928
vt 0.5878 0.4928
vt 0.5918 0.4928
vt 0.5942 0.4928
vt 0.5000 1.0359
f 1/1/1 2/2/2 50/50/50
f 1/1/1 50/50/50 49/49/49
f 2/2/2 3/3/3 51/51/51
f 2/2/2 51/51/51 50/50/50
f 3/3/3 4/4/4 52/52/52
f 3/3/3 52/52/52 51/51/51
f 4/4/4 5/5/5 53/53/53
f 4/4/4 53/53/53 52/52/52
f 5/5/5 6/6/6 54/54/54
f 5/5/5 54/54/54 53/53/53
f 6/6/6 7/7/7 55/55/55
f 6/6/6 55/55/55 54/54/54
f 7/7/7 8/8/8 56/56/56
f 7/7/7 56/56/56 55/55/55
f 8/8/8 9/9/9 57/57/57
f 8/8/8 57/57/57 56/56/56
f 9/9/9 10/10/10 58/58/58
f 9/9/9 58/58/58 57/57/57
f 10/10/10 11/11/11 59/59/59
f 10/10/10 59/59/59 58/58/58
f 11/11/11 12/12/12 60/60/60
f 11/11/11 60/60/60 59/59/59
f 12/12/12 13/13/13 61/61/61
f 12/12/12 61/61/61 60/60/60
f 13/13/13 14/14/14 62/62/62
f 13/13/13 62/62/62 61/61/61
f 14/14/14 15/15/15 63/63/63
f 14/14/14 63/63/63 62/62/62
f 15/15/15 16/16/16 64/64/64
f 15/15/15 64/64/64 63/63/63
f 16/16/16 17/17/17 65/65/65
f 16/16/16 65/65/65 64/64/64
f 17/17/17 18/18/18 66/66/66
f 17/17/17 66/66/66 65/65/65
f 18/18/18 19/19/19 67/67/67
f 18/18/18 67/67/67 66/66/66
f 19/19/19 20/20/20 68/68/68
f 19/19/19 68/68/68 67/67/67
f 20/20/20 21/21/21 69/69/69
f 20/20/20 69/69/69 68/68/68
f 21/21/21 22/22/22 70/70/70
f 21/21/21 70/70/70 69/69/69
f 22/22/22 23/23/23 71/71/71
f 22/22/22 71/71/71 70/70/70
f 23/23/23 24/24/24 72/72/72
f 23/23/23 72/72/72 71/71/71
f 24/24/24 25/25/25 73/73/73
f 24/24/24 73/73/73 72/72/72
f 25/25/25 26/26/26 74/74/74
f 25/25/25 74/74/74 73/73/73
f 26/26/26 27/27/27 75/75/75
f 26/26/26 75/75/75 74/74/74
f 27/27/27 28/28/28 76/76/76
f 27/27/27 76/76/76 75/75/75
f 28/28/28 29/29/29 77/77/77
f 28/28/28 77/77/77 76/76/76
f 29/29/29 30/30/30 78/78/78
f 29/29/29 78/78/78 77/77/77
f 30/30/30 31/31/31 79/79/79
f 30/30/30 79/79/79 78/78/78
f 31/31/31 32/32/32 80/80/80
f 31/31/31 80/80/80 79/79/79
f 32/32/32 33/33/33 81/81/81
f 32/32/32 81/81/81 80/80/80
f 33/33/33 34/34/34 82/82/82
f 33/33/33 82/82/82 81/81/81
f 34/34/34 35/35/35 83/83/83
f 34/34/34 83/83/83 82/82/82
f 35/35/35 36/36/36 84/84/84
f 35/35/35 84/84/84 83/83/83
f 36/36/36 37/37/37 85/85/85
f 36/36/36 85/85/85 84/84/84
f 37/37/37 38/38/38 86/86/86
f 37/37/37 86/86/86 85/85/85
f 38/38/38 39/39/39 87/87/87
f 38/38/38 87/87/87 86/86/86
f 39/39/39 40/40/40 88/88/88
f 39/39/39 88/88/88 87/87/87
f 40/40/40 41/41/41 89/89/89
f 40/40/40 89/89/89 88/88/88
f 41/41/41 42/42/42 90/90/90
f 41/41/41 90/90/90 89/89/89
f 42/42/42 43/43/43 91/91/91
f 42/42/42 91/91/91 90/90/90
f 43/43/43 44/44/44 92/92/92
f 43/43/43 92/92/92 91/91/91
f 44/44/44 45/45/45 93/93/93
f 44/44/44 93/93/93 92/92/92
f 45/45/45 46/46/46 94/94/94
f 45/45/45 94/94/94 93/93/93
f 46/46/46 47/47/47 95/95/95
f 46/46/46 95/95/95 94/94/94
f 47/47/47 48/48/48 96/96/96
f 47/47/47 96/96/96 95/95/95
f 48/48/48 1/1/1 49/49/49
f 48/48/48 49/49/49 96/96/96
f 49/49/49 50/50/50 98/98/98
f 49/49/49 98/98/98 97/97/97
f 50/50/50 51/51/51 99/99/99
f 50/50/50 99/99/99 98/98/98
f 51/51/51 52/52/52 100/100/100
f 51/51/51 100/100/100 99/99/99
f 52/52/52 53/53/53 101/101/101
f 52/52/52 101/101/101 100/100/100
f 53/53/53 54/54/54 102/102/102
f 53/53/53 102/102/102 101/101/101
f 54/54/54 55/55/55 103/103/103
f 54/54/54 103/103/103 102/102/102
f 55/55/55 56/56/56 104/104/104
f 55/55/55 104/104/104 103/103/103
f 56/56/56 57/57/57 105/105/105
f 56/56/56 105/105/105 104/104/104
f 57/57/57 58/58/58 106/106/106
f 57/57/57 106/106/106 105/105/105
f 58/58/58 59/59/59 107/107/107
f 58/58/58 107/107/107 106/106/106
f 59/59/59 60/60/60 108/108/108
f 59/59/59 108/108/108 107/107/107
f 60/60/60 61/61/61 109/109/109
f 60/60/60 109/109/109 108/108/108
f 61/61/61 62/62/62 110/110/110
f 61/61/61 110/110/110 109/109/109
f 62/62/62 63/63/63 111/111/111
f 62/62/62 111/111/111 110/110/110
f 63/63/63 64/64/64 112/112/112
f 63/63/63 112/112/112 111/111/111
f 64/64/64 65/65/65 113/113/113
f 64/64/64 113/113/113 112/112/112
f 65/65/65 66/66/66 114/114/114
f 65/65/65 114/114/114 113/113/113
f 66/66/66 67/67/67 115/115/115
f 66/66/66 115/115/115 114/114/114
f 67/67/67 68/68/68 116/116/116
f 67/67/67 116/116/116 115/115/115
f 68/68/68 69/69/69 117/117/117
f 68/68/68 117/117/117 116/116/116
f 69/69/69 70/70/70 118/118/118
f 69/69/69 118/118/118 117/117/117
f 70/70/70 71/71/71 119/119/119
f 70/70/70 119/119/119 118/118/118
f 71/71/71 72/72/72 120/120/120
f 71/71/71 120/120/120 119/119/119
f 72/72/72 73/73/73 121/121/121
f 72/72/72 121/121/121 120/120/120
f 73/73/73 74/74/74 122/122/122
f 73/73/73 122/122/122 121/121/121
f 74/74/74 75/75/75 123/123/123
f 74/74/74 123/123/123 122/122/122
f 75/75/75 76/76/76 124/124/124
f 75/75/75 124/124/124 123/123/123
f 76/76/76 77/77/77 125/125/125
f 76/76/76 125/125/125 124/124/124
f 77/77/77 78/78/78 126/126/126
f 77/77/77 126/126/126 125/125/125
f 78/78/78 79/79/79 127/127/127
f 78/78/78 127/127/127 126/126/126
f 79/79/79 80/80/80 128/128/128
f 79/79/79 128/128/128 127/127/127
f 80/80/80 81/81/81 129/129/129
f 80/80/80 129/129/129 128/128/128
f 81/81/81 82/82/82 130/130/130
f 81/81/81 130/130/130 129/129/129
f 82/82/82 83/83/83 131/131/131
f 82/82/82 131/131/131 130/130/130
f 83/83/83 84/84/84 132/132/132
f 83/83/83 132/132/132 131/131/131
f 84/84/84 85/85/85 133/133/133
f 84/84/84 133/133/133 132/132/132
f 85/85/85 86/86/86 134/134/134
f 85/85/85 134/134/134 133/133/133
f 86/86/86 87/87/87 135/135/135
f 86/86/86 135/135/135 134/134/134
f 87/87/87 88/88/88 136/136/136
f 87/87/87 136/136/136 135/135/135
f 88/88/88 89/89/89 137/137/137
f 88/88/88 137/137/137 136/136/136
f 89/89/89 90/90/90 138/138/138
f 89/89/89 138/138/138 137/137/137
f 90/90/90 91/91/91 139/139/139
f 90/90/90 139/139/139 138/138/138
f 91/91/91 92/92/92 140/140/140
f 91/91/91 140/140/140 139/139/139
f 92/92/92 93/93/93 141/141/141
f 92/92/92 141/141/141 140/140/140
f 93/93/93 94/94/94 142/142/142
f 93/93/93 142/142/142 141/141/141
f 94/94/94 95/95/95 143/143/143
f 94/94/94 143/143/143 142/142/142
f 95/95/95 96/96/96 144/144/144
f 95/95/95 144/144/144 143/143/143
f 96/96/96 49/49/49 97/97/97
f 96/96/96 97/97/97 144/144/144
f 97/97/97 98/98/98 146/146/146
f 97/97/97 146/146/146 145/145/145
f 98/98/98 99/99/99 147/147/147
f 98/98/98 147/147/147 146/146/146
f 99/99/99 100/100/100 148/148/148
f 99/99/99 148/148/148 147/147/147
f 100/100/100 101/101/101 149/149/149
f 100/100/100 149/149/149 148/148/148
f 101/101/101 102/102/102 150/150/150
f 101/101/101 150/150/150 149/149/149
f 102/102/102 103/103/103 151/151/151
f 102/102/102 151/151/151 150/150/150
f 103/103/103 104/104/104 152/152/152
f 103/103/103 152/152/152 151/151/151
f 104/104/104 105/105/105 153/153/153
f 104/104/104 153/153/153 152/152/152
f 105/105/105 106/106/106 154/154/154
f 105/105/105 154/154/154 153/153/153
f 106/106/106 107/107/107 155/155/155
f 106/106/106 155/155/155 154/154/154
f 107/107/107 108/108/108 156/156/156
f 107/107/107 156/156/156 155/155/155
f 108/108/108 109/109/109 157/157/157
f 108/108/108 157/157/157 156/156/156
f 109/109/109 110/110/110 158/158/158
f 109/109/109 158/158/158 157/157/157
f 110/110/110 111/111/111 159/159/159
f 110/110/110 159/159/159 158/158/158
f 111/111/111 112/112/112 160/160/160
f 111/111/111 160/160/160 159/159/159
f 112/112/112 113/113/113 161/161/161
f 112/112/112 161/161/161 160/160/160
f 113/113/113 114/114/114 162/162/162
f 113/113/113 162/162/162 161/161/161
f 114/114/114 115/115/115 163/163/163
f 114/114/114 163/163/163 162/162/162
f 115/115/115 116/116/116 164/164/164
f 115/115/115 164/164/164 163/163/163
f 116/116/116 117/117/117 165/165/165
f 116/116/116 165/165/165 164/164/164
f 117/117/117 118/118/118 166/166/166
f 117/117/117 166/166/166 165/165/165
f 118/118/118 119/119/119 167/167/167
f 118/118/118 167/167/167 166/166/166
f 119/119/119 120/120/120 168/168/168
f 119/119/119 168/168/168 167/167/167
f 120/120/120 121/121/121 169/169/169
f 120/120/120 169/169/169 168/168/168
f 121/121/121 122/122/122 170/170/170
f 121/121/121 170/170/170 169/169/169
f 122/122/122 123/123/123 171/171/171
f 122/122/122 171/171/171 170/170/170
f 123/123/123 124/124/124 172/172/172
f 123/123/123 172/172/172 171/171/171
f 124/124/124 125/125/125 173/173/173
f 124/124/124 173/173/173 172/172/172
f 125/125/125 126/126/126 174/174/174
f 125/125/125 174/174/174 173/173/173
f 126/126/126 127/127/127 175/175/175
f 126/126/126 175/175/175 174/174/174
f 127/127/127 128/128/128 176/176/176
f 127/127/127 176/176/176 175/175/175
f 128/128/128 129/129/129 177/177/177
f 128/128/128 177/177/177 176/176/176
f 129/129/129 130/130/130 178/178/178
f 129/129/129 178/178/178 177/177/177
f 130/130/130 131/131/131 179/179/179
f 130/130/130 179/179/179 178/178/178
f 131/131/131 132/132/132 180/180/180
f 131/131/131 180/180/180 179/179/179
f 132/132/132 133/133/133 181/181/181
f 132/132/132 181/181/181 180/180/180
f 133/133/133 134/134/134 182/182/182
f 133/133/133 182/182/182 181/181/181
f 134/134/134 135/135/135 183/183/183
f 134/134/134 183/183/183 182/182/182
f 135/135/135 136/136/136 184/184/184
f 135/135/135 184/184/184 183/183/183
f 136/136/136 137/137/137 185/185/185
f 136/136/136 185/185/185 184/184/184
f 137/137/137 138/138/138 186/186/186
f 137/137/137 186/186/186 185/185/185
f 138/138/138 139/139/139 187/187/187
f 138/138/138 187/187/187 186/186/186
f 139/139/139 140/140/140 188/188/188
f 139/139/139 188/188/188 187/187/187
f 140/140/140 141/141/141 189/189/189
f 140/140/140 189/189/189 188/188/188
f 141/141/141 142/142/142 190/190/190
f 141/141/141 190/190/190 189/189/189
f 142/142/142 143/143/143 191/191/191
f 142/142/142 191/191/191 190/190/190
f 143/143/143 144/144/144 192/192/192
f 143/143/143 192/192/192 191/191/191
f 144/144/144 97/97/97 145/145/145
f 144/144/144 145/145/145 192/192/192
f 145/145/145 146/146/146 194/194/194
f 145/145/145 194/194/194 193/193/193
f 146/146/146 147/147/147 195/195/195
f 146/146/146 195/195/195 194/194/194
f 147/147/147 148/148/148 196/196/196
f 147/147/147 196/196/196 195/195/195
f 148/148/148 149/149/149 197/197/197
f 148/148/148 197/197/197 196/196/196
f 149/149/149 150/150/150 198/198/198
f 149/149/149 198/198/198 197/197/197
f 150/150/150 151/151/151 199/199/199
f 150/150/150 199/199/199 198/198/198
f 151/151/151 152/152/152 200/200/200
f 151/151/151 200/200/200 199/199/199
f 152/152/152 153/153/153 201/201/201
f 152/152/152 201/201/201 200/200/200
f 153/153/153 154/154/154 202/202/202
f 153/153/153 202/202/202 201/201/201
f 154/154/154 155/155/155 203/203/203
f 154/154/154 203/203/203 202/202/202
f 155/155/155 156/156/156 204/204/204
f 155/155/155 204/204/204 203/203/203
f 156/156/156 157/157/157 205/205/205
f 156/156/156 205/205/205 204/204/204
f 157/157/157 158/158/158 206/206/206
f 157/157/157 206/206/206 205/205/205
f 158/158/158 159/159/159 207/207/207
f 158/158/158 207/207/207 206/206/206
f 159/159/159 160/160/160 208/208/208
f 159/159/159 208/208/208 207/207/207
f 160/160/160 161/161/161 209/209/209
f 160/160/160 209/209/209 208/208/208
f 161/161/161 162/162/162 210/210/210
f 161/161/161 210/210/210 209/209/209
f 162/162/162 163/163/163 211/211/211
f 162/162/162 211/211/211 210/210/210
f 163/163/163 164/164/164 212/212/212
f 163/163/163 212/212/212 211/211/211
f 164/164/164 165/165/165 213/213/213
f 164/164/164 213/213/213 212/212/212
f 165/165/165 166/166/166 214/214/214
f 165/165/165 214/214/214 213/213/213
f 166/166/166 167/167/167 215/215/215
f 166/166/166 215/215/215 214/214/214
f 167/167/167 168/168/168 216/216/216
f 167/167/167 216/216/216 215/215/215
f 168/168/168 169/169/169 217/217/217
f 168/168/168 217/217/217 216/216/216
f 169/169/169 170/170/170 218/218/218
f 169/169/169 218/218/218 217/217/217
f 170/170/170 171/171/171 219/219/219
f 170/170/170 219/219/219 218/218/218
f 171/171/171 172/172/172 220/220/220
f 171/171/171 220/220/220 219/219/219
f 172/172/172 173/173/173 221/221/221
f 172/172/172 221/221/221 220/220/220
f 173/173/173 174/174/174 222/222/222
f 173/173/173 222/222/222 221/221/221
f 174/174/174 175/175/175 223/223/223
f 174/174/174 223/223/223 222/222/222
f 175/175/175 176/176/176 224/224/224
f 175/175/175 224/224/224 223/223/223
f 176/176/176 177/177/177 225/225/225
f 176/176/176 225/225/225 224/224/224
f 177/177/177 178/178/178 226/226/226
f 177/177/177 226/226/226 225/225/225
f 178/178/178 179/179/179 227/227/227
f 178/178/178 227/227/227 226/226/226
f 179/179/179 180/180/180 228/228/228
f 179/179/179 228/228/228 227/227/227
f 180/180/180 181/181/181 229/229/229
f 180/180/180 229/229/229 228/228/228
f 181/181/181 182/182/182 230/230/230
f 181/181/181 230/230/230 229/229/229
f 182/182/182 183/183/183 231/231/231
f 182/182/182 231/231/231 230/230/230
f 183/183/183 184/184/184 232/232/232
f 183/183/183 232/232/232 231/231/231
f 184/184/184 185/185/185 233/233/233
f 184/184/184 233/233/233 232/232/232
f 185/185/185 186/186/186 234/234/234
f 185/185/185 234/234/234 233/233/233
f 186/186/186 187/187/187 235/235/235
f 186/186/186 235/235/235 234/234/234
f 187/187/187 188/188/188 236/236/236
f 187/187/187 236/236/236 235/235/235
f 188/188/188 189/189/189 237/237/237
f 188/188/188 237/237/237 236/236/236
f 189/189/189 190/190/190 238/238/238
f 189/189/189 238/238/238 237/237/237
f 190/190/190 191/191/191 239/239/239
f 190/190/190 239/239/239 238/238/238
f 191/191/191 192/192/192 240/240/240
f 191/191/191 240/240/240 239/239/239
f 192/192/192 145/145/145 193/193/193
f 192/192/192 193/193/193 240/240/240
f 193/193/193 194/194/194 242/242/242
f 193/193/193 242/242/242 241/241/241
f 194/194/194 195/195/195 243/243/243
f 194/194/194 243/243/243 242/242/242
f 195/195/195 196/196/196 244/244/244
f 195/195/195 244/244/244 243/243/243
f 196/196/196 197/197/197 245/245/245
f 196/196/196 245/245/245 244/244/244
f 197/197/197 198/198/198 246/246/246
f 197/197/197 246/246/246 245/245/245
f 198/198/198 199/199/199 247/247/247
f 198/198/198 247/247/247 246/246/246
f 199/199/199 200/200/200 248/248/248
f 199/199/199 248/248/248 247/247/247
f 200/200/200 201/201/201 249/249/249
f 200/200/200 249/249/249 248/248/248
f 201/201/201 202/202/202 250/250/250
f 201/201/201 250/250/250 249/249/249
f 202/202/202 203/203/203 251/251/251
f 202/202/202 251/251/251 250/250/250
f 203/203/203 204/204/204 252/252/252
f 203/203/203 252/252/252 251/251/251
f 204/204/204 205/205/205 253/253/253
f 204/204/204 253/253/253 252/252/252
f 205/205/205 206/206/206 254/254/254
f 205/205/205 254/254/254 253/253/253
f 206/206/206 207/207/207 255/255/255
f 206/206/206 255/255/255 254/254/254
f 207/207/207 208/208/208 256/256/256
f 207/207/207 256/256/256 255/255/255
f 208/208/208 209/209/209 257/257/257
f 208/208/208 257/257/257 256/256/256
f 209/209/209 210/210/210 258/258/258
f 209/209/209 258/258/258 257/257/257
f 210/210/210 211/211/211 259/259/259
f 210/210/210 259/259/259 258/258/258
f 211/211/211 212/212/212 260/260/260
f 211/211/211 260/260/260 259/259/259
f 212/212/212 213/213/213 261/261/261
f 212/212/212 261/261/261 260/260/260
f 213/213/213 214/214/214 262/262/262
f 213/213/213 262/262/262 261/261/261
f 214/214/214 215/215/215 263/263/263
f 214/214/214 263/263/263 262/262/262
f 215/215/215 216/216/216 264/264/264
f 215/215/215 264/264/264 263/263/263
f 216/216/216 217/217/217 265/265/265
f 216/216/216 265/265/265 264/264/264
f 217/217/217 218/218/218 266/266/266
f 217/217/217 266/266/266 265/265/265
f 218/218/218 219/219/219 267/267/267
f 218/218/218 267/267/267 266/266/266
f 219/219/219 220/220/220 268/268/268
f 219/219/219 268/268/268 267/267/267
f 220/220/220 221/221/221 269/269/269
f 220/220/220 269/269/269 268/268/268
f 221/221/221 222/222/222 270/270/270
f 221/221/221 270/270/270 269/269/269
f 222/222/222 223/223/223 271/271/271
f 222/222/222 271/271/271 270/270/270
f 223/223/223 224/224/224 272/272/272
f 223/223/223 272/272/272 271/271/271
f 224/224/224 225/225/225 273/273/273
f 224/224/224 273/273/273 272/272/272
f 225/225/225 226/226/226 274/274/274
f 225/225/225 274/274/274 273/273/273
f 226/226/226 227/227/227 275/275/275
f 226/226/226 275/275/275 274/274/274
f 227/227/227 228/228/228 276/276/276
f 227/227/227 276/276/276 275/275/275
f 228/228/228 229/229/229 277/277/277
f 228/228/228 277/277/277 276/276/276
f 229/229/229 230/230/230 278/278/278
f 229/229/229 278/278/278 277/277/277
f 230/230/230 231/231/231 279/279/279
f 230/230/230 279/279/279 278/278/278
f 231/231/231 232/232/232 280/280/280
f 231/231/231 280/280/280 279/279/279
f 232/232/232 233/233/233 281/281/281
f 232/232/232 281/281/281 280/280/280
f 233/233/233 234/234/234 282/282/282
f 233/233/233 282/282/282 281/281/281
f 234/234/234 235/235/235 283/283/283
f 234/234/234 283/283/283 282/282/282
f 235/235/235 236/236/236 284/284/284
f 235/235/235 284/284/284 283/283/283
f 236/236/236 237/237/237 285/285/285
f 236/236/236 285/285/285 284/284/284
f 237/237/237 238/238/238 286/286/286
f 237/237/237 286/286/286 285/285/285
f 238/238/238 239/239/239 287/287/287
f 238/238/238 287/287/287 286/286/286
f 239/239/239 240/240/240 288/288/288
f 239/239/239 288/288/288 287/287/287
f 240/240/240 193/193/193 241/241/241
f 240/240/240 241/241/241 288/288/288
f 241/241/241 242/242/242 290/290/290
f 241/241/241 290/290/290 289/289/289
f 242/242/242 243/243/243 291/291/291
f 242/242/242 291/291/291 290/290/290
f 243/243/243 244/244/244 292/292/292
f 243/243/243 292/292/292 291/291/291
f 244/244/244 245/245/245 293/293/293
f 244/244/244 293/293/293 292/292/292
f 245/245/245 246/246/246 294/294/294
f 245/245/245 294/294/294 293/293/293
f 246/246/246 247/247/247 295/295/295
f 246/246/246 295/295/295 294/294/294
f 247/247/247 248/248/248 296/296/296
f 247/247/247 296/296/296 295/295/295
f 248/248/248 249/249/249 297/297/297
f 248/248/248 297/297/297 296/296/296
f 249/249/249 250/250/250 298/298/298
f 249/249/249 298/298/298 297/297/297
f 250/250/250 251/251/251 299/299/299
f 250/250/250 299/299/299 298/298/298
f 251/251/251 252/252/252 300/300/300
f 251/251/251 300/300/300 299/299/299
f 252/252/252 253/253/253 301/301/301
f 252/252/252 301/301/301 300/300/300
f 253/253/253 254/254/254 302/302/302
f 253/253/253 302/302/302 301/301/301
f 254/254/254 255/255/255 303/303/303
f 254/254/254 303/303/303 302/302/302
f 255/255/255 256/256/256 304/304/304
f 255/255/255 304/304/304 303/303/303
f 256/256/256 257/257/257 305/305/305
f 256/256/256 305/305/305 304/304/304
f 257/257/257 258/258/258 306/306/306
f 257/257/257 306/306/306 305/305/305
f 258/258/258 259/259/259 307/307/307
f 258/258/258 307/307/307 306/306/306
f 259/259/259 260/260/260 308/308/308
f 259/259/259 308/308/308 307/307/307
f 260/260/260 261/261/261 309/309/309
f 260/260/260 309/309/309 308/308/308
f 261/261/261 262/262/262 310/310/310
f 261/261/261 310/310/310 309/309/309
f 262/262/262 263/263/263 311/311/311
f 262/262/262 311/311/311 310/310/310
f 263/263/263 264/264/264 312/312/312
f 263/263/263 312/312/312 311/311/311
f 264/264/264 265/265/265 313/313/313
f 264/264/264 313/313/313 312/312/312
f 265/265/265 266/266/266 314/314/314
f 265/265/265 314/314/314 313/313/313
f 266/266/266 267/267/267 315/315/315
f 266/266/266 315/315/315 314/314/314
f 267/267/267 268/268/268 316/316/316
f 267/267/267 316/316/316 315/315/315
f 268/268/268 269/269/269 317/317/317
f 268/268/268 317/317/317 316/316/316
f 269/269/269 270/270/270 318/318/318
f 269/269/269 318/318/318 317/317/317
f 270/270/270 271/271/271 319/319/319
f 270/270/270 319/319/319 318/318/318
f 271/271/271 272/272/272 320/320/320
f 271/271/271 320/320/320 319/319/319
f 272/272/272 273/273/273 321/321/321
f 272/272/272 321/321/321 320/320/320
f 273/273/273 274/274/274 322/322/322
f 273/273/273 322/322/322 321/321/321
f 274/274/274 275/275/275 323/323/323
f 274/274/274 323/323/323 322/322/322
f 275/275/275 276/276/276 324/324/324
f 275/275/275 324/324/324 323/323/323
f 276/276/276 277/277/277 325/325/325
f 276/276/276 325/325/325 324/324/324
f 277/277/277 278/278/278 326/326/326
f 277/277/277 326/326/326 325/325/325
f 278/278/278 279/279/279 327/327/327
f 278/278/278 327/327/327 326/326/326
f 279/279/279 280/280/280 328/328/328
f 279/279/279 328/328/328 327/327/327
f 280/280/280 281/281/281 329/329/329
f 280/280/280 329/329/329 328/328/328
f 281/281/281 282/282/282 330/330/330
f 281/281/281 330/330/330 329/329/329
f 282/282/282 283/283/283 331/331/331
f 282/282/282 331/331/331 330/330/330
f 283/283/283 284/284/284 332/332/332
f 283/283/283 332/332/332 331/331/331
f 284/284/284 285/285/285 333/333/333
f 284/284/284 333/333/333 332/332/332
f 285/285/285 286/286/286 334/334/334
f 285/285/285 334/334/334 333/333/333
f 286/286/286 287/287/287 335/335/335
f 286/286/286 335/335/335 334/334/334
f 287/287/287 288/288/288 336/336/336
f 287/287/287 336/336/336 335/335/335
f 288/288/288 241/241/241 289/289/289
f 288/288/288 289/289/289 336/336/336
f 289/289/289 290/290/290 338/338/338
f 289/289/289 338/338/338 337/337/337
f 290/290/290 291/291/291 339/339/339
f 290/290/290 339/339/339 338/338/338
f 291/291/291 292/292/292 340/340/340
f 291/291/291 340/340/340 339/339/339
f 292/292/292 293/293/293 341/341/341
f 292/292/292 341/341/341 340/340/340
f 293/293/293 294/294/294 342/342/342
f 293/293/293 342/342/342 341/341/341
f 294/294/294 295/295/295 343/343/343
f 294/294/294 343/343/343 342/342/342
f 295/295/295 296/296/296 344/344/344
f 295/295/295 344/344/344 343/343/343
f 296/296/296 297/297/297 345/345/345
f 296/296/296 345/345/345 344/344/344
f 297/297/297 298/298/298 346/346/346
f 297/297/297 346/346/346 345/345/345
f 298/298/298 299/299/299 347/347/347
f 298/298/298 347/347/347 346/346/346
f 299/299/299 300/300/300 348/348/348
f 299/299/299 348/348/348 347/347/347
f 300/300/300 301/301/301 349/349/349
f 300/300/300 349/349/349 348/348/348
f 301/301/301 302/302/302 350/350/350
f 301/301/301 350/350/350 349/349/349
f 302/302/302 303/303/303 351/351/351
f 302/302/302 351/351/351 350/350/350
f 303/303/303 304/304/304 352/352/352
f 303/303/303 352/352/352 351/351/351
f 304/304/304 305/305/305 353/353/353
f 304/304/304 353/353/353 352/352/352
f 305/305/305 306/306/306 354/354/354
f 305/305/305 354/354/354 353/353/353
f 306/306/306 307/307/307 355/355/355
f 306/306/306 355/355/355 354/354/354
f 307/307/307 308/308/308 356/356/356
f 307/307/307 356/356/356 355/355/355
f 308/308/308 309/309/309 357/357/357
f 308/308/308 357/357/357 356/356/356
f 309/309/309 310/310/310 358/358/358
f 309/309/309 358/358/358 357/357/357
f 310/310/310 311/311/311 359/359/359
f 310/310/310 359/359/359 358/358/358
f 311/311/311 312/312/312 360/360/360
f 311/311/311 360/360/360 359/359/359
f 312/312/312 313/313/313 361/361/361
f 312/312/312 361/361/361 360/360/360
f 313/313/313 314/314/314 362/362/362
f 313/313/313 362/362/362 361/361/361
f 314/314/314 315/315/315 363/363/363
f 314/314/314 363/363/363 362/362/362
f 315/315/315 316/316/316 364/364/364
f 315/315/315 364/364/364 363/363/363
f 316/316/316 317/317/317 365/365/365
f 316/316/316 365/365/365 364/364/364
f 317/317/317 318/318/318 366/366/366
f 317/317/317 366/366/366 365/365/365
f 318/318/318 319/319/319 367/367/367
f 318/318/318 367/367/367 366/366/366
f 319/319/319 320/320/320 368/368/368
f 319/319/319 368/368/368 367/367/367
f 320/320/320 321/321/321 369/369/369
f 320/320/320 369/369/369 368/368/368
f 321/321/321 322/322/322 370/370/370
f 321/321/321 370/370/370 369/369/369
f 322/322/322 323/323/323 371/371/371
f 322/322/322 371/371/371 370/370/370
f 323/323/323 324/324/324 372/372/372
f 323/323/323 372/372/372 371/371/371
f 324/324/324 325/325/325 373/373/373
f 324/324/324 373/373/373 372/372/372
f 325/325/325 326/326/326 374/374/374
f 325/325/325 374/374/374 373/373/373
f 326/326/326 327/327/327 375/375/375
f 326/326/326 375/375/375 374/374/374
f 327/327/327 328/328/328 376/376/376
f 327/327/327 376/376/376 375/375/375
f 328/328/328 329/329/329 377/377/377
f 328/328/328 377/377/377 376/376/376
f 329/329/329 330/330/330 378/378/378
f 329/329/329 378/378/378 377/377/377
f 330/330/330 331/331/331 379/379/379
f 330/330/330 379/379/379 378/378/378
f 331/331/331 332/332/332 380/380/380
f 331/331/331 380/380/380 379/379/379
f 332/332/332 333/333/333 381/381/381
f 332/332/332 381/381/381 380/380/380
f 333/333/333 334/334/334 382/382/382
f 333/333/333 382/382/382 381/381/381
f 334/334/334 335/335/335 383/383/383
f 334/334/334 383/383/383 382/382/382
f 335/335/335 336/336/336 384/384/384
f 335/335/335 384/384/384 383/383/383
f 336/336/336 289/289/289 337/337/337
f 336/336/336 337/337/337 384/384/384
f 337/337/337 338/338/338 386/386/386
f 337/337/337 386/386/386 385/385/385
f 338/338/338 339/339/339 387/387/387
f 338/338/338 387/387/387 386/386/386
f 339/339/339 340/340/340 388/388/388
f 339/339/339 388/388/388 387/387/387
f 340/340/340 341/341/341 389/389/389
f 340/340/340 389/389/389 388/388/388
f 341/341/341 342/342/342 390/390/390
f 341/341/341 390/390/390 389/389/389
f 342/342/342 343/343/343 391/391/391
f 342/342/342 391/391/391 390/390/390
f 343/343/343 344/344/344 392/392/392
f 343/343/343 392/392/392 391/391/391
f 344/344/344 345/345/345 393/393/393
f 344/344/344 393/393/393 392/392/392
f 345/345/345 346/346/346 394/394/394
f 345/345/345 394/394/394 393/393/393
f 346/346/346 347/347/347 395/395/395
f 346/346/346 395/395/395 394/394/394
f 347/347/347 348/348/348 396/396/396
f 347/347/347 396/396/396 395/395/395
f 348/348/348 349/349/349 397/397/397
f 348/348/348 397/397/397 396/396/396
f 349/349/349 350/350/350 398/398/398
f 349/349/349 398/398/398 397/397/397
f 350/350/350 351/351/351 399/399/399
f 350/350/350 399/399/399 398/398/398
f 351/351/351 352/352/352 400/400/400
f 351/351/351 400/400/400 399/399/399
f 352/352/352 353/353/353 401/401/401
f 352/352/352 401/401/401 400/400/400
f 353/353/353 354/354/354 402/402/402
f 353/353/353 402/402/402 401/401/401
f 354/354/354 355/355/355 403/403/403
f 354/354/354 403/403/403 402/402/402
f 355/355/355 356/356/356 404/404/404
f 355/355/355 404/404/404 403/403/403
f 356/356/356 357/357/357 405/405/405
f 356/356/356 405/405/405 404/404/404
f 357/357/357 358/358/358 406/406/406
f 357/357/357 406/406/406 405/405/405
f 358/358/358 359/359/359 407/407/407
f 358/358/358 407/407/407 406/406/406
f 359/359/359 360/360/360 408/408/408
f 359/359/359 408/408/408 407/407/407
f 360/360/360 361/361/361 409/409/409
f 360/360/360 409/409/409 408/408/408
f 361/361/361 362/362/362 410/410/410
f 361/361/361 410/410/410 409/409/409
f 362/362/362 363/363/363 411/411/411
f 362/362/362 411/411/411 410/410/410
f 363/363/363 364/364/364 412/412/412
f 363/363/363 412/412/412 411/411/411
f 364/364/364 365/365/365 413/413/413
f 364/364/364 413/413/413 412/412/412
f 365/365/365 366/366/366 414/414/414
f 365/365/365 414/414/414 413/413/413
f 366/366/366 367/367/367 415/415/415
f 366/366/366 415/415/415 414/414/414
f 367/367/367 368/368/368 416/416/416
f 367/367/367 416/416/416 415/415/415
f 368/368/368 369/369/369 417/417/417
f 368/368/368 417/417/417 416/416/416
f 369/369/369 370/370/370 418/418/418
f 369/369/369 418/418/418 417/417/417
f 370/370/370 371/371/371 419/419/419
f 370/370/370 419/419/419 418/418/418
f 371/371/371 372/372/372 420/420/420
f 371/371/371 420/420/420 419/419/419
f 372/372/372 373/373/373 421/421/421
f 372/372/372 421/421/421 420/420/420
f 373/373/373 374/374/374 422/422/422
f 373/373/373 422/422/422 421/421/421
f 374/374/374 375/375/375 423/423/423
f 374/374/374 423/423/423 422/422/422
f 375/375/375 376/376/376 424/424/424
f 375/375/375 424/424/424 423/423/423
f 376/376/376 377/377/377 425/425/425
f 376/376/376 425/425/425 424/424/424
f 377/377/377 378/378/378 426/426/426
f 377/377/377 426/426/426 425/425/425
f 378/378/378 379/379/379 427/427/427
f 378/378/378 427/427/427 426/426/426
f 379/379/379 380/380/380 428/428/428
f 379/379/379 428/428/428 427/427/427
f 380/380/380 381/381/381 429/429/429
f 380/380/380 429/429/429 428/428/428
f 381/381/381 382/382/382 430/430/430
f 381/381/381 430/430/430 429/429/429
f 382/382/382 383/383/383 431/431/431
f 382/382/382 431/431/431 430/430/430
f 383/383/383 384/384/384 432/432/432
f 383/383/383 432/432/432 431/431/431
f 384/384/384 337/337/337 385/385/385
f 384/384/384 385/385/385 432/432/432
f 385/385/385 386/386/386 434/434/434
f 385/385/385 434/434/434 433/433/433
f 386/386/386 387/387/387 435/435/435
f 386/386/386 435/435/435 434/434/434
f 387/387/387 388/388/388 436/436/436
f 387/387/387 436/436/436 435/435/435
f 388/388/388 389/389/389 437/437/437
f 388/388/388 437/437/437 436/436/436
f 389/389/389 390/390/390 438/438/438
f 389/389/389 438/438/438 437/437/437
f 390/390/390 391/391/391 439/439/439
f 390/390/390 439/439/439 438/438/438
f 391/391/391 392/392/392 440/440/440
f 391/391/391 440/440/440 439/439/439
f 392/392/392 393/393/393 441/441/441
f 392/392/392 441/441/441 440/440/440
f 393/393/393 394/394/394 442/442/442
f 393/393/393 442/442/442 441/441/441
f 394/394/394 395/395/395 443/443/443
f 394/394/394 443/443/443 442/442/442
f 395/395/395 396/396/396 444/444/444
f 395/395/395 444/444/444 443/443/443
f 396/396/396 397/397/397 445/445/445
f 396/396/396 445/445/445 444/444/444
f 397/397/397 398/398/398 446/446/446
f 397/397/397 446/446/446 445/445/445
f 398/398/398 399/399/399 447/447/447
f 398/398/398 447/447/447 446/446/446
f 399/399/399 400/400/400 448/448/448
f 399/399/399 448/448/448 447/447/447
f 400/400/400 401/401/401 449/449/449
f 400/400/400 449/449/449 448/448/448
f 401/401/401 402/402/402 450/450/450
f 401/401/401 450/450/450 449/449/449
f 402/402/402 403/403/403 451/451/451
f 402/402/402 451/451/451 450/450/450
f 403/403/403 404/404/404 452/452/452
f 403/403/403 452/452/452 451/451/451
f 404/404/404 405/405/405 453/453/453
f 404/404/404 453/453/453 452/452/452
f 405/405/405 406/406/406 454/454/454
f 405/405/405 454/454/454 453/453/453
f 406/406/406 407/407/407 455/455/455
f 406/406/406 455/455/455 454/454/454
f 407/407/407 408/408/408 456/456/456
f 407/407/407 456/456/456 455/455/455
f 408/408/408 409/409/409 457/457/457
f 408/408/408 457/457/457 456/456/456
f 409/409/409 410/410/410 458/458/458
f 409/409/409 458/458/458 457/457/457
f 410/410/410 411/411/411 459/459/459
f 410/410/410 459/459/459 458/458/458
f 411/411/411 412/412/412 460/460/460
f 411/411/411 460/460/460 459/459/459
f 412/412/412 413/413/413 461/461/461
f 412/412/412 461/461/461 460/460/460
f 413/413/413 414/414/414 462/462/462
f 413/413/413 462/462/462 461/461/461
f 414/414/414 415/415/415 463/463/463
f 414/414/414 463/463/463 462/462/462
f 415/415/415 416/416/416 464/464/464
f 415/415/415 464/464/464 463/463/463
f 416/416/416 417/417/417 465/465/465
f 416/416/416 465/465/465 464/464/464
f 417/417/417 418/418/418 466/466/466
f 417/417/417 466/466/466 465/465/465
f 418/418/418 419/419/419 467/467/467
f 418/418/418 467/467/467 466/466/466
f 419/419/419 420/420/420 468/468/468
f 419/419/419 468/468/468 467/467/467
f 420/420/420 421/421/421 469/469/469
f 420/420/420 469/469/469 468/468/468
f 421/421/421 422/422/422 470/470/470
f 421/421/421 470/470/470 469/469/469
f 422/422/422 423/423/423 471/471/471
f 422/422/422 471/471/471 470/470/470
f 423/423/423 424/424/424 472/472/472
f 423/423/423 472/472/472 471/471/471
f 424/424/424 425/425/425 473/473/473
f 424/424/424 473/473/473 472/472/472
f 425/425/425 426/426/426 474/474/474
f 425/425/425 474/474/474 473/473/473
f 426/426/426 427/427/427 475/475/475
f 426/426/426 475/475/475 474/474/474
f 427/427/427 428/428/428 476/476/476
f 427/427/427 476/476/476 475/475/475
f 428/428/428 429/429/429 477/477/477
f 428/428/428 477/477/477 476/476/476
f 429/429/429 430/430/430 478/478/478
f 429/429/429 478/478/478 477/477/477
f 430/430/430 431/431/431 479/479/479
f 430/430/430 479/479/479 478/478/478
f 431/431/431 432/432/432 480/480/480
f 431/431/431 480/480/480 479/479/479
f 432/432/432 385/385/385 433/433/433
f 432/432/432 433/433/433 480/480/480
f 433/433/433 434/434/434 482/482/482
f 433/433/433 482/482/482 481/481/481
f 434/434/434 435/435/435 483/483/483
f 434/434/434 483/483/483 482/482/482
f 435/435/435 436/436/436 484/484/484
f 435/435/435 484/484/484 483/483/483
f 436/436/436 437/437/437 485/485/485
f 436/436/436 485/485/485 484/484/484
f 437/437/437 438/438/438 486/486/486
f 437/437/437 486/486/486 485/485/485
f 438/438/438 439/439/439 487/487/487
f 438/438/438 487/487/487 486/486/486
f 439/439/439 440/440/440 488/488/488
f 439/439/439 488/488/488 487/487/487
f 440/440/440 441/441/441 489/489/489
f 440/440/440 489/489/489 488/488/488
f 441/441/441 442/442/442 490/490/490
f 441/441/441 490/490/490 489/489/489
f 442/442/442 443/443/443 491/491/491
f 442/442/442 491/491/491 490/490/490
f 443/443/443 444/444/444 492/492/492
f 443/443/443 492/492/492 491/491/491
f 444/444/444 445/445/445 493/493/493
f 444/444/444 493/493/493 492/492/492
f 445/445/445 446/446/446 494/494/494
f 445/445/445 494/494/494 493/493/493
f 446/446/446 447/447/447 495/495/495
f 446/446/446 495/495/495 494/494/494
f 447/447/447 448/448/448 496/496/496
f 447/447/447 496/496/496 495/495/495
f 448/448/448 449/449/449 497/497/497
f 448/448/448 497/497/497 496/496/496
f 449/449/449 450/450/450 498/498/498
f 449/449/449 498/498/498 497/497/497
f 450/450/450 451/451/451 499/499/499
f 450/450/450 499/499/499 498/498/498
f 451/451/451 452/452/452 500/500/500
f 451/451/451 500/500/500 499/499/499
f 452/452/452 453/453/453 501/501/501
f 452/452/452 501/501/501 500/500/500
f 453/453/453 454/454/454 502/502/502
f 453/453/453 502/502/502 501/501/501
f 454/454/454 455/455/455 503/503/503
f 454/454/454 503/503/503 502/502/502
f 455/455/455 456/456/456 504/504/504
f 455/455/455 504/504/504 503/503/503
f 456/456/456 457/457/457 505/505/505
f 456/456/456 505/505/505 504/504/504
f 457/457/457 458/458/458 506/506/506
f 457/457/457 506/506/506 505/505/505
f 458/458/458 459/459/459 507/507/507
f 458/458/458 507/507/507 506/506/506
f 459/459/459 460/460/460 508/508/508
f 459/459/459 508/508/508 507/507/507
f 460/460/460 461/461/461 509/509/509
f 460/460/460 509/509/509 508/508/508
f 461/461/461 462/462/462 510/510/510
f 461/461/461 510/510/510 509/509/509
f 462/462/462 463/463/463 511/511/511
f 462/462/462 511/511/511 510/510/510
f 463/463/463 464/464/464 512/512/512
f 463/463/463 512/512/512 511/511/511
f 464/464/464 465/465/465 513/513/513
f 464/464/464 513/513/513 512/512/512
f 465/465/465 466/466/466 514/514/514
f 465/465/465 514/514/514 513/513/513
f 466/466/466 467/467/467 515/515/515
f 466/466/466 515/515/515 514/514/514
f 467/467/467 468/468/468 516/516/516
f 467/467/467 516/516/516 515/515/515
f 468/468/468 469/469/469 517/517/517
f 468/468/468 517/517/517 516/516/516
f 469/469/469 470/470/470 518/518/518
f 469/469/469 518/518/518 517/517/517
f 470/470/470 471/471/471 519/519/519
f 470/470/470 519/519/519 518/518/518
f 471/471/471 472/472/472 520/520/520
f 471/471/471 520/520/520 519/519/519
f 472/472/472 473/473/473 521/521/521
f 472/472/472 521/521/521 520/520/520
f 473/473/473 474/474/474 522/522/522
f 473/473/473 522/522/522 521/521/521
f 474/474/474 475/475/475 523/523/523
f 474/474/474 523/523/523 522/522/522
f 475/475/475 476/476/476 524/524/524
f 475/475/475 524/524/524 523/523/523
f 476/476/476 477/477/477 525/525/525
f 476/476/476 525/525/525 524/524/524
f 477/477/477 478/478/478 526/526/526
f 477/477/477 526/526/526 525/525/525
f 478/478/478 479/479/479 527/527/527
f 478/478/478 527/527/527 526/526/526
f 479/479/479 480/480/480 528/528/528
f 479/479/479 528/528/528 527/527/527
f 480/480/480 433/433/433 481/481/481
f 480/480/480 481/481/481 528/528/528
f 481/481/481 482/482/482 530/530/530
f 481/481/481 530/530/530 529/529/529
f 482/482/482 483/483/483 531/531/531
f 482/482/482 531/531/531 530/530/530
f 483/483/483 484/484/484 532/532/532
f 483/483/483 532/532/532 531/531/531
f 484/484/484 485/485/485 533/533/533
f 484/484/484 533/533/533 532/532/532
f 485/485/485 486/486/486 534/534/534
f 485/485/485 534/534/534 533/533/533
f 486/486/486 487/487/487 535/535/535
f 486/486/486 535/535/535 534/534/534
f 487/487/487 488/488/488 536/536/536
f 487/487/487 536/536/536 535/535/535
f 488/488/488 489/489/489 537/537/537
f 488/488/488 537/537/537 536/536/536
f 489/489/489 490/490/490 538/538/538
f 489/489/489 538/538/538 537/537/537
f 490/490/490 491/491/491 539/539/539
f 490/490/490 539/539/539 538/538/538
f 491/491/491 492/492/492 540/540/540
f 491/491/491 540/540/540 539/539/539
f 492/492/492 493/493/493 541/541/541
f 492/492/492 541/541/541 540/540/540
f 493/493/493 494/494/494 542/542/542
f 493/493/493 542/542/542 541/541/541
f 494/494/494 495/495/495 543/543/543
f 494/494/494 543/543/543 542/542/542
f 495/495/495 496/496/496 544/544/544
f 495/495/495 544/544/544 543/543/543
f 496/496/496 497/497/497 545/545/545
f 496/496/496 545/545/545 544/544/544
f 497/497/497 498/498/498 546/546/546
f 497/497/497 546/546/546 545/545/545
f 498/498/498 499/499/499 547/547/547
f 498/498/498 547/547/547 546/546/546
f 499/499/499 500/500/500 548/548/548
f 499/499/499 548/548/548 547/547/547
f 500/500/500 501/501/501 549/549/549
f 500/500/500 549/549/549 548/548/548
f 501/501/501 502/502/502 550/550/550
f 501/501/501 550/550/550 549/549/549
f 502/502/502 503/503/503 551/551/551
f 502/502/502 551/551/551 550/550/550
f 503/503/503 504/504/504 552/552/552
f 503/503/503 552/552/552 551/551/551
f 504/504/504 505/505/505 553/553/553
f 504/504/504 553/553/553 552/552/552
f 505/505/505 506/506/506 554/554/554
f 505/505/505 554/554/554 553/553/553
f 506/506/506 507/507/507 555/555/555
f 506/506/506 555/555/555 554/554/554
f 507/507/507 508/508/508 556/556/556
f 507/507/507 556/556/556 555/555/555
f 508/508/508 509/509/509 557/557/557
f 508/508/508 557/557/557 556/556/556
f 509/509/509 510/510/510 558/558/558
f 509/509/509 558/558/558 557/557/557
f 510/510/510 511/511/511 559/559/559
f 510/510/510 559/559/559 558/558/558
f 511/511/511 512/512/512 560/560/560
f 511/511/511 560/560/560 559/559/559
f 512/512/512 513/513/513 561/561/561
f 512/512/512 561/561/561 560/560/560
f 513/513/513 514/514/514 562/562/562
f 513/513/513 562/562/562 561/561/561
f 514/514/514 515/515/515 563/563/563
f 514/514/514 563/563/563 562/562/562
f 515/515/515 516/516/516 564/564/564
f 515/515/515 564/564/564 563/563/563
f 516/516/516 517/517/517 565/565/565
f 516/516/516 565/565/565 564/564/564
f 517/517/517 518/518/518 566/566/566
f 517/517/517 566/566/566 565/565/565
f 518/518/518 519/519/519 567/567/567
f 518/518/518 567/567/567 566/566/566
f 519/519/519 520/520/520 568/568/568
f 519/519/519 568/568/568 567/567/567
f 520/520/520 521/521/521 569/569/569
f 520/520/520 569/569/569 568/568/568
f 521/521/521 522/522/522 570/570/570
f 521/521/521 570/570/570 569/569/569
f 522/522/522 523/523/523 571/571/571
f 522/522/522 571/571/571 570/570/570
f 523/523/523 524/524/524 572/572/572
f 523/523/523 572/572/572 571/571/571
f 524/524/524 525/525/525 573/573/573
f 524/524/524 573/573/573 572/572/572
f 525/525/525 526/526/526 574/574/574
f 525/525/525 574/574/574 573/573/573
f 526/526/526 527/527/527 575/575/575
f 526/526/526 575/575/575 574/574/574
f 527/527/527 528/528/528 576/576/576
f 527/527/527 576/576/576 575/575/575
f 528/528/528 481/481/481 529/529/529
f 528/528/528 529/529/529 576/576/576
f 529/529/529 530/530/530 578/578/578
f 529/529/529 578/578/578 577/577/577
f 530/530/530 531/531/531 579/579/579
f 530/530/530 579/579/579 578/578/578
f 531/531/531 532/532/532 580/580/580
f 531/531/531 580/580/580 579/579/579
f 532/532/532 533/533/533 581/581/581
f 532/532/532 581/581/581 580/580/580
f 533/533/533 534/534/534 582/582/582
f 533/533/533 582/582/582 581/581/581
f 534/534/534 535/535/535 583/583/583
f 534/534/534 583/583/583 582/582/582
f 535/535/535 536/536/536 584/584/584
f 535/535/535 584/584/584 583/583/583
f 536/536/536 537/537/537 585/585/585
f 536/536/536 585/585/585 584/584/584
f 537/537/537 538/538/538 586/586/586
f 537/537/537 586/586/586 585/585/585
f 538/538/538 539/539/539 587/587/587
f 538/538/538 587/587/587 586/586/586
f 539/539/539 540/540/540 588/588/588
f 539/539/539 588/588/588 587/587/587
f 540/540/540 541/541/541 589/589/589
f 540/540/540 589/589/589 588/588/588
f 541/541/541 542/542/542 590/590/590
f 541/541/541 590/590/590 589/589/589
f 542/542/542 543/543/543 591/591/591
f 542/542/542 591/591/591 590/590/590
f 543/543/543 544/544/544 592/592/592
f 543/543/543 592/592/592 591/591/591
f 544/544/544 545/545/545 593/593/593
f 544/544/544 593/593/593 592/592/592
f 545/545/545 546/546/546 594/594/594
f 545/545/545 594/594/594 593/593/593
f 546/546/546 547/547/547 595/595/595
f 546/546/546 595/595/595 594/594/594
f 547/547/547 548/548/548 596/596/596
f 547/547/547 596/596/596 595/595/595
f 548/548/548 549/549/549 597/597/597
f 548/548/548 597/597/597 596/596/596
f 549/549/549 550/550/550 598/598/598
f 549/549/549 598/598/598 597/597/597
f 550/550/550 551/551/551 599/599/599
f 550/550/550 599/599/599 598/598/598
f 551/551/551 552/552/552 600/600/600
f 551/551/551 600/600/600 599/599/599
f 552/552/552 553/553/553 601/601/601
f 552/552/552 601/601/601 600/600/600
f 553/553/553 554/554/554 602/602/602
f 553/553/553 602/602/602 601/601/601
f 554/554/554 555/555/555 603/603/603
f 554/554/554 603/603/603 602/602/602
f 555/555/555 556/556/556 604/604/604
f 555/555/555 604/604/604 603/603/603
f 556/556/556 557/557/557 605/605/605
f 556/556/556 605/605/605 604/604/604
f 557/557/557 558/558/558 606/606/606
f 557/557/557 606/606/606 605/605/605
f 558/558/558 559/559/559 607/607/607
f 558/558/558 607/607/607 606/606/606
f 559/559/559 560/560/560 608/608/608
f 559/559/559 608/608/608 607/607/607
f 560/560/560 561/561/561 609/609/609
f 560/560/560 609/609/609 608/608/608
f 561/561/561 562/562/562 610/610/610
f 561/561/561 610/610/610 609/609/609
f 562/562/562 563/563/563 611/611/611
f 562/562/562 611/611/611 610/610/610
f 563/563/563 564/564/564 612/612/612
f 563/563/563 612/612/612 611/611/611
f 564/564/564 565/565/565 613/613/613
f 564/564/564 613/613/613 612/612/612
f 565/565/565 566/566/566 614/614/614
f 565/565/565 614/614/614 613/613/613
f 566/566/566 567/567/567 615/615/615
f 566/566/566 615/615/615 614/614/614
f 567/567/567 568/568/568 616/616/616
f 567/567/567 616/616/616 615/615/615
f 568/568/568 569/569/569 617/617/617
f 568/568/568 617/617/617 616/616/616
f 569/569/569 570/570/570 618/618/618
f 569/569/569 618/618/618 617/617/617
f 570/570/570 571/571/571 619/619/619
f 570/570/570 619/619/619 618/618/618
f 571/571/571 572/572/572 620/620/620
f 571/571/571 620/620/620 619/619/619
f 572/572/572 573/573/573 621/621/621
f 572/572/572 621/621/621 620/620/620
f 573/573/573 574/574/574 622/622/622
f 573/573/573 622/622/622 621/621/621
f 574/574/574 575/575/575 623/623/623
f 574/574/574 623/623/623 622/622/622
f 575/575/575 576/576/576 624/624/624
f 575/575/575 624/624/624 623/623/623
f 576/576/576 529/529/529 577/577/577
f 576/576/576 577/577/577 624/624/624
f 577/577/577 578/578/578 626/626/626
f 577/577/577 626/626/626 625/625/625
f 578/578/578 579/579/579 627/627/627
f 578/578/578 627/627/627 626/626/626
f 579/579/579 580/580/580 628/628/628
f 579/579/579 628/628/628 627/627/627
f 580/580/580 581/581/581 629/629/629
f 580/580/580 629/629/629 628/628/628
f 581/581/581 582/582/582 630/630/630
f 581/581/581 630/630/630 629/629/629
f 582/582/582 583/583/583 631/631/631
f 582/582/582 631/631/631 630/630/630
f 583/583/583 584/584/584 632/632/632
f 583/583/583 632/632/632 631/631/631
f 584/584/584 585/585/585 633/633/633
f 584/584/584 633/633/633 632/632/632
f 585/585/585 586/586/586 634/634/634
f 585/585/585 634/634/634 633/633/633
f 586/586/586 587/587/587 635/635/635
f 586/586/586 635/635/635 634/634/634
f 587/587/587 588/588/588 636/636/636
f 587/587/587 636/636/636 635/635/635
f 588/588/588 589/589/589 637/637/637
f 588/588/588 637/637/637 636/636/636
f 589/589/589 590/590/590 638/638/638
f 589/589/589 638/638/638 637/637/637
f 590/590/590 591/591/591 639/639/639
f 590/590/590 639/639/639 638/638/638
f 591/591/591 592/592/592 640/640/640
f 591/591/591 640/640/640 639/639/639
f 592/592/592 593/593/593 641/641/641
f 592/592/592 641/641/641 640/640/640
f 593/593/593 594/594/594 642/642/642
f 593/593/593 642/642/642 641/641/641
f 594/594/594 595/595/595 643/643/643
f 594/594/594 643/643/643 642/642/642
f 595/595/595 596/596/596 644/644/644
f 595/595/595 644/644/644 643/643/643
f 596/596/596 597/597/597 645/645/645
f 596/596/596 645/645/645 644/644/644
f 597/597/597 598/598/598 646/646/646
f 597/597/597 646/646/646 645/645/645
f 598/598/598 599/599/599 647/647/647
f 598/598/598 647/647/647 646/646/646
f 599/599/599 600/600/600 648/648/648
f 599/599/599 648/648/648 647/647/647
f 600/600/600 601/601/601 649/649/649
f 600/600/600 649/649/649 648/648/648
f 601/601/601 602/602/602 650/650/650
f 601/601/601 650/650/650 649/649/649
f 602/602/602 603/603/603 651/651/651
f 602/602/602 651/651/651 650/650/650
f 603/603/603 604/604/604 652/652/652
f 603/603/603 652/652/652 651/651/651
f 604/604/604 605/605/605 653/653/653
f 604/604/604 653/653/653 652/652/652
f 605/605/605 606/606/606 654/654/654
f 605/605/605 654/654/654 653/653/653
f 606/606/606 607/607/607 655/655/655
f 606/606/606 655/655/655 654/654/654
f 607/607/607 608/608/608 656/656/656
f 607/607/607 656/656/656 655/655/655
f 608/608/608 609/609/609 657/657/657
f 608/608/608 657/657/657 656/656/656
f 609/609/609 610/610/610 658/658/658
f 609/609/609 658/658/658 657/657/657
f 610/610/610 611/611/611 659/659/659
f 610/610/610 659/659/659 658/658/658
f 611/611/611 612/612/612 660/660/660
f 611/611/611 660/660/660 659/659/659
f 612/612/612 613/613/613 661/661/661
f 612/612/612 661/661/661 660/660/660
f 613/613/613 614/614/614 662/662/662
f 613/613/613 662/662/662 661/661/661
f 614/614/614 615/615/615 663/663/663
f 614/614/614 663/663/663 662/662/662
f 615/615/615 616/616/616 664/664/664
f 615/615/615 664/664/664 663/663/663
f 616/616/616 617/617/617 665/665/665
f 616/616/616 665/665/665 664/664/664
f 617/617/617 618/618/618 666/666/666
f 617/617/617 666/666/666 665/665/665
f 618/618/618 619/619/619 667/667/667
f 618/618/618 667/667/667 666/666/666
f 619/619/619 620/620/620 668/668/668
f 619/619/619 668/668/668 667/667/667
f 620/620/620 621/621/621 669/669/669
f 620/620/620 669/669/669 668/668/668
f 621/621/621 622/622/622 670/670/670
f 621/621/621 670/670/670 669/669/669
f 622/622/622 623/623/623 671/671/671
f 622/622/622 671/671/671 670/670/670
f 623/623/623 624/624/624 672/672/672
f 623/623/623 672/672/672 671/671/671
f 624/624/624 577/577/577 625/625/625
f 624/624/624 625/625/625 672/672/672
f 625/625/625 626/626/626 674/674/674
f 625/625/625 674/674/674 673/673/673
f 626/626/626 627/627/627 675/675/675
f 626/626/626 675/675/675 674/674/674
f 627/627/627 628/628/628 676/676/676
f 627/627/627 676/676/676 675/675/675
f 628/628/628 629/629/629 677/677/677
f 628/628/628 677/677/677 676/676/676
f 629/629/629 630/630/630 678/678/678
f 629/629/629 678/678/678 677/677/677
f 630/630/630 631/631/631 679/679/679
f 630/630/630 679/679/679 678/678/678
f 631/631/631 632/632/632 680/680/680
f 631/631/631 680/680/680 679/679/679
f 632/632/632 633/633/633 681/681/681
f 632/632/632 681/681/681 680/680/680
f 633/633/633 634/634/634 682/682/682
f 633/633/633 682/682/682 681/681/681
f 634/634/634 635/635/635 683/683/683
f 634/634/634 683/683/683 682/682/682
f 635/635/635 636/636/636 684/684/684
f 635/635/635 684/684/684 683/683/683
f 636/636/636 637/637/637 685/685/685
f 636/636/636 685/685/685 684/684/684
f 637/637/637 638/638/638 686/686/686
f 637/637/637 686/686/686 685/685/685
f 638/638/638 639/639/639 687/687/687
f 638/638/638 687/687/687 686/686/686
f 639/639/639 640/640/640 688/688/688
f 639/639/639 688/688/688 687/687/687
f 640/640/640 641/641/641 689/689/689
f 640/640/640 689/689/689 688/688/688
f 641/641/641 642/642/642 690/690/690
f 641/641/641 690/690/690 689/689/689
f 642/642/642 643/643/643 691/691/691
f 642/642/642 691/691/691 690/690/690
f 643/643/643 644/644/644 692/692/692
f 643/643/643 692/692/692 691/691/691
f 644/644/644 645/645/645 693/693/693
f 644/644/644 693/693/693 692/692/692
f 645/645/645 646/646/646 694/694/694
f 645/645/645 694/694/694 693/693/693
f 646/646/646 647/647/647 695/695/695
f 646/646/646 695/695/695 694/694/694
f 647/647/647 648/648/648 696/696/696
f 647/647/647 696/696/696 695/695/695
f 648/648/648 649/649/649 697/697/697
f 648/648/648 697/697/697 696/696/696
f 649/649/649 650/650/650 698/698/698
f 649/649/649 698/698/698 697/697/697
f 650/650/650 651/651/651 699/699/699
f 650/650/650 699/699/699 698/698/698
f 651/651/651 652/652/652 700/700/700
f 651/651/651 700/700/700 699/699/699
f 652/652/652 653/653/653 701/701/701
f 652/652/652 701/701/701 700/700/700
f 653/653/653 654/654/654 702/702/702
f 653/653/653 702/702/702 701/701/701
f 654/654/654 655/655/655 703/703/703
f 654/654/654 703/703/703 702/702/702
f 655/655/655 656/656/656 704/704/704
f 655/655/655 704/704/704 703/703/703
f 656/656/656 657/657/657 705/705/705
f 656/656/656 705/705/705 704/704/704
f 657/657/657 658/658/658 706/706/706
f 657/657/657 706/706/706 705/705/705
f 658/658/658 659/659/659 707/707/707
f 658/658/658 707/707/707 706/706/706
f 659/659/659 660/660/660 708/708/708
f 659/659/659 708/708/708 707/707/707
f 660/660/660 661/661/661 709/709/709
f 660/660/660 709/709/709 708/708/708
f 661/661/661 662/662/662 710/710/710
f 661/661/661 710/710/710 709/709/709
f 662/662/662 663/663/663 711/711/711
f 662/662/662 711/711/711 710/710/710
f 663/663/663 664/664/664 712/712/712
f 663/663/663 712/712/712 711/711/711
f 664/664/664 665/665/665 713/713/713
f 664/664/664 713/713/713 712/712/712
f 665/665/665 666/666/666 714/714/714
f 665/665/665 714/714/714 713/713/713
f 666/666/666 667/667/667 715/715/715
f 666/666/666 715/715/715 714/714/714
f 667/667/667 668/668/668 716/716/716
f 667/667/667 716/716/716 715/715/715
f 668/668/668 669/669/669 717/717/717
f 668/668/668 717/717/717 716/716/716
f 669/669/669 670/670/670 718/718/718
f 669/669/669 718/718/718 717/717/717
f 670/670/670 671/671/671 719/719/719
f 670/670/670 719/719/719 718/718/718
f 671/671/671 672/672/672 720/720/720
f 671/671/671 720/720/720 719/719/719
f 672/672/672 625/625/625 673/673/673
f 672/672/672 673/673/673 720/720/720
f 673/673/673 674/674/674 722/722/722
f 673/673/673 722/722/722 721/721/721
f 674/674/674 675/675/675 723/723/723
f 674/674/674 723/723/723 722/722/722
f 675/675/675 676/676/676 724/724/724
f 675/675/675 724/724/724 723/723/723
f 676/676/676 677/677/677 725/725/725
f 676/676/676 725/725/725 724/724/724
f 677/677/677 678/678/678 726/726/726
f 677/677/677 726/726/726 725/725/725
f 678/678/678 679/679/679 727/727/727
f 678/678/678 727/727/727 726/726/726
f 679/679/679 680/680/680 728/728/728
f 679/679/679 728/728/728 727/727/727
f 680/680/680 681/681/681 729/729/729
f 680/680/680 729/729/729 728/728/728
f 681/681/681 682/682/682 730/730/730
f 681/681/681 730/730/730 729/729/729
f 682/682/682 683/683/683 731/731/731
f 682/682/682 731/731/731 730/730/730
f 683/683/683 684/684/684 732/732/732
f 683/683/683 732/732/732 731/731/731
f 684/684/684 685/685/685 733/733/733
f 684/684/684 733/733/733 732/732/732
f 685/685/685 686/686/686 734/734/734
f 685/685/685 734/734/734 733/733/733
f 686/686/686 687/687/687 735/735/735
f 686/686/686 735/735/735 734/734/734
f 687/687/687 688/688/688 736/736/736
f 687/687/687 736/736/736 735/735/735
f 688/688/688 689/689/689 737/737/737
f 688/688/688 737/737/737 736/736/736
f 689/689/689 690/690/690 738/738/738
f 689/689/689 738/738/738 737/737/737
f 690/690/690 691/691/691 739/739/739
f 690/690/690 739/739/739 738/738/738
f 691/691/691 692/692/692 740/740/740
f 691/691/691 740/740/740 739/739/739
f 692/692/692 693/693/693 741/741/741
f 692/692/692 741/741/741 740/740/740
f 693/693/693 694/694/694 742/742/742
f 693/693/693 742/742/742 741/741/741
f 694/694/694 695/695/695 743/743/743
f 694/694/694 743/743/743 742/742/742
f 695/695/695 696/696/696 744/744/744
f 695/695/695 744/744/744 743/743/743
f 696/696/696 697/697/697 745/745/745
f 696/696/696 745/745/745 744/744/744
f 697/697/697 698/698/698 746/746/746
f 697/697/697 746/746/746 745/745/745
f 698/698/698 699/699/699 747/747/747
f 698/698/698 747/747/747 746/746/746
f 699/699/699 700/700/700 748/748/748
f 699/699/699 748/748/748 747/747/747
f 700/700/700 701/701/701 749/749/749
f 700/700/700 749/749/749 748/748/748
f 701/701/701 702/702/702 750/750/750
f 701/701/701 750/750/750 749/749/749
f 702/702/702 703/703/703 751/751/751
f 702/702/702 751/751/751 750/750/750
f 703/703/703 704/704/704 752/752/752
f 703/703/703 752/752/752 751/751/751
f 704/704/704 705/705/705 753/753/753
f 704/704/704 753/753/753 752/752/752
f 705/705/705 706/706/706 754/754/754
f 705/705/705 754/754/754 753/753/753
f 706/706/706 707/707/707 755/755/755
f 706/706/706 755/755/755 754/754/754
f 707/707/707 708/708/708 756/756/756
f 707/707/707 756/756/756 755/755/755
f 708/708/708 709/709/709 757/757/757
f 708/708/708 757/757/757 756/756/756
f 709/709/709 710/710/710 758/758/758
f 709/709/709 758/758/758 757/757/757
f 710/710/710 711/711/711 759/759/759
f 710/710/710 759/759/759 758/758/758
f 711/711/711 712/712/712 760/760/760
f 711/711/711 760/760/760 759/759/759
f 712/712/712 713/713/713 761/761/761
f 712/712/712 761/761/761 760/760/760
f 713/713/713 714/714/714 762/762/762
f 713/713/713 762/762/762 761/761/761
f 714/714/714 715/715/715 763/763/763
f 714/714/714 763/763/763 762/762/762
f 715/715/715 716/716/716 764/764/764
f 715/715/715 764/764/764 763/763/763
f 716/716/716 717/717/717 765/765/765
f 716/716/716 765/765/765 764/764/764
f 717/717/717 718/718/718 766/766/766
f 717/717/717 766/766/766 765/765/765
f 718/718/718 719/719/719 767/767/767
f 718/718/718 767/767/767 766/766/766
f 719/719/719 720/720/720 768/768/768
f 719/719/719 768/768/768 767/767/767
f 720/720/720 673/673/673 721/721/721
f 720/720/720 721/721/721 768/768/768
f 721/721/721 722/722/722 770/770/770
f 721/721/721 770/770/770 769/769/769
f 722/722/722 723/723/723 771/771/771
f 722/722/722 771/771/771 770/770/770
f 723/723/723 724/724/724 772/772/772
f 723/723/723 772/772/772 771/771/771
f 724/724/724 725/725/725 773/773/773
f 724/724/724 773/773/773 772/772/772
f 725/725/725 726/726/726 774/774/774
f 725/725/725 774/774/774 773/773/773
f 726/726/726 727/727/727 775/775/775
f 726/726/726 775/775/775 774/774/774
f 727/727/727 728/728/728 776/776/776
f 727/727/727 776/776/776 775/775/775
f 728/728/728 729/729/729 777/777/777
f 728/728/728 777/777/777 776/776/776
f 729/729/729 730/730/730 778/778/778
f 729/729/729 778/778/778 777/777/777
f 730/730/730 731/731/731 779/779/779
f 730/730/730 779/779/779 778/778/778
f 731/731/731 732/732/732 780/780/780
f 731/731/731 780/780/780 779/779/779
f 732/732/732 733/733/733 781/781/781
f 732/732/732 781/781/781 780/780/780
f 733/733/733 734/734/734 782/782/782
f 733/733/733 782/782/782 781/781/781
f 734/734/734 735/735/735 783/783/783
f 734/734/734 783/783/783 782/782/782
f 735/735/735 736/736/736 784/784/784
f 735/735/735 784/784/784 783/783/783
f 736/736/736 737/737/737 785/785/785
f 736/736/736 785/785/785 784/784/784
f 737/737/737 738/738/738 786/786/786
f 737/737/737 786/786/786 785/785/785
f 738/738/738 739/739/739 787/787/787
f 738/738/738 787/787/787 786/786/786
f 739/739/739 740/740/740 788/788/788
f 739/739/739 788/788/788 787/787/787
f 740/740/740 741/741/741 789/789/789
f 740/740/740 789/789/789 788/788/788
f 741/741/741 742/742/742 790/790/790
f 741/741/741 790/790/790 789/789/789
f 742/742/742 743/743/743 791/791/791
f 742/742/742 791/791/791 790/790/790
f 743/743/743 744/744/744 792/792/792
f 743/743/743 792/792/792 791/791/791
f 744/744/744 745/745/745 793/793/793
f 744/744/744 793/793/793 792/792/792
f 745/745/745 746/746/746 794/794/794
f 745/745/745 794/794/794 793/793/793
f 746/746/746 747/747/747 795/795/795
f 746/746/746 795/795/795 794/794/794
f 747/747/747 748/748/748 796/796/796
f 747/747/747 796/796/796 795/795/795
f 748/748/748 749/749/749 797/797/797
f 748/748/748 797/797/797 796/796/796
f 749/749/749 750/750/750 798/798/798
f 749/749/749 798/798/798 797/797/797
f 750/750/750 751/751/751 799/799/799
f 750/750/750 799/799/799 798/798/798
f 751/751/751 752/752/752 800/800/800
f 751/751/751 800/800/800 799/799/799
f 752/752/752 753/753/753 801/801/801
f 752/752/752 801/801/801 800/800/800
f 753/753/753 754/754/754 802/802/802
f 753/753/753 802/802/802 801/801/801
f 754/754/754 755/755/755 803/803/803
f 754/754/754 803/803/803 802/802/802
f 755/755/755 756/756/756 804/804/804
f 755/755/755 804/804/804 803/803/803
f 756/756/756 757/757/757 805/805/805
f 756/756/756 805/805/805 804/804/804
f 757/757/757 758/758/758 806/806/806
f 757/757/757 806/806/806 805/805/805
f 758/758/758 759/759/759 807/807/807
f 758/758/758 807/807/807 806/806/806
f 759/759/759 760/760/760 808/808/808
f 759/759/759 808/808/808 807/807/807
f 760/760/760 761/761/761 809/809/809
f 760/760/760 809/809/809 808/808/808
f 761/761/761 762/762/762 810/810/810
f 761/761/761 810/810/810 809/809/809
f 762/762/762 763/763/763 811/811/811
f 762/762/762 811/811/811 810/810/810
f 763/763/763 764/764/764 812/812/812
f 763/763/763 812/812/812 811/811/811
f 764/764/764 765/765/765 813/813/813
f 764/764/764 813/813/813 812/812/812
f 765/765/765 766/766/766 814/814/814
f 765/765/765 814/814/814 813/813/813
f 766/766/766 767/767/767 815/815/815
f 766/766/766 815/815/815 814/814/814
f 767/767/767 768/768/768 816/816/816
f 767/767/767 816/816/816 815/815/815
f 768/768/768 721/721/721 769/769/769
f 768/768/768 769/769/769 816/816/816
f 769/769/769 770/770/770 818/818/818
f 769/769/769 818/818/818 817/817/817
f 770/770/770 771/771/771 819/819/819
f 770/770/770 819/819/819 818/818/818
f 771/771/771 772/772/772 820/820/820
f 771/771/771 820/820/820 819/819/819
f 772/772/772 773/773/773 821/821/821
f 772/772/772 821/821/821 820/820/820
f 773/773/773 774/774/774 822/822/822
f 773/773/773 822/822/822 821/821/821
f 774/774/774 775/775/775 823/823/823
f 774/774/774 823/823/823 822/822/822
f 775/775/775 776/776/776 824/824/824
f 775/775/775 824/824/824 823/823/823
f 776/776/776 777/777/777 825/825/825
f 776/776/776 825/825/825 824/824/824
f 777/777/777 778/778/778 826/826/826
f 777/777/777 826/826/826 825/825/825
f 778/778/778 779/779/779 827/827/827
f 778/778/778 827/827/827 826/826/826
f 779/779/779 780/780/780 828/828/828
f 779/779/779 828/828/828 827/827/827
f 780/780/780 781/781/781 829/829/829
f 780/780/780 829/829/829 828/828/828
f 781/781/781 782/782/782 830/830/830
f 781/781/781 830/830/830 829/829/829
f 782/782/782 783/783/783 831/831/831
f 782/782/782 831/831/831 830/830/830
f 783/783/783 784/784/784 832/832/832
f 783/783/783 832/832/832 831/831/831
f 784/784/784 785/785/785 833/833/833
f 784/784/784 833/833/833 832/832/832
f 785/785/785 786/786/786 834/834/834
f 785/785/785 834/834/834 833/833/833
f 786/786/786 787/787/787 835/835/835
f 786/786/786 835/835/835 834/834/834
f 787/787/787 788/788/788 836/836/836
f 787/787/787 836/836/836 835/835/835
f 788/788/788 789/789/789 837/837/837
f 788/788/788 837/837/837 836/836/836
f 789/789/789 790/790/790 838/838/838
f 789/789/789 838/838/838 837/837/837
f 790/790/790 791/791/791 839/839/839
f 790/790/790 839/839/839 838/838/838
f 791/791/791 792/792/792 840/840/840
f 791/791/791 840/840/840 839/839/839
f 792/792/792 793/793/793 841/841/841
f 792/792/792 841/841/841 840/840/840
f 793/793/793 794/794/794 842/842/842
f 793/793/793 842/842/842 841/841/841
f 794/794/794 795/795/795 843/843/843
f 794/794/794 843/843/843 842/842/842
f 795/795/795 796/796/796 844/844/844
f 795/795/795 844/844/844 843/843/843
f 796/796/796 797/797/797 845/845/845
f 796/796/796 845/845/845 844/844/844
f 797/797/797 798/798/798 846/846/846
f 797/797/797 846/846/846 845/845/845
f 798/798/798 799/799/799 847/847/847
f 798/798/798 847/847/847 846/846/846
f 799/799/799 800/800/800 848/848/848
f 799/799/799 848/848/848 847/847/847
f 800/800/800 801/801/801 849/849/849
f 800/800/800 849/849/849 848/848/848
f 801/801/801 802/802/802 850/850/850
f 801/801/801 850/850/850 849/849/849
f 802/802/802 803/803/803 851/851/851
f 802/802/802 851/851/851 850/850/850
f 803/803/803 804/804/804 852/852/852
f 803/803/803 852/852/852 851/851/851
f 804/804/804 805/805/805 853/853/853
f 804/804/804 853/853/853 852/852/852
f 805/805/805 806/806/806 854/854/854
f 805/805/805 854/854/854 853/853/853
f 806/806/806 807/807/807 855/855/855
f 806/806/806 855/855/855 854/854/854
f 807/807/807 808/808/808 856/856/856
f 807/807/807 856/856/856 855/855/855
f 808/808/808 809/809/809 857/857/857
f 808/808/808 857/857/857 856/856/856
f 809/809/809 810/810/810 858/858/858
f 809/809/809 858/858/858 857/857/857
f 810/810/810 811/811/811 859/859/859
f 810/810/810 859/859/859 858/858/858
f 811/811/811 812/812/812 860/860/860
f 811/811/811 860/860/860 859/859/859
f 812/812/812 813/813/813 861/861/861
f 812/812/812 861/861/861 860/860/860
f 813/813/813 814/814/814 862/862/862
f 813/813/813 862/862/862 861/861/861
f 814/814/814 815/815/815 863/863/863
f 814/814/814 863/863/863 862/862/862
f 815/815/815 816/816/816 864/864/864
f 815/815/815 864/864/864 863/863/863
f 816/816/816 769/769/769 817/817/817
f 816/816/816 817/817/817 864/864/864
f 817/817/817 818/818/818 866/866/866
f 817/817/817 866/866/866 865/865/865
f 818/818/818 819/819/819 867/867/867
f 818/818/818 867/867/867 866/866/866
f 819/819/819 820/820/820 868/868/868
f 819/819/819 868/868/868 867/867/867
f 820/820/820 821/821/821 869/869/869
f 820/820/820 869/869/869 868/868/868
f 821/821/821 822/822/822 870/870/870
f 821/821/821 870/870/870 869/869/869
f 822/822/822 823/823/823 871/871/871
f 822/822/822 871/871/871 870/870/870
f 823/823/823 824/824/824 872/872/872
f 823/823/823 872/872/872 871/871/871
f 824/824/824 825/825/825 873/873/873
f 824/824/824 873/873/873 872/872/872
f 825/825/825 826/826/826 874/874/874
f 825/825/825 874/874/874 873/873/873
f 826/826/826 827/827/827 875/875/875
f 826/826/826 875/875/875 874/874/874
f 827/827/827 828/828/828 876/876/876
f 827/827/827 876/876/876 875/875/875
f 828/828/828 829/829/829 877/877/877
f 828/828/828 877/877/877 876/876/876
f 829/829/829 830/830/830 878/878/878
f 829/829/829 878/878/878 877/877/877
f 830/830/830 831/831/831 879/879/879
f 830/830/830 879/879/879 878/878/878
f 831/831/831 832/832/832 880/880/880
f 831/831/831 880/880/880 879/879/879
f 832/832/832 833/833/833 881/881/881
f 832/832/832 881/881/881 880/880/880
f 833/833/833 834/834/834 882/882/882
f 833/833/833 882/882/882 881/881/881
f 834/834/834 835/835/835 883/883/883
f 834/834/834 883/883/883 882/882/882
f 835/835/835 836/836/836 884/884/884
f 835/835/835 884/884/884 883/883/883
f 836/836/836 837/837/837 885/885/885
f 836/836/836 885/885/885 884/884/884
f 837/837/837 838/838/838 886/886/886
f 837/837/837 886/886/886 885/885/885
f 838/838/838 839/839/839 887/887/887
f 838/838/838 887/887/887 886/886/886
f 839/839/839 840/840/840 888/888/888
f 839/839/839 888/888/888 887/887/887
f 840/840/840 841/841/841 889/889/889
f 840/840/840 889/889/889 888/888/888
f 841/841/841 842/842/842 890/890/890
f 841/841/841 890/890/890 889/889/889
f 842/842/842 843/843/843 891/891/891
f 842/842/842 891/891/891 890/890/890
f 843/843/843 844/844/844 892/892/892
f 843/843/843 892/892/892 891/891/891
f 844/844/844 845/845/845 893/893/893
f 844/844/844 893/893/893 892/892/892
f 845/845/845 846/846/846 894/894/894
f 845/845/845 894/894/894 893/893/893
f 846/846/846 847/847/847 895/895/895
f 846/846/846 895/895/895 894/894/894
f 847/847/847 848/848/848 896/896/896
f 847/847/847 896/896/896 895/895/895
f 848/848/848 849/849/849 897/897/897
f 848/848/848 897/897/897 896/896/896
f 849/849/849 850/850/850 898/898/898
f 849/849/849 898/898/898 897/897/897
f 850/850/850 851/851/851 899/899/899
f 850/850/850 899/899/899 898/898/898
f 851/851/851 852/852/852 900/900/900
f 851/851/851 900/900/900 899/899/899
f 852/852/852 853/853/853 901/901/901
f 852/852/852 901/901/901 900/900/900
f 853/853/853 854/854/854 902/902/902
f 853/853/853 902/902/902 901/901/901
f 854/854/854 855/855/855 903/903/903
f 854/854/854 903/903/903 902/902/902
f 855/855/855 856/856/856 904/904/904
f 855/855/855 904/904/904 903/903/903
f 856/856/856 857/857/857 905/905/905
f 856/856/856 905/905/905 904/904/904
f 857/857/857 858/858/858 906/906/906
f 857/857/857 906/906/906 905/905/905
f 858/858/858 859/859/859 907/907/907
f 858/858/858 907/907/907 906/906/906
f 859/859/859 860/860/860 908/908/908
f 859/859/859 908/908/908 907/907/907
f 860/860/860 861/861/861 909/909/909
f 860/860/860 909/909/909 908/908/908
f 861/861/861 862/862/862 910/910/910
f 861/861/861 910/910/910 909/909/909
f 862/862/862 863/863/863 911/911/911
f 862/862/862 911/911/911 910/910/910
f 863/863/863 864/864/864 912/912/912
f 863/863/863 912/912/912 911/911/911
f 864/864/864 817/817/817 865/865/865
f 864/864/864 865/865/865 912/912/912
f 865/865/865 866/866/866 914/914/914
f 865/865/865 914/914/914 913/913/913
f 866/866/866 867/867/867 915/915/915
f 866/866/866 915/915/915 914/914/914
f 867/867/867 868/868/868 916/916/916
f 867/867/867 916/916/916 915/915/915
f 868/868/868 869/869/869 917/917/917
f 868/868/868 917/917/917 916/916/916
f 869/869/869 870/870/870 918/918/918
f 869/869/869 918/918/918 917/917/917
f 870/870/870 871/871/871 919/919/919
f 870/870/870 919/919/919 918/918/918
f 871/871/871 872/872/872 920/920/920
f 871/871/871 920/920/920 919/919/919
f 872/872/872 873/873/873 921/921/921
f 872/872/872 921/921/921 920/920/920
f 873/873/873 874/874/874 922/922/922
f 873/873/873 922/922/922 921/921/921
f 874/874/874 875/875/875 923/923/923
f 874/874/874 923/923/923 922/922/922
f 875/875/875 876/876/876 924/924/924
f 875/875/875 924/924/924 923/923/923
f 876/876/876 877/877/877 925/925/925
f 876/876/876 925/925/925 924/924/924
f 877/877/877 878/878/878 926/926/926
f 877/877/877 926/926/926 925/925/925
f 878/878/878 879/879/879 927/927/927
f 878/878/878 927/927/927 926/926/926
f 879/879/879 880/880/880 928/928/928
f 879/879/879 928/928/928 927/927/927
f 880/880/880 881/881/881 929/929/929
f 880/880/880 929/929/929 928/928/928
f 881/881/881 882/882/882 930/930/930
f 881/881/881 930/930/930 929/929/929
f 882/882/882 883/883/883 931/931/931
f 882/882/882 931/931/931 930/930/930
f 883/883/883 884/884/884 932/932/932
f 883/883/883 932/932/932 931/931/931
f 884/884/884 885/885/885 933/933/933
f 884/884/884 933/933/933 932/932/932
f 885/885/885 886/886/886 934/934/934
f 885/885/885 934/934/934 933/933/933
f 886/886/886 887/887/887 935/935/935
f 886/886/886 935/935/935 934/934/934
f 887/887/887 888/888/888 936/936/936
f 887/887/887 936/936/936 935/935/935
f 888/888/888 889/889/889 937/937/937
f 888/888/888 937/937/937 936/936/936
f 889/889/889 890/890/890 938/938/938
f 889/889/889 938/938/938 937/937/937
f 890/890/890 891/891/891 939/939/939
f 890/890/890 939/939/939 938/938/938
f 891/891/891 892/892/892 940/940/940
f 891/891/891 940/940/940 939/939/939
f 892/892/892 893/893/893 941/941/941
f 892/892/892 941/941/941 940/940/940
f 893/893/893 894/894/894 942/942/942
f 893/893/893 942/942/942 941/941/941
f 894/894/894 895/895/895 943/943/943
f 894/894/894 943/943/943 942/942/942
f 895/895/895 896/896/896 944/944/944
f 895/895/895 944/944/944 943/943/943
f 896/896/896 897/897/897 945/945/945
f 896/896/896 945/945/945 944/944/944
f 897/897/897 898/898/898 946/946/946
f 897/897/897 946/946/946 945/945/945
f 898/898/898 899/899/899 947/947/947
f 898/898/898 947/947/947 946/946/946
f 899/899/899 900/900/900 948/948/948
f 899/899/899 948/948/948 947/947/947
f 900/900/900 901/901/901 949/949/949
f 900/900/900 949/949/949 948/948/948
f 901/901/901 902/902/902 950/950/950
f 901/901/901 950/950/950 949/949/949
f 902/902/902 903/903/903 951/951/951
f 902/902/902 951/951/951 950/950/950
f 903/903/903 904/904/904 952/952/952
f 903/903/903 952/952/952 951/951/951
f 904/904/904 905/905/905 953/953/953
f 904/904/904 953/953/953 952/952/952
f 905/905/905 906/906/906 954/954/954
f 905/905/905 954/954/954 953/953/953
f 906/906/906 907/907/907 955/955/955
f 906/906/906 955/955/955 954/954/954
f 907/907/907 908/908/908 956/956/956
f 907/907/907 956/956/956 955/955/955
f 908/908/908 909/909/909 957/957/957
f 908/908/908 957/957/957 956/956/956
f 909/909/909 910/910/910 958/958/958
f 909/909/909 958/958/958 957/957/957
f 910/910/910 911/911/911 959/959/959
f 910/910/910 959/959/959 958/958/958
f 911/911/911 912/912/912 960/960/960
f 911/911/911 960/960/960 959/959/959
f 912/912/912 865/865/865 913/913/913
f 912/912/912 913/913/913 960/960/960
f 913/913/913 914/914/914 962/962/962
f 913/913/913 962/962/962 961/961/961
f 914/914/914 915/915/915 963/963/963
f 914/914/914 963/963/963 962/962/962
f 915/915/915 916/916/916 964/964/964
f 915/915/915 964/964/964 963/963/963
f 916/916/916 917/917/917 965/965/965
f 916/916/916 965/965/965 964/964/964
f 917/917/917 918/918/918 966/966/966
f 917/917/917 966/966/966 965/965/965
f 918/918/918 919/919/919 967/967/967
f 918/918/918 967/967/967 966/966/966
f 919/919/919 920/920/920 968/968/968
f 919/919/919 968/968/968 967/967/967
f 920/920/920 921/921/921 969/969/969
f 920/920/920 969/969/969 968/968/968
f 921/921/921 922/922/922 970/970/970
f 921/921/921 970/970/970 969/969/969
f 922/922/922 923/923/923 971/971/971
f 922/922/922 971/971/971 970/970/970
f 923/923/923 924/924/924 972/972/972
f 923/923/923 972/972/972 971/971/971
f 924/924/924 925/925/925 973/973/973
f 924/924/924 973/973/973 972/972/972
f 925/925/925 926/926/926 974/974/974
f 925/925/925 974/974/974 973/973/973
f 926/926/926 927/927/927 975/975/975
f 926/926/926 975/975/975 974/974/974
f 927/927/927 928/928/928 976/976/976
f 927/927/927 976/976/976 975/975/975
f 928/928/928 929/929/929 977/977/977
f 928/928/928 977/977/977 976/976/976
f 929/929/929 930/930/930 978/978/978
f 929/929/929 978/978/978 977/977/977
f 930/930/930 931/931/931 979/979/979
f 930/930/930 979/979/979 978/978/978
f 931/931/931 932/932/932 980/980/980
f 931/931/931 980/980/980 979/979/979
f 932/932/932 933/933/933 981/981/981
f 932/932/932 981/981/981 980/980/980
f 933/933/933 934/934/934 982/982/982
f 933/933/933 982/982/982 981/981/981
f 934/934/934 935/935/935 983/983/983
f 934/934/934 983/983/983 982/982/982
f 935/935/935 936/936/936 984/984/984
f 935/935/935 984/984/984 983/983/983
f 936/936/936 937/937/937 985/985/985
f 936/936/936 985/985/985 984/984/984
f 937/937/937 938/938/938 986/986/986
f 937/937/937 986/986/986 985/985/985
f 938/938/938 939/939/939 987/987/987
f 938/938/938 987/987/987 986/986/986
f 939/939/939 940/940/940 988/988/988
f 939/939/939 988/988/988 987/987/987
f 940/940/940 941/941/941 989/989/989
f 940/940/940 989/989/989 988/988/988
f 941/941/941 942/942/942 990/990/990
f 941/941/941 990/990/990 989/989/989
f 942/942/942 943/943/943 991/991/991
f 942/942/942 991/991/991 990/990/990
f 943/943/943 944/944/944 992/992/992
f 943/943/943 992/992/992 991/991/991
f 944/944/944 945/945/945 993/993/993
f 944/944/944 993/993/993 992/992/992
f 945/945/945 946/946/946 994/994/994
f 945/945/945 994/994/994 993/993/993
f 946/946/946 947/947/947 995/995/995
f 946/946/946 995/995/995 994/994/994
f 947/947/947 948/948/948 996/996/996
f 947/947/947 996/996/996 995/995/995
f 948/948/948 949/949/949 997/997/997
f 948/948/948 997/997/997 996/996/996
f 949/949/949 950/950/950 998/998/998
f 949/949/949 998/998/998 997/997/997
f 950/950/950 951/951/951 999/999/999
f 950/950/950 999/999/999 998/998/998
f 951/951/951 952/952/952 1000/1000/1000
f 951/951/951 1000/1000/1000 999/999/999
f 952/952/952 953/953/953 1001/1001/1001
f 952/952/952 1001/1001/1001 1000/1000/1000
f 953/953/953 954/954/954 1002/1002/1002
f 953/953/953 1002/1002/1002 1001/1001/1001
f 954/954/954 955/955/955 1003/1003/1003
f 954/954/954 1003/1003/1003 1002/1002/1002
f 955/955/955 956/956/956 1004/1004/1004
f 955/955/955 1004/1004/1004 1003/1003/1003
f 956/956/956 957/957/957 1005/1005/1005
f 956/956/956 1005/1005/1005 1004/1004/1004
f 957/957/957 958/958/958 1006/1006/1006
f 957/957/957 1006/1006/1006 1005/1005/1005
f 958/958/958 959/959/959 1007/1007/1007
f 958/958/958 1007/1007/1007 1006/1006/1006
f 959/959/959 960/960/960 1008/1008/1008
f 959/959/959 1008/1008/1008 1007/1007/1007
f 960/960/960 913/913/913 961/961/961
f 960/960/960 961/961/961 1008/1008/1008
f 961/961/961 962/962/962 1010/1010/1010
f 961/961/961 1010/1010/1010 1009/1009/1009
f 962/962/962 963/963/963 1011/1011/1011
f 962/962/962 1011/1011/1011 1010/1010/1010
f 963/963/963 964/964/964 1012/1012/1012
f 963/963/963 1012/1012/1012 1011/1011/1011
f 964/964/964 965/965/965 1013/1013/1013
f 964/964/964 1013/1013/1013 1012/1012/1012
f 965/965/965 966/966/966 1014/1014/1014
f 965/965/965 1014/1014/1014 1013/1013/1013
f 966/966/966 967/967/967 1015/1015/1015
f 966/966/966 1015/1015/1015 1014/1014/1014
f 967/967/967 968/968/968 1016/1016/1016
f 967/967/967 1016/1016/1016 1015/1015/1015
f 968/968/968 969/969/969 1017/1017/1017
f 968/968/968 1017/1017/1017 1016/1016/1016
f 969/969/969 970/970/970 1018/1018/1018
f 969/969/969 1018/1018/1018 1017/1017/1017
f 970/970/970 971/971/971 1019/1019/1019
f 970/970/970 1019/1019/1019 1018/1018/1018
f 971/971/971 972/972/972 1020/1020/1020
f 971/971/971 1020/1020/1020 1019/1019/1019
f 972/972/972 973/973/973 1021/1021/1021
f 972/972/972 1021/1021/1021 1020/1020/1020
f 973/973/973 974/974/974 1022/1022/1022
f 973/973/973 1022/1022/1022 1021/1021/1021
f 974/974/974 975/975/975 1023/1023/1023
f 974/974/974 1023/1023/1023 1022/1022/1022
f 975/975/975 976/976/976 1024/1024/1024
f 975/975/975 1024/1024/1024 1023/1023/1023
f 976/976/976 977/977/977 1025/1025/1025
f 976/976/976 1025/1025/1025 1024/1024/1024
f 977/977/977 978/978/978 1026/1026/1026
f 977/977/977 1026/1026/1026 1025/1025/1025
f 978/978/978 979/979/979 1027/1027/1027
f 978/978/978 1027/1027/1027 1026/1026/1026
f 979/979/979 980/980/980 1028/1028/1028
f 979/979/979 1028/1028/1028 1027/1027/1027
f 980/980/980 981/981/981 1029/1029/1029
f 980/980/980 1029/1029/1029 1028/1028/1028
f 981/981/981 982/982/982 1030/1030/1030
f 981/981/981 1030/1030/1030 1029/1029/1029
f 982/982/982 983/983/983 1031/1031/1031
f 982/982/982 1031/1031/1031 1030/1030/1030
f 983/983/983 984/984/984 1032/1032/1032
f 983/983/983 1032/1032/1032 1031/1031/1031
f 984/984/984 985/985/985 1033/1033/1033
f 984/984/984 1033/1033/1033 1032/1032/1032
f 985/985/985 986/986/986 1034/1034/1034
f 985/985/985 1034/1034/1034 1033/1033/1033
f 986/986/986 987/987/987 1035/1035/1035
f 986/986/986 1035/1035/1035 1034/1034/1034
f 987/987/987 988/988/988 1036/1036/1036
f 987/987/987 1036/1036/1036 1035/1035/1035
f 988/988/988 989/989/989 1037/1037/1037
f 988/988/988 1037/1037/1037 1036/1036/1036
f 989/989/989 990/990/990 1038/1038/1038
f 989/989/989 1038/1038/1038 1037/1037/1037
f 990/990/990 991/991/991 1039/1039/1039
f 990/990/990 1039/1039/1039 1038/1038/1038
f 991/991/991 992/992/992 1040/1040/1040
f 991/991/991 1040/1040/1040 1039/1039/1039
f 992/992/992 993/993/993 1041/1041/1041
f 992/992/992 1041/1041/1041 1040/1040/1040
f 993/993/993 994/994/994 1042/1042/1042
f 993/993/993 1042/1042/1042 1041/1041/1041
f 994/994/994 995/995/995 1043/1043/1043
f 994/994/994 1043/1043/1043 1042/1042/1042
f 995/995/995 996/996/996 1044/1044/1044
f 995/995/995 1044/1044/1044 1043/1043/1043
f 996/996/996 997/997/997 1045/1045/1045
f 996/996/996 1045/1045/1045 1044/1044/1044
f 997/997/997 998/998/998 1046/1046/1046
f 997/997/997 1046/1046/1046 1045/1045/1045
f 998/998/998 999/999/999 1047/1047/1047
f 998/998/998 1047/1047/1047 1046/1046/1046
f 999/999/999 1000/1000/1000 1048/1048/1048
f 999/999/999 1048/1048/1048 1047/1047/1047
f 1000/1000/1000 1001/1001/1001 1049/1049/1049
f 1000/1000/1000 1049/1049/1049 1048/1048/1048
f 1001/1001/1001 1002/1002/1002 1050/1050/1050
f 1001/1001/1001 1050/1050/1050 1049/1049/1049
f 1002/1002/1002 1003/1003/1003 1051/1051/1051
f 1002/1002/1002 1051/1051/1051 1050/1050/1050
f 1003/1003/1003 1004/1004/1004 1052/1052/1052
f 1003/1003/1003 1052/1052/1052 1051/1051/1051
f 1004/1004/1004 1005/1005/1005 1053/1053/1053
f 1004/1004/1004 1053/1053/1053 1052/1052/1052
f 1005/1005/1005 1006/1006/1006 1054/1054/1054
f 1005/1005/1005 1054/1054/1054 1053/1053/1053
f 1006/1006/1006 1007/1007/1007 1055/1055/1055
f 1006/1006/1006 1055/1055/1055 1054/1054/1054
f 1007/1007/1007 1008/1008/1008 1056/1056/1056
f 1007/1007/1007 1056/1056/1056 1055/1055/1055
f 1008/1008/1008 961/961/961 1009/1009/1009
f 1008/1008/1008 1009/1009/1009 1056/1056/1056
f 1009/1009/1009 1010/1010/1010 1058/1058/1058
f 1009/1009/1009 1058/1058/1058 1057/1057/1057
f 1010/1010/1010 1011/1011/1011 1059/1059/1059
f 1010/1010/1010 1059/1059/1059 1058/1058/1058
f 1011/1011/1011 1012/1012/1012 1060/1060/1060
f 1011/1011/1011 1060/1060/1060 1059/1059/1059
f 1012/1012/1012 1013/1013/1013 1061/1061/1061
f 1012/1012/1012 1061/1061/1061 1060/1060/1060
f 1013/1013/1013 1014/1014/1014 1062/1062/1062
f 1013/1013/1013 1062/1062/1062 1061/1061/1061
f 1014/1014/1014 1015/1015/1015 1063/1063/1063
f 1014/1014/1014 1063/1063/1063 1062/1062/1062
f 1015/1015/1015 1016/1016/1016 1064/1064/1064
f 1015/1015/1015 1064/1064/1064 1063/1063/1063
f 1016/1016/1016 1017/1017/1017 1065/1065/1065
f 1016/1016/1016 1065/1065/1065 1064/1064/1064
f 1017/1017/1017 1018/1018/1018 1066/1066/1066
f 1017/1017/1017 1066/1066/1066 1065/1065/1065
f 1018/1018/1018 1019/1019/1019 1067/1067/1067
f 1018/1018/1018 1067/1067/1067 1066/1066/1066
f 1019/1019/1019 1020/1020/1020 1068/1068/1068
f 1019/1019/1019 1068/1068/1068 1067/1067/1067
f 1020/1020/1020 1021/1021/1021 1069/1069/1069
f 1020/1020/1020 1069/1069/1069 1068/1068/1068
f 1021/1021/1021 1022/1022/1022 1070/1070/1070
f 1021/1021/1021 1070/1070/1070 1069/1069/1069
f 1022/1022/1022 1023/1023/1023 1071/1071/1071
f 1022/1022/1022 1071/1071/1071 1070/1070/1070
f 1023/1023/1023 1024/1024/1024 1072/1072/1072
f 1023/1023/1023 1072/1072/1072 1071/1071/1071
f 1024/1024/1024 1025/1025/1025 1073/1073/1073
f 1024/1024/1024 1073/1073/1073 1072/1072/1072
f 1025/1025/1025 1026/1026/1026 1074/1074/1074
f 1025/1025/1025 1074/1074/1074 1073/1073/1073
f 1026/1026/1026 1027/1027/1027 1075/1075/1075
f 1026/1026/1026 1075/1075/1075 1074/1074/1074
f 1027/1027/1027 1028/1028/1028 1076/1076/1076
f 1027/1027/1027 1076/1076/1076 1075/1075/1075
f 1028/1028/1028 1029/1029/1029 1077/1077/1077
f 1028/1028/1028 1077/1077/1077 1076/1076/1076
f 1029/1029/1029 1030/1030/1030 1078/1078/1078
f 1029/1029/1029 1078/1078/1078 1077/1077/1077
f 1030/1030/1030 1031/1031/1031 1079/1079/1079
f 1030/1030/1030 1079/1079/1079 1078/1078/1078
f 1031/1031/1031 1032/1032/1032 1080/1080/1080
f 1031/1031/1031 1080/1080/1080 1079/1079/1079
f 1032/1032/1032 1033/1033/1033 1081/1081/1081
f 1032/1032/1032 1081/1081/1081 1080/1080/1080
f 1033/1033/1033 1034/1034/1034 1082/1082/1082
f 1033/1033/1033 1082/1082/1082 1081/1081/1081
f 1034/1034/1034 1035/1035/1035 1083/1083/1083
f 1034/1034/1034 1083/1083/1083 1082/1082/1082
f 1035/1035/1035 1036/1036/1036 1084/1084/1084
f 1035/1035/1035 1084/1084/1084 1083/1083/1083
f 1036/1036/1036 1037/1037/1037 1085/1085/1085
f 1036/1036/1036 1085/1085/1085 1084/1084/1084
f 1037/1037/1037 1038/1038/1038 1086/1086/1086
f 1037/1037/1037 1086/1086/1086 1085/1085/1085
f 1038/1038/1038 1039/1039/1039 1087/1087/1087
f 1038/1038/1038 1087/1087/1087 1086/1086/1086
f 1039/1039/1039 1040/1040/1040 1088/1088/1088
f 1039/1039/1039 1088/1088/1088 1087/1087/1087
f 1040/1040/1040 1041/1041/1041 1089/1089/1089
f 1040/1040/1040 1089/1089/1089 1088/1088/1088
f 1041/1041/1041 1042/1042/1042 1090/1090/1090
f 1041/1041/1041 1090/1090/1090 1089/1089/1089
f 1042/1042/1042 1043/1043/1043 1091/1091/1091
f 1042/1042/1042 1091/1091/1091 1090/1090/1090
f 1043/1043/1043 1044/1044/1044 1092/1092/1092
f 1043/1043/1043 1092/1092/1092 1091/1091/1091
f 1044/1044/1044 1045/1045/1045 1093/1093/1093
f 1044/1044/1044 1093/1093/1093 1092/1092/1092
f 1045/1045/1045 1046/1046/1046 1094/1094/1094
f 1045/1045/1045 1094/1094/1094 1093/1093/1093
f 1046/1046/1046 1047/1047/1047 1095/1095/1095
f 1046/1046/1046 1095/1095/1095 1094/1094/1094
f 1047/1047/1047 1048/1048/1048 1096/1096/1096
f 1047/1047/1047 1096/1096/1096 1095/1095/1095
f 1048/1048/1048 1049/1049/1049 1097/1097/1097
f 1048/1048/1048 1097/1097/1097 1096/1096/1096
f 1049/1049/1049 1050/1050/1050 1098/1098/1098
f 1049/1049/1049 1098/1098/1098 1097/1097/1097
f 1050/1050/1050 1051/1051/1051 1099/1099/1099
f 1050/1050/1050 1099/1099/1099 1098/1098/1098
f 1051/1051/1051 1052/1052/1052 1100/1100/1100
f 1051/1051/1051 1100/1100/1100 1099/1099/1099
f 1052/1052/1052 1053/1053/1053 1101/1101/1101
f 1052/1052/1052 1101/1101/1101 1100/1100/1100
f 1053/1053/1053 1054/1054/1054 1102/1102/1102
f 1053/1053/1053 1102/1102/1102 1101/1101/1101
f 1054/1054/1054 1055/1055/1055 1103/1103/1103
f 1054/1054/1054 1103/1103/1103 1102/1102/1102
f 1055/1055/1055 1056/1056/1056 1104/1104/1104
f 1055/1055/1055 1104/1104/1104 1103/1103/1103
f 1056/1056/1056 1009/1009/1009 1057/1057/1057
f 1056/1056/1056 1057/1057/1057 1104/1104/1104
f 1057/1057/1057 1058/1058/1058 1106/1106/1106
f 1057/1057/1057 1106/1106/1106 1105/1105/1105
f 1058/1058/1058 1059/1059/1059 1107/1107/1107
f 1058/1058/1058 1107/1107/1107 1106/1106/1106
f 1059/1059/1059 1060/1060/1060 1108/1108/1108
f 1059/1059/1059 1108/1108/1108 1107/1107/1107
f 1060/1060/1060 1061/1061/1061 1109/1109/1109
f 1060/1060/1060 1109/1109/1109 1108/1108/1108
f 1061/1061/1061 1062/1062/1062 1110/1110/1110
f 1061/1061/1061 1110/1110/1110 1109/1109/1109
f 1062/1062/1062 1063/1063/1063 1111/1111/1111
f 1062/1062/1062 1111/1111/1111 1110/1110/1110
f 1063/1063/1063 1064/1064/1064 1112/1112/1112
f 1063/1063/1063 1112/1112/1112 1111/1111/1111
f 1064/1064/1064 1065/1065/1065 1113/1113/1113
f 1064/1064/1064 1113/1113/1113 1112/1112/1112
f 1065/1065/1065 1066/1066/1066 1114/1114/1114
f 1065/1065/1065 1114/1114/1114 1113/1113/1113
f 1066/1066/1066 1067/1067/1067 1115/1115/1115
f 1066/1066/1066 1115/1115/1115 1114/1114/1114
f 1067/1067/1067 1068/1068/1068 1116/1116/1116
f 1067/1067/1067 1116/1116/1116 1115/1115/1115
f 1068/1068/1068 1069/1069/1069 1117/1117/1117
f 1068/1068/1068 1117/1117/1117 1116/1116/1116
f 1069/1069/1069 1070/1070/1070 1118/1118/1118
f 1069/1069/1069 1118/1118/1118 1117/1117/1117
f 1070/1070/1070 1071/1071/1071 1119/1119/1119
f 1070/1070/1070 1119/1119/1119 1118/1118/1118
f 1071/1071/1071 1072/1072/1072 1120/1120/1120
f 1071/1071/1071 1120/1120/1120 1119/1119/1119
f 1072/1072/1072 1073/1073/1073 1121/1121/1121
f 1072/1072/1072 1121/1121/1121 1120/1120/1120
f 1073/1073/1073 1074/1074/1074 1122/1122/1122
f 1073/1073/1073 1122/1122/1122 1121/1121/1121
f 1074/1074/1074 1075/1075/1075 1123/1123/1123
f 1074/1074/1074 1123/1123/1123 1122/1122/1122
f 1075/1075/1075 1076/1076/1076 1124/1124/1124
f 1075/1075/1075 1124/1124/1124 1123/1123/1123
f 1076/1076/1076 1077/1077/1077 1125/1125/1125
f 1076/1076/1076 1125/1125/1125 1124/1124/1124
f 1077/1077/1077 1078/1078/1078 1126/1126/1126
f 1077/1077/1077 1126/1126/1126 1125/1125/1125
f 1078/1078/1078 1079/1079/1079 1127/1127/1127
f 1078/1078/1078 1127/1127/1127 1126/1126/1126
f 1079/1079/1079 1080/1080/1080 1128/1128/1128
f 1079/1079/1079 1128/1128/1128 1127/1127/1127
f 1080/1080/1080 1081/1081/1081 1129/1129/1129
f 1080/1080/1080 1129/1129/1129 1128/1128/1128
f 1081/1081/1081 1082/1082/1082 1130/1130/1130
f 1081/1081/1081 1130/1130/1130 1129/1129/1129
f 1082/1082/1082 1083/1083/1083 1131/1131/1131
f 1082/1082/1082 1131/1131/1131 1130/1130/1130
f 1083/1083/1083 1084/1084/1084 1132/1132/1132
f 1083/1083/1083 1132/1132/1132 1131/1131/1131
f 1084/1084/1084 1085/1085/1085 1133/1133/1133
f 1084/1084/1084 1133/1133/1133 1132/1132/1132
f 1085/1085/1085 1086/1086/1086 1134/1134/1134
f 1085/1085/1085 1134/1134/1134 1133/1133/1133
f 1086/1086/1086 1087/1087/1087 1135/1135/1135
f 1086/1086/1086 1135/1135/1135 1134/1134/1134
f 1087/1087/1087 1088/1088/1088 1136/1136/1136
f 1087/1087/1087 1136/1136/1136 1135/1135/1135
f 1088/1088/1088 1089/1089/1089 1137/1137/1137
f 1088/1088/1088 1137/1137/1137 1136/1136/1136
f 1089/1089/1089 1090/1090/1090 1138/1138/1138
f 1089/1089/1089 1138/1138/1138 1137/1137/1137
f 1090/1090/1090 1091/1091/1091 1139/1139/1139
f 1090/1090/1090 1139/1139/1139 1138/1138/1138
f 1091/1091/1091 1092/1092/1092 1140/1140/1140
f 1091/1091/1091 1140/1140/1140 1139/1139/1139
f 1092/1092/1092 1093/1093/1093 1141/1141/1141
f 1092/1092/1092 1141/1141/1141 1140/1140/1140
f 1093/1093/1093 1094/1094/1094 1142/1142/1142
f 1093/1093/1093 1142/1142/1142 1141/1141/1141
f 1094/1094/1094 1095/1095/1095 1143/1143/1143
f 1094/1094/1094 1143/1143/1143 1142/1142/1142
f 1095/1095/1095 1096/1096/1096 1144/1144/1144
f 1095/1095/1095 1144/1144/1144 1143/1143/1143
f 1096/1096/1096 1097/1097/1097 1145/1145/1145
f 1096/1096/1096 1145/1145/1145 1144/1144/1144
f 1097/1097/1097 1098/1098/1098 1146/1146/1146
f 1097/1097/1097 1146/1146/1146 1145/1145/1145
f 1098/1098/1098 1099/1099/1099 1147/1147/1147
f 1098/1098/1098 1147/1147/1147 1146/1146/1146
f 1099/1099/1099 1100/1100/1100 1148/1148/1148
f 1099/1099/1099 1148/1148/1148 1147/1147/1147
f 1100/1100/1100 1101/1101/1101 1149/1149/1149
f 1100/1100/1100 1149/1149/1149 1148/1148/1148
f 1101/1101/1101 1102/1102/1102 1150/1150/1150
f 1101/1101/1101 1150/1150/1150 1149/1149/1149
f 1102/1102/1102 1103/1103/1103 1151/1151/1151
f 1102/1102/1102 1151/1151/1151 1150/1150/1150
f 1103/1103/1103 1104/1104/1104 1152/1152/1152
f 1103/1103/1103 1152/1152/1152 1151/1151/1151
f 1104/1104/1104 1057/1057/1057 1105/1105/1105
f 1104/1104/1104 1105/1105/1105 1152/1152/1152
f 1105/1105/1105 1106/1106/1106 1154/1154/1154
f 1105/1105/1105 1154/1154/1154 1153/1153/1153
f 1106/1106/1106 1107/1107/1107 1155/1155/1155
f 1106/1106/1106 1155/1155/1155 1154/1154/1154
f 1107/1107/1107 1108/1108/1108 1156/1156/1156
f 1107/1107/1107 1156/1156/1156 1155/1155/1155
f 1108/1108/1108 1109/1109/1109 1157/1157/1157
f 1108/1108/1108 1157/1157/1157 1156/1156/1156
f 1109/1109/1109 1110/1110/1110 1158/1158/1158
f 1109/1109/1109 1158/1158/1158 1157/1157/1157
f 1110/1110/1110 1111/1111/1111 1159/1159/1159
f 1110/1110/1110 1159/1159/1159 1158/1158/1158
f 1111/1111/1111 1112/1112/1112 1160/1160/1160
f 1111/1111/1111 1160/1160/1160 1159/1159/1159
f 1112/1112/1112 1113/1113/1113 1161/1161/1161
f 1112/1112/1112 1161/1161/1161 1160/1160/1160
f 1113/1113/1113 1114/1114/1114 1162/1162/1162
f 1113/1113/1113 1162/1162/1162 1161/1161/1161
f 1114/1114/1114 1115/1115/1115 1163/1163/1163
f 1114/1114/1114 1163/1163/1163 1162/1162/1162
f 1115/1115/1115 1116/1116/1116 1164/1164/1164
f 1115/1115/1115 1164/1164/1164 1163/1163/1163
f 1116/1116/1116 1117/1117/1117 1165/1165/1165
f 1116/1116/1116 1165/1165/1165 1164/1164/1164
f 1117/1117/1117 1118/1118/1118 1166/1166/1166
f 1117/1117/1117 1166/1166/1166 1165/1165/1165
f 1118/1118/1118 1119/1119/1119 1167/1167/1167
f 1118/1118/1118 1167/1167/1167 1166/1166/1166
f 1119/1119/1119 1120/1120/1120 1168/1168/1168
f 1119/1119/1119 1168/1168/1168 1167/1167/1167
f 1120/1120/1120 1121/1121/1121 1169/1169/1169
f 1120/1120/1120 1169/1169/1169 1168/1168/1168
f 1121/1121/1121 1122/1122/1122 1170/1170/1170
f 1121/1121/1121 1170/1170/1170 1169/1169/1169
f 1122/1122/1122 1123/1123/1123 1171/1171/1171
f 1122/1122/1122 1171/1171/1171 1170/1170/1170
f 1123/1123/1123 1124/1124/1124 1172/1172/1172
f 1123/1123/1123 1172/1172/1172 1171/1171/1171
f 1124/1124/1124 1125/1125/1125 1173/1173/1173
f 1124/1124/1124 1173/1173/1173 1172/1172/1172
f 1125/1125/1125 1126/1126/1126 1174/1174/1174
f 1125/1125/1125 1174/1174/1174 1173/1173/1173
f 1126/1126/1126 1127/1127/1127 1175/1175/1175
f 1126/1126/1126 1175/1175/1175 1174/1174/1174
f 1127/1127/1127 1128/1128/1128 1176/1176/1176
f 1127/1127/1127 1176/1176/1176 1175/1175/1175
f 1128/1128/1128 1129/1129/1129 1177/1177/1177
f 1128/1128/1128 1177/1177/1177 1176/1176/1176
f 1129/1129/1129 1130/1130/1130 1178/1178/1178
f 1129/1129/1129 1178/1178/1178 1177/1177/1177
f 1130/1130/1130 1131/1131/1131 1179/1179/1179
f 1130/1130/1130 1179/1179/1179 1178/1178/1178
f 1131/1131/1131 1132/1132/1132 1180/1180/1180
f 1131/1131/1131 1180/1180/1180 1179/1179/1179
f 1132/1132/1132 1133/1133/1133 1181/1181/1181
f 1132/1132/1132 1181/1181/1181 1180/1180/1180
f 1133/1133/1133 1134/1134/1134 1182/1182/1182
f 1133/1133/1133 1182/1182/1182 1181/1181/1181
f 1134/1134/1134 1135/1135/1135 1183/1183/1183
f 1134/1134/1134 1183/1183/1183 1182/1182/1182
f 1135/1135/1135 1136/1136/1136 1184/1184/1184
f 1135/1135/1135 1184/1184/1184 1183/1183/1183
f 1136/1136/1136 1137/1137/1137 1185/1185/1185
f 1136/1136/1136 1185/1185/1185 1184/1184/1184
f 1137/1137/1137 1138/1138/1138 1186/1186/1186
f 1137/1137/1137 1186/1186/1186 1185/1185/1185
f 1138/1138/1138 1139/1139/1139 1187/1187/1187
f 1138/1138/1138 1187/1187/1187 1186/1186/1186
f 1139/1139/1139 1140/1140/1140 1188/1188/1188
f 1139/1139/1139 1188/1188/1188 1187/1187/1187
f 1140/1140/1140 1141/1141/1141 1189/1189/1189
f 1140/1140/1140 1189/1189/1189 1188/1188/1188
f 1141/1141/1141 1142/1142/1142 1190/1190/1190
f 1141/1141/1141 1190/1190/1190 1189/1189/1189
f 1142/1142/1142 1143/1143/1143 1191/1191/1191
f 1142/1142/1142 1191/1191/1191 1190/1190/1190
f 1143/1143/1143 1144/1144/1144 1192/1192/1192
f 1143/1143/1143 1192/1192/1192 1191/1191/1191
f 1144/1144/1144 1145/1145/1145 1193/1193/1193
f 1144/1144/1144 1193/1193/1193 1192/1192/1192
f 1145/1145/1145 1146/1146/1146 1194/1194/1194
f 1145/1145/1145 1194/1194/1194 1193/1193/1193
f 1146/1146/1146 1147/1147/1147 1195/1195/1195
f 1146/1146/1146 1195/1195/1195 1194/1194/1194
f 1147/1147/1147 1148/1148/1148 1196/1196/1196
f 1147/1147/1147 1196/1196/1196 1195/1195/1195
f 1148/1148/1148 1149/1149/1149 1197/1197/1197
f 1148/1148/1148 1197/1197/1197 1196/1196/1196
f 1149/1149/1149 1150/1150/1150 1198/1198/1198
f 1149/1149/1149 1198/1198/1198 1197/1197/1197
f 1150/1150/1150 1151/1151/1151 1199/1199/1199
f 1150/1150/1150 1199/1199/1199 1198/1198/1198
f 1151/1151/1151 1152/1152/1152 1200/1200/1200
f 1151/1151/1151 1200/1200/1200 1199/1199/1199
f 1152/1152/1152 1105/1105/1105 1153/1153/1153
f 1152/1152/1152 1153/1153/1153 1200/1200/1200
f 1153/1153/1153 1154/1154/1154 1202/1202/1202
f 1153/1153/1153 1202/1202/1202 1201/1201/1201
f 1154/1154/1154 1155/1155/1155 1203/1203/1203
f 1154/1154/1154 1203/1203/1203 1202/1202/1202
f 1155/1155/1155 1156/1156/1156 1204/1204/1204
f 1155/1155/1155 1204/1204/1204 1203/1203/1203
f 1156/1156/1156 1157/1157/1157 1205/1205/1205
f 1156/1156/1156 1205/1205/1205 1204/1204/1204
f 1157/1157/1157 1158/1158/1158 1206/1206/1206
f 1157/1157/1157 1206/1206/1206 1205/1205/1205
f 1158/1158/1158 1159/1159/1159 1207/1207/1207
f 1158/1158/1158 1207/1207/1207 1206/1206/1206
f 1159/1159/1159 1160/1160/1160 1208/1208/1208
f 1159/1159/1159 1208/1208/1208 1207/1207/1207
f 1160/1160/1160 1161/1161/1161 1209/1209/1209
f 1160/1160/1160 1209/1209/1209 1208/1208/1208
f 1161/1161/1161 1162/1162/1162 1210/1210/1210
f 1161/1161/1161 1210/1210/1210 1209/1209/1209
f 1162/1162/1162 1163/1163/1163 1211/1211/1211
f 1162/1162/1162 1211/1211/1211 1210/1210/1210
f 1163/1163/1163 1164/1164/1164 1212/1212/1212
f 1163/1163/1163 1212/1212/1212 1211/1211/1211
f 1164/1164/1164 1165/1165/1165 1213/1213/1213
f 1164/1164/1164 1213/1213/1213 1212/1212/1212
f 1165/1165/1165 1166/1166/1166 1214/1214/1214
f 1165/1165/1165 1214/1214/1214 1213/1213/1213
f 1166/1166/1166 1167/1167/1167 1215/1215/1215
f 1166/1166/1166 1215/1215/1215 1214/1214/1214
f 1167/1167/1167 1168/1168/1168 1216/1216/1216
f 1167/1167/1167 1216/1216/1216 1215/1215/1215
f 1168/1168/1168 1169/1169/1169 1217/1217/1217
f 1168/1168/1168 1217/1217/1217 1216/1216/1216
f 1169/1169/1169 1170/1170/1170 1218/1218/1218
f 1169/1169/1169 1218/1218/1218 1217/1217/1217
f 1170/1170/1170 1171/1171/1171 1219/1219/1219
f 1170/1170/1170 1219/1219/1219 1218/1218/1218
f 1171/1171/1171 1172/1172/1172 1220/1220/1220
f 1171/1171/1171 1220/1220/1220 1219/1219/1219
f 1172/1172/1172 1173/1173/1173 1221/1221/1221
f 1172/1172/1172 1221/1221/1221 1220/1220/1220
f 1173/1173/1173 1174/1174/1174 1222/1222/1222
f 1173/1173/1173 1222/1222/1222 1221/1221/1221
f 1174/1174/1174 1175/1175/1175 1223/1223/1223
f 1174/1174/1174 1223/1223/1223 1222/1222/1222
f 1175/1175/1175 1176/1176/1176 1224/1224/1224
f 1175/1175/1175 1224/1224/1224 1223/1223/1223
f 1176/1176/1176 1177/1177/1177 1225/1225/1225
f 1176/1176/1176 1225/1225/1225 1224/1224/1224
f 1177/1177/1177 1178/1178/1178 1226/1226/1226
f 1177/1177/1177 1226/1226/1226 1225/1225/1225
f 1178/1178/1178 1179/1179/1179 1227/1227/1227
f 1178/1178/1178 1227/1227/1227 1226/1226/1226
f 1179/1179/1179 1180/1180/1180 1228/1228/1228
f 1179/1179/1179 1228/1228/1228 1227/1227/1227
f 1180/1180/1180 1181/1181/1181 1229/1229/1229
f 1180/1180/1180 1229/1229/1229 1228/1228/1228
f 1181/1181/1181 1182/1182/1182 1230/1230/1230
f 1181/1181/1181 1230/1230/1230 1229/1229/1229
f 1182/1182/1182 1183/1183/1183 1231/1231/1231
f 1182/1182/1182 1231/1231/1231 1230/1230/1230
f 1183/1183/1183 1184/1184/1184 1232/1232/1232
f 1183/1183/1183 1232/1232/1232 1231/1231/1231
f 1184/1184/1184 1185/1185/1185 1233/1233/1233
f 1184/1184/1184 1233/1233/1233 1232/1232/1232
f 1185/1185/1185 1186/1186/1186 1234/1234/1234
f 1185/1185/1185 1234/1234/1234 1233/1233/1233
f 1186/1186/1186 1187/1187/1187 1235/1235/1235
f 1186/1186/1186 1235/1235/1235 1234/1234/1234
f 1187/1187/1187 1188/1188/1188 1236/1236/1236
f 1187/1187/1187 1236/1236/1236 1235/1235/1235
f 1188/1188/1188 1189/1189/1189 1237/1237/1237
f 1188/1188/1188 1237/1237/1237 1236/1236/1236
f 1189/1189/1189 1190/1190/1190 1238/1238/1238
f 1189/1189/1189 1238/1238/1238 1237/1237/1237
f 1190/1190/1190 1191/1191/1191 1239/1239/1239
f 1190/1190/1190 1239/1239/1239 1238/1238/1238
f 1191/1191/1191 1192/1192/1192 1240/1240/1240
f 1191/1191/1191 1240/1240/1240 1239/1239/1239
f 1192/1192/1192 1193/1193/1193 1241/1241/1241
f 1192/1192/1192 1241/1241/1241 1240/1240/1240
f 1193/1193/1193 1194/1194/1194 1242/1242/1242
f 1193/1193/1193 1242/1242/1242 1241/1241/1241
f 1194/1194/1194 1195/1195/1195 1243/1243/1243
f 1194/1194/1194 1243/1243/1243 1242/1242/1242
f 1195/1195/1195 1196/1196/1196 1244/1244/1244
f 1195/1195/1195 1244/1244/1244 1243/1243/1243
f 1196/1196/1196 1197/1197/1197 1245/1245/1245
f 1196/1196/1196 1245/1245/1245 1244/1244/1244
f 1197/1197/1197 1198/1198/1198 1246/1246/1246
f 1197/1197/1197 1246/1246/1246 1245/1245/1245
f 1198/1198/1198 1199/1199/1199 1247/1247/1247
f 1198/1198/1198 1247/1247/1247 1246/1246/1246
f 1199/1199/1199 1200/1200/1200 1248/1248/1248
f 1199/1199/1199 1248/1248/1248 1247/1247/1247
f 1200/1200/1200 1153/1153/1153 1201/1201/1201
f 1200/1200/1200 1201/1201/1201 1248/1248/1248
f 1201/1201/1201 1202/1202/1202 1250/1250/1250
f 1201/1201/1201 1250/1250/1250 1249/1249/1249
f 1202/1202/1202 1203/1203/1203 1251/1251/1251
f 1202/1202/1202 1251/1251/1251 1250/1250/1250
f 1203/1203/1203 1204/1204/1204 1252/1252/1252
f 1203/1203/1203 1252/1252/1252 1251/1251/1251
f 1204/1204/1204 1205/1205/1205 1253/1253/1253
f 1204/1204/1204 1253/1253/1253 1252/1252/1252
f 1205/1205/1205 1206/1206/1206 1254/1254/1254
f 1205/1205/1205 1254/1254/1254 1253/1253/1253
f 1206/1206/1206 1207/1207/1207 1255/1255/1255
f 1206/1206/1206 1255/1255/1255 1254/1254/1254
f 1207/1207/1207 1208/1208/1208 1256/1256/1256
f 1207/1207/1207 1256/1256/1256 1255/1255/1255
f 1208/1208/1208 1209/1209/1209 1257/1257/1257
f 1208/1208/1208 1257/1257/1257 1256/1256/1256
f 1209/1209/1209 1210/1210/1210 1258/1258/1258
f 1209/1209/1209 1258/1258/1258 1257/1257/1257
f 1210/1210/1210 1211/1211/1211 1259/1259/1259
f 1210/1210/1210 1259/1259/1259 1258/1258/1258
f 1211/1211/1211 1212/1212/1212 1260/1260/1260
f 1211/1211/1211 1260/1260/1260 1259/1259/1259
f 1212/1212/1212 1213/1213/1213 1261/1261/1261
f 1212/1212/1212 1261/1261/1261 1260/1260/1260
f 1213/1213/1213 1214/1214/1214 1262/1262/1262
f 1213/1213/1213 1262/1262/1262 1261/1261/1261
f 1214/1214/1214 1215/1215/1215 1263/1263/1263
f 1214/1214/1214 1263/1263/1263 1262/1262/1262
f 1215/1215/1215 1216/1216/1216 1264/1264/1264
f 1215/1215/1215 1264/1264/1264 1263/1263/1263
f 1216/1216/1216 1217/1217/1217 1265/1265/1265
f 1216/1216/1216 1265/1265/1265 1264/1264/1264
f 1217/1217/1217 1218/1218/1218 1266/1266/1266
f 1217/1217/1217 1266/1266/1266 1265/1265/1265
f 1218/1218/1218 1219/1219/1219 1267/1267/1267
f 1218/1218/1218 1267/1267/1267 1266/1266/1266
f 1219/1219/1219 1220/1220/1220 1268/1268/1268
f 1219/1219/1219 1268/1268/1268 1267/1267/1267
f 1220/1220/1220 1221/1221/1221 1269/1269/1269
f 1220/1220/1220 1269/1269/1269 1268/1268/1268
f 1221/1221/1221 1222/1222/1222 1270/1270/1270
f 1221/1221/1221 1270/1270/1270 1269/1269/1269
f 1222/1222/1222 1223/1223/1223 1271/1271/1271
f 1222/1222/1222 1271/1271/1271 1270/1270/1270
f 1223/1223/1223 1224/1224/1224 1272/1272/1272
f 1223/1223/1223 1272/1272/1272 1271/1271/1271
f 1224/1224/1224 1225/1225/1225 1273/1273/1273
f 1224/1224/1224 1273/1273/1273 1272/1272/1272
f 1225/1225/1225 1226/1226/1226 1274/1274/1274
f 1225/1225/1225 1274/1274/1274 1273/1273/1273
f 1226/1226/1226 1227/1227/1227 1275/1275/1275
f 1226/1226/1226 1275/1275/1275 1274/1274/1274
f 1227/1227/1227 1228/1228/1228 1276/1276/1276
f 1227/1227/1227 1276/1276/1276 1275/1275/1275
f 1228/1228/1228 1229/1229/1229 1277/1277/1277
f 1228/1228/1228 1277/1277/1277 1276/1276/1276
f 1229/1229/1229 1230/1230/1230 1278/1278/1278
f 1229/1229/1229 1278/1278/1278 1277/1277/1277
f 1230/1230/1230 1231/1231/1231 1279/1279/1279
f 1230/1230/1230 1279/1279/1279 1278/1278/1278
f 1231/1231/1231 1232/1232/1232 1280/1280/1280
f 1231/1231/1231 1280/1280/1280 1279/1279/1279
f 1232/1232/1232 1233/1233/1233 1281/1281/1281
f 1232/1232/1232 1281/1281/1281 1280/1280/1280
f 1233/1233/1233 1234/1234/1234 1282/1282/1282
f 1233/1233/1233 1282/1282/1282 1281/1281/1281
f 1234/1234/1234 1235/1235/1235 1283/1283/1283
f 1234/1234/1234 1283/1283/1283 1282/1282/1282
f 1235/1235/1235 1236/1236/1236 1284/1284/1284
f 1235/1235/1235 1284/1284/1284 1283/1283/1283
f 1236/1236/1236 1237/1237/1237 1285/1285/1285
f 1236/1236/1236 1285/1285/1285 1284/1284/1284
f 1237/1237/1237 1238/1238/1238 1286/1286/1286
f 1237/1237/1237 1286/1286/1286 1285/1285/1285
f 1238/1238/1238 1239/1239/1239 1287/1287/1287
f 1238/1238/1238 1287/1287/1287 1286/1286/1286
f 1239/1239/1239 1240/1240/1240 1288/1288/1288
f 1239/1239/1239 1288/1288/1288 1287/1287/1287
f 1240/1240/1240 1241/1241/1241 1289/1289/1289
f 1240/1240/1240 1289/1289/1289 1288/1288/1288
f 1241/1241/1241 1242/1242/1242 1290/1290/1290
f 1241/1241/1241 1290/1290/1290 1289/1289/1289
f 1242/1242/1242 1243/1243/1243 1291/1291/1291
f 1242/1242/1242 1291/1291/1291 1290/1290/1290
f 1243/1243/1243 1244/1244/1244 1292/1292/1292
f 1243/1243/1243 1292/1292/1292 1291/1291/1291
f 1244/1244/1244 1245/1245/1245 1293/1293/1293
f 1244/1244/1244 1293/1293/1293 1292/1292/1292
f 1245/1245/1245 1246/1246/1246 1294/1294/1294
f 1245/1245/1245 1294/1294/1294 1293/1293/1293
f 1246/1246/1246 1247/1247/1247 1295/1295/1295
f 1246/1246/1246 1295/1295/1295 1294/1294/1294
f 1247/1247/1247 1248/1248/1248 1296/1296/1296
f 1247/1247/1247 1296/1296/1296 1295/1295/1295
f 1248/1248/1248 1201/1201/1201 1249/1249/1249
f 1248/1248/1248 1249/1249/1249 1296/1296/1296
f 1249/1249/1249 1250/1250/1250 1298/1298/1298
f 1249/1249/1249 1298/1298/1298 1297/1297/1297
f 1250/1250/1250 1251/1251/1251 1299/1299/1299
f 1250/1250/1250 1299/1299/1299 1298/1298/1298
f 1251/1251/1251 1252/1252/1252 1300/1300/1300
f 1251/1251/1251 1300/1300/1300 1299/1299/1299
f 1252/1252/1252 1253/1253/1253 1301/1301/1301
f 1252/1252/1252 1301/1301/1301 1300/1300/1300
f 1253/1253/1253 1254/1254/1254 1302/1302/1302
f 1253/1253/1253 1302/1302/1302 1301/1301/1301
f 1254/1254/1254 1255/1255/1255 1303/1303/1303
f 1254/1254/1254 1303/1303/1303 1302/1302/1302
f 1255/1255/1255 1256/1256/1256 1304/1304/1304
f 1255/1255/1255 1304/1304/1304 1303/1303/1303
f 1256/1256/1256 1257/1257/1257 1305/1305/1305
f 1256/1256/1256 1305/1305/1305 1304/1304/1304
f 1257/1257/1257 1258/1258/1258 1306/1306/1306
f 1257/1257/1257 1306/1306/1306 1305/1305/1305
f 1258/1258/1258 1259/1259/1259 1307/1307/1307
f 1258/1258/1258 1307/1307/1307 1306/1306/1306
f 1259/1259/1259 1260/1260/1260 1308/1308/1308
f 1259/1259/1259 1308/1308/1308 1307/1307/1307
f 1260/1260/1260 1261/1261/1261 1309/1309/1309
f 1260/1260/1260 1309/1309/1309 1308/1308/1308
f 1261/1261/1261 1262/1262/1262 1310/1310/1310
f 1261/1261/1261 1310/1310/1310 1309/1309/1309
f 1262/1262/1262 1263/1263/1263 1311/1311/1311
f 1262/1262/1262 1311/1311/1311 1310/1310/1310
f 1263/1263/1263 1264/1264/1264 1312/1312/1312
f 1263/1263/1263 1312/1312/1312 1311/1311/1311
f 1264/1264/1264 1265/1265/1265 1313/1313/1313
f 1264/1264/1264 1313/1313/1313 1312/1312/1312
f 1265/1265/1265 1266/1266/1266 1314/1314/1314
f 1265/1265/1265 1314/1314/1314 1313/1313/1313
f 1266/1266/1266 1267/1267/1267 1315/1315/1315
f 1266/1266/1266 1315/1315/1315 1314/1314/1314
f 1267/1267/1267 1268/1268/1268 1316/1316/1316
f 1267/1267/1267 1316/1316/1316 1315/1315/1315
f 1268/1268/1268 1269/1269/1269 1317/1317/1317
f 1268/1268/1268 1317/1317/1317 1316/1316/1316
f 1269/1269/1269 1270/1270/1270 1318/1318/1318
f 1269/1269/1269 1318/1318/1318 1317/1317/1317
f 1270/1270/1270 1271/1271/1271 1319/1319/1319
f 1270/1270/1270 1319/1319/1319 1318/1318/1318
f 1271/1271/1271 1272/1272/1272 1320/1320/1320
f 1271/1271/1271 1320/1320/1320 1319/1319/1319
f 1272/1272/1272 1273/1273/1273 1321/1321/1321
f 1272/1272/1272 1321/1321/1321 1320/1320/1320
f 1273/1273/1273 1274/1274/1274 1322/1322/1322
f 1273/1273/1273 1322/1322/1322 1321/1321/1321
f 1274/1274/1274 1275/1275/1275 1323/1323/1323
f 1274/1274/1274 1323/1323/1323 1322/1322/1322
f 1275/1275/1275 1276/1276/1276 1324/1324/1324
f 1275/1275/1275 1324/1324/1324 1323/1323/1323
f 1276/1276/1276 1277/1277/1277 1325/1325/1325
f 1276/1276/1276 1325/1325/1325 1324/1324/1324
f 1277/1277/1277 1278/1278/1278 1326/1326/1326
f 1277/1277/1277 1326/1326/1326 1325/1325/1325
f 1278/1278/1278 1279/1279/1279 1327/1327/1327
f 1278/1278/1278 1327/1327/1327 1326/1326/1326
f 1279/1279/1279 1280/1280/1280 1328/1328/1328
f 1279/1279/1279 1328/1328/1328 1327/1327/1327
f 1280/1280/1280 1281/1281/1281 1329/1329/1329
f 1280/1280/1280 1329/1329/1329 1328/1328/1328
f 1281/1281/1281 1282/1282/1282 1330/1330/1330
f 1281/1281/1281 1330/1330/1330 1329/1329/1329
f 1282/1282/1282 1283/1283/1283 1331/1331/1331
f 1282/1282/1282 1331/1331/1331 1330/1330/1330
f 1283/1283/1283 1284/1284/1284 1332/1332/1332
f 1283/1283/1283 1332/1332/1332 1331/1331/1331
f 1284/1284/1284 1285/1285/1285 1333/1333/1333
f 1284/1284/1284 1333/1333/1333 1332/1332/1332
f 1285/1285/1285 1286/1286/1286 1334/1334/1334
f 1285/1285/1285 1334/1334/1334 1333/1333/1333
f 1286/1286/1286 1287/1287/1287 1335/1335/1335
f 1286/1286/1286 1335/1335/1335 1334/1334/1334
f 1287/1287/1287 1288/1288/1288 1336/1336/1336
f 1287/1287/1287 1336/1336/1336 1335/1335/1335
f 1288/1288/1288 1289/1289/1289 1337/1337/1337
f 1288/1288/1288 1337/1337/1337 1336/1336/1336
f 1289/1289/1289 1290/1290/1290 1338/1338/1338
f 1289/1289/1289 1338/1338/1338 1337/1337/1337
f 1290/1290/1290 1291/1291/1291 1339/1339/1339
f 1290/1290/1290 1339/1339/1339 1338/1338/1338
f 1291/1291/1291 1292/1292/1292 1340/1340/1340
f 1291/1291/1291 1340/1340/1340 1339/1339/1339
f 1292/1292/1292 1293/1293/1293 1341/1341/1341
f 1292/1292/1292 1341/1341/1341 1340/1340/1340
f 1293/1293/1293 1294/1294/1294 1342/1342/1342
f 1293/1293/1293 1342/1342/1342 1341/1341/1341
f 1294/1294/1294 1295/1295/1295 1343/1343/1343
f 1294/1294/1294 1343/1343/1343 1342/1342/1342
f 1295/1295/1295 1296/1296/1296 1344/1344/1344
f 1295/1295/1295 1344/1344/1344 1343/1343/1343
f 1296/1296/1296 1249/1249/1249 1297/1297/1297
f 1296/1296/1296 1297/1297/1297 1344/1344/1344
f 1297/1297/1297 1298/1298/1298 1346/1346/1346
f 1297/1297/1297 1346/1346/1346 1345/1345/1345
f 1298/1298/1298 1299/1299/1299 1347/1347/1347
f 1298/1298/1298 1347/1347/1347 1346/1346/1346
f 1299/1299/1299 1300/1300/1300 1348/1348/1348
f 1299/1299/1299 1348/1348/1348 1347/1347/1347
f 1300/1300/1300 1301/1301/1301 1349/1349/1349
f 1300/1300/1300 1349/1349/1349 1348/1348/1348
f 1301/1301/1301 1302/1302/1302 1350/1350/1350
f 1301/1301/1301 1350/1350/1350 1349/1349/1349
f 1302/1302/1302 1303/1303/1303 1351/1351/1351
f 1302/1302/1302 1351/1351/1351 1350/1350/1350
f 1303/1303/1303 1304/1304/1304 1352/1352/1352
f 1303/1303/1303 1352/1352/1352 1351/1351/1351
f 1304/1304/1304 1305/1305/1305 1353/1353/1353
f 1304/1304/1304 1353/1353/1353 1352/1352/1352
f 1305/1305/1305 1306/1306/1306 1354/1354/1354
f 1305/1305/1305 1354/1354/1354 1353/1353/1353
f 1306/1306/1306 1307/1307/1307 1355/1355/1355
f 1306/1306/1306 1355/1355/1355 1354/1354/1354
f 1307/1307/1307 1308/1308/1308 1356/1356/1356
f 1307/1307/1307 1356/1356/1356 1355/1355/1355
f 1308/1308/1308 1309/1309/1309 1357/1357/1357
f 1308/1308/1308 1357/1357/1357 1356/1356/1356
f 1309/1309/1309 1310/1310/1310 1358/1358/1358
f 1309/1309/1309 1358/1358/1358 1357/1357/1357
f 1310/1310/1310 1311/1311/1311 1359/1359/1359
f 1310/1310/1310 1359/1359/1359 1358/1358/1358
f 1311/1311/1311 1312/1312/1312 1360/1360/1360
f 1311/1311/1311 1360/1360/1360 1359/1359/1359
f 1312/1312/1312 1313/1313/1313 1361/1361/1361
f 1312/1312/1312 1361/1361/1361 1360/1360/1360
f 1313/1313/1313 1314/1314/1314 1362/1362/1362
f 1313/1313/1313 1362/1362/1362 1361/1361/1361
f 1314/1314/1314 1315/1315/1315 1363/1363/1363
f 1314/1314/1314 1363/1363/1363 1362/1362/1362
f 1315/1315/1315 1316/1316/1316 1364/1364/1364
f 1315/1315/1315 1364/1364/1364 1363/1363/1363
f 1316/1316/1316 1317/1317/1317 1365/1365/1365
f 1316/1316/1316 1365/1365/1365 1364/1364/1364
f 1317/1317/1317 1318/1318/1318 1366/1366/1366
f 1317/1317/1317 1366/1366/1366 1365/1365/1365
f 1318/1318/1318 1319/1319/1319 1367/1367/1367
f 1318/1318/1318 1367/1367/1367 1366/1366/1366
f 1319/1319/1319 1320/1320/1320 1368/1368/1368
f 1319/1319/1319 1368/1368/1368 1367/1367/1367
f 1320/1320/1320 1321/1321/1321 1369/1369/1369
f 1320/1320/1320 1369/1369/1369 1368/1368/1368
f 1321/1321/1321 1322/1322/1322 1370/1370/1370
f 1321/1321/1321 1370/1370/1370 1369/1369/1369
f 1322/1322/1322 1323/1323/1323 1371/1371/1371
f 1322/1322/1322 1371/1371/1371 1370/1370/1370
f 1323/1323/1323 1324/1324/1324 1372/1372/1372
f 1323/1323/1323 1372/1372/1372 1371/1371/1371
f 1324/1324/1324 1325/1325/1325 1373/1373/1373
f 1324/1324/1324 1373/1373/1373 1372/1372/1372
f 1325/1325/1325 1326/1326/1326 1374/1374/1374
f 1325/1325/1325 1374/1374/1374 1373/1373/1373
f 1326/1326/1326 1327/1327/1327 1375/1375/1375
f 1326/1326/1326 1375/1375/1375 1374/1374/1374
f 1327/1327/1327 1328/1328/1328 1376/1376/1376
f 1327/1327/1327 1376/1376/1376 1375/1375/1375
f 1328/1328/1328 1329/1329/1329 1377/1377/1377
f 1328/1328/1328 1377/1377/1377 1376/1376/1376
f 1329/1329/1329 1330/1330/1330 1378/1378/1378
f 1329/1329/1329 1378/1378/1378 1377/1377/1377
f 1330/1330/1330 1331/1331/1331 1379/1379/1379
f 1330/1330/1330 1379/1379/1379 1378/1378/1378
f 1331/1331/1331 1332/1332/1332 1380/1380/1380
f 1331/1331/1331 1380/1380/1380 1379/1379/1379
f 1332/1332/1332 1333/1333/1333 1381/1381/1381
f 1332/1332/1332 1381/1381/1381 1380/1380/1380
f 1333/1333/1333 1334/1334/1334 1382/1382/1382
f 1333/1333/1333 1382/1382/1382 1381/1381/1381
f 1334/1334/1334 1335/1335/1335 1383/1383/1383
f 1334/1334/1334 1383/1383/1383 1382/1382/1382
f 1335/1335/1335 1336/1336/1336 1384/1384/1384
f 1335/1335/1335 1384/1384/1384 1383/1383/1383
f 1336/1336/1336 1337/1337/1337 1385/1385/1385
f 1336/1336/1336 1385/1385/1385 1384/1384/1384
f 1337/1337/1337 1338/1338/1338 1386/1386/1386
f 1337/1337/1337 1386/1386/1386 1385/1385/1385
f 1338/1338/1338 1339/1339/1339 1387/1387/1387
f 1338/1338/1338 1387/1387/1387 1386/1386/1386
f 1339/1339/1339 1340/1340/1340 1388/1388/1388
f 1339/1339/1339 1388/1388/1388 1387/1387/1387
f 1340/1340/1340 1341/1341/1341 1389/1389/1389
f 1340/1340/1340 1389/1389/1389 1388/1388/1388
f 1341/1341/1341 1342/1342/1342 1390/1390/1390
f 1341/1341/1341 1390/1390/1390 1389/1389/1389
f 1342/1342/1342 1343/1343/1343 1391/1391/1391
f 1342/1342/1342 1391/1391/1391 1390/1390/1390
f 1343/1343/1343 1344/1344/1344 1392/1392/1392
f 1343/1343/1343 1392/1392/1392 1391/1391/1391
f 1344/1344/1344 1297/1297/1297 1345/1345/1345
f 1344/1344/1344 1345/1345/1345 1392/1392/1392
f 1345/1345/1345 1346/1346/1346 1394/1394/1394
f 1345/1345/1345 1394/1394/1394 1393/1393/1393
f 1346/1346/1346 1347/1347/1347 1395/1395/1395
f 1346/1346/1346 1395/1395/1395 1394/1394/1394
f 1347/1347/1347 1348/1348/1348 1396/1396/1396
f 1347/1347/1347 1396/1396/1396 1395/1395/1395
f 1348/1348/1348 1349/1349/1349 1397/1397/1397
f 1348/1348/1348 1397/1397/1397 1396/1396/1396
f 1349/1349/1349 1350/1350/1350 1398/1398/1398
f 1349/1349/1349 1398/1398/1398 1397/1397/1397
f 1350/1350/1350 1351/1351/1351 1399/1399/1399
f 1350/1350/1350 1399/1399/1399 1398/1398/1398
f 1351/1351/1351 1352/1352/1352 1400/1400/1400
f 1351/1351/1351 1400/1400/1400 1399/1399/1399
f 1352/1352/1352 1353/1353/1353 1401/1401/1401
f 1352/1352/1352 1401/1401/1401 1400/1400/1400
f 1353/1353/1353 1354/1354/1354 1402/1402/1402
f 1353/1353/1353 1402/1402/1402 1401/1401/1401
f 1354/1354/1354 1355/1355/1355 1403/1403/1403
f 1354/1354/1354 1403/1403/1403 1402/1402/1402
f 1355/1355/1355 1356/1356/1356 1404/1404/1404
f 1355/1355/1355 1404/1404/1404 1403/1403/1403
f 1356/1356/1356 1357/1357/1357 1405/1405/1405
f 1356/1356/1356 1405/1405/1405 1404/1404/1404
f 1357/1357/1357 1358/1358/1358 1406/1406/1406
f 1357/1357/1357 1406/1406/1406 1405/1405/1405
f 1358/1358/1358 1359/1359/1359 1407/1407/1407
f 1358/1358/1358 1407/1407/1407 1406/1406/1406
f 1359/1359/1359 1360/1360/1360 1408/1408/1408
f 1359/1359/1359 1408/1408/1408 1407/1407/1407
f 1360/1360/1360 1361/1361/1361 1409/1409/1409
f 1360/1360/1360 1409/1409/1409 1408/1408/1408
f 1361/1361/1361 1362/1362/1362 1410/1410/1410
f 1361/1361/1361 1410/1410/1410 1409/1409/1409
f 1362/1362/1362 1363/1363/1363 1411/1411/1411
f 1362/1362/1362 1411/1411/1411 1410/1410/1410
f 1363/1363/1363 1364/1364/1364 1412/1412/1412
f 1363/1363/1363 1412/1412/1412 1411/1411/1411
f 1364/1364/1364 1365/1365/1365 1413/1413/1413
f 1364/1364/1364 1413/1413/1413 1412/1412/1412
f 1365/1365/1365 1366/1366/1366 1414/1414/1414
f 1365/1365/1365 1414/1414/1414 1413/1413/1413
f 1366/1366/1366 1367/1367/1367 1415/1415/1415
f 1366/1366/1366 1415/1415/1415 1414/1414/1414
f 1367/1367/1367 1368/1368/1368 1416/1416/1416
f 1367/1367/1367 1416/1416/1416 1415/1415/1415
f 1368/1368/1368 1369/1369/1369 1417/1417/1417
f 1368/1368/1368 1417/1417/1417 1416/1416/1416
f 1369/1369/1369 1370/1370/1370 1418/1418/1418
f 1369/1369/1369 1418/1418/1418 1417/1417/1417
f 1370/1370/1370 1371/1371/1371 1419/1419/1419
f 1370/1370/1370 1419/1419/1419 1418/1418/1418
f 1371/1371/1371 1372/1372/1372 1420/1420/1420
f 1371/1371/1371 1420/1420/1420 1419/1419/1419
f 1372/1372/1372 1373/1373/1373 1421/1421/1421
f 1372/1372/1372 1421/1421/1421 1420/1420/1420
f 1373/1373/1373 1374/1374/1374 1422/1422/1422
f 1373/1373/1373 1422/1422/1422 1421/1421/1421
f 1374/1374/1374 1375/1375/1375 1423/1423/1423
f 1374/1374/1374 1423/1423/1423 1422/1422/1422
f 1375/1375/1375 1376/1376/1376 1424/1424/1424
f 1375/1375/1375 1424/1424/1424 1423/1423/1423
f 1376/1376/1376 1377/1377/1377 1425/1425/1425
f 1376/1376/1376 1425/1425/1425 1424/1424/1424
f 1377/1377/1377 1378/1378/1378 1426/1426/1426
f 1377/1377/1377 1426/1426/1426 1425/1425/1425
f 1378/1378/1378 1379/1379/1379 1427/1427/1427
f 1378/1378/1378 1427/1427/1427 1426/1426/1426
f 1379/1379/1379 1380/1380/1380 1428/1428/1428
f 1379/1379/1379 1428/1428/1428 1427/1427/1427
f 1380/1380/1380 1381/1381/1381 1429/1429/1429
f 1380/1380/1380 1429/1429/1429 1428/1428/1428
f 1381/1381/1381 1382/1382/1382 1430/1430/1430
f 1381/1381/1381 1430/1430/1430 1429/1429/1429
f 1382/1382/1382 1383/1383/1383 1431/1431/1431
f 1382/1382/1382 1431/1431/1431 1430/1430/1430
f 1383/1383/1383 1384/1384/1384 1432/1432/1432
f 1383/1383/1383 1432/1432/1432 1431/1431/1431
f 1384/1384/1384 1385/1385/1385 1433/1433/1433
f 1384/1384/1384 1433/1433/1433 1432/1432/1432
f 1385/1385/1385 1386/1386/1386 1434/1434/1434
f 1385/1385/1385 1434/1434/1434 1433/1433/1433
f 1386/1386/1386 1387/1387/1387 1435/1435/1435
f 1386/1386/1386 1435/1435/1435 1434/1434/1434
f 1387/1387/1387 1388/1388/1388 1436/1436/1436
f 1387/1387/1387 1436/1436/1436 1435/1435/1435
f 1388/1388/1388 1389/1389/1389 1437/1437/1437
f 1388/1388/1388 1437/1437/1437 1436/1436/1436
f 1389/1389/1389 1390/1390/1390 1438/1438/1438
f 1389/1389/1389 1438/1438/1438 1437/1437/1437
f 1390/1390/1390 1391/1391/1391 1439/1439/1439
f 1390/1390/1390 1439/1439/1439 1438/1438/1438
f 1391/1391/1391 1392/1392/1392 1440/1440/1440
f 1391/1391/1391 1440/1440/1440 1439/1439/1439
f 1392/1392/1392 1345/1345/1345 1393/1393/1393
f 1392/1392/1392 1393/1393/1393 1440/1440/1440
f 1393/1393/1393 1394/1394/1394 1442/1442/1442
f 1393/1393/1393 1442/1442/1442 1441/1441/1441
f 1394/1394/1394 1395/1395/1395 1443/1443/1443
f 1394/1394/1394 1443/1443/1443 1442/1442/1442
f 1395/1395/1395 1396/1396/1396 1444/1444/1444
f 1395/1395/1395 1444/1444/1444 1443/1443/1443
f 1396/1396/1396 1397/1397/1397 1445/1445/1445
f 1396/1396/1396 1445/1445/1445 1444/1444/1444
f 1397/1397/1397 1398/1398/1398 1446/1446/1446
f 1397/1397/1397 1446/1446/1446 1445/1445/1445
f 1398/1398/1398 1399/1399/1399 1447/1447/1447
f 1398/1398/1398 1447/1447/1447 1446/1446/1446
f 1399/1399/1399 1400/1400/1400 1448/1448/1448
f 1399/1399/1399 1448/1448/1448 1447/1447/1447
f 1400/1400/1400 1401/1401/1401 1449/1449/1449
f 1400/1400/1400 1449/1449/1449 1448/1448/1448
f 1401/1401/1401 1402/1402/1402 1450/1450/1450
f 1401/1401/1401 1450/1450/1450 1449/1449/1449
f 1402/1402/1402 1403/1403/1403 1451/1451/1451
f 1402/1402/1402 1451/1451/1451 1450/1450/1450
f 1403/1403/1403 1404/1404/1404 1452/1452/1452
f 1403/1403/1403 1452/1452/1452 1451/1451/1451
f 1404/1404/1404 1405/1405/1405 1453/1453/1453
f 1404/1404/1404 1453/1453/1453 1452/1452/1452
f 1405/1405/1405 1406/1406/1406 1454/1454/1454
f 1405/1405/1405 1454/1454/1454 1453/1453/1453
f 1406/1406/1406 1407/1407/1407 1455/1455/1455
f 1406/1406/1406 1455/1455/1455 1454/1454/1454
f 1407/1407/1407 1408/1408/1408 1456/1456/1456
f 1407/1407/1407 1456/1456/1456 1455/1455/1455
f 1408/1408/1408 1409/1409/1409 1457/1457/1457
f 1408/1408/1408 1457/1457/1457 1456/1456/1456
f 1409/1409/1409 1410/1410/1410 1458/1458/1458
f 1409/1409/1409 1458/1458/1458 1457/1457/1457
f 1410/1410/1410 1411/1411/1411 1459/1459/1459
f 1410/1410/1410 1459/1459/1459 1458/1458/1458
f 1411/1411/1411 1412/1412/1412 1460/1460/1460
f 1411/1411/1411 1460/1460/1460 1459/1459/1459
f 1412/1412/1412 1413/1413/1413 1461/1461/1461
f 1412/1412/1412 1461/1461/1461 1460/1460/1460
f 1413/1413/1413 1414/1414/1414 1462/1462/1462
f 1413/1413/1413 1462/1462/1462 1461/1461/1461
f 1414/1414/1414 1415/1415/1415 1463/1463/1463
f 1414/1414/1414 1463/1463/1463 1462/1462/1462
f 1415/1415/1415 1416/1416/1416 1464/1464/1464
f 1415/1415/1415 1464/1464/1464 1463/1463/1463
f 1416/1416/1416 1417/1417/1417 1465/1465/1465
f 1416/1416/1416 1465/1465/1465 1464/1464/1464
f 1417/1417/1417 1418/1418/1418 1466/1466/1466
f 1417/1417/1417 1466/1466/1466 1465/1465/1465
f 1418/1418/1418 1419/1419/1419 1467/1467/1467
f 1418/1418/1418 1467/1467/1467 1466/1466/1466
f 1419/1419/1419 1420/1420/1420 1468/1468/1468
f 1419/1419/1419 1468/1468/1468 1467/1467/1467
f 1420/1420/1420 1421/1421/1421 1469/1469/1469
f 1420/1420/1420 1469/1469/1469 1468/1468/1468
f 1421/1421/1421 1422/1422/1422 1470/1470/1470
f 1421/1421/1421 1470/1470/1470 1469/1469/1469
f 1422/1422/1422 1423/1423/1423 1471/1471/1471
f 1422/1422/1422 1471/1471/1471 1470/1470/1470
f 1423/1423/1423 1424/1424/1424 1472/1472/1472
f 1423/1423/1423 1472/1472/1472 1471/1471/1471
f 1424/1424/1424 1425/1425/1425 1473/1473/1473
f 1424/1424/1424 1473/1473/1473 1472/1472/1472
f 1425/1425/1425 1426/1426/1426 1474/1474/1474
f 1425/1425/1425 1474/1474/1474 1473/1473/1473
f 1426/1426/1426 1427/1427/1427 1475/1475/1475
f 1426/1426/1426 1475/1475/1475 1474/1474/1474
f 1427/1427/1427 1428/1428/1428 1476/1476/1476
f 1427/1427/1427 1476/1476/1476 1475/1475/1475
f 1428/1428/1428 1429/1429/1429 1477/1477/1477
f 1428/1428/1428 1477/1477/1477 1476/1476/1476
f 1429/1429/1429 1430/1430/1430 1478/1478/1478
f 1429/1429/1429 1478/1478/1478 1477/1477/1477
f 1430/1430/1430 1431/1431/1431 1479/1479/1479
f 1430/1430/1430 1479/1479/1479 1478/1478/1478
f 1431/1431/1431 1432/1432/1432 1480/1480/1480
f 1431/1431/1431 1480/1480/1480 1479/1479/1479
f 1432/1432/1432 1433/1433/1433 1481/1481/1481
f 1432/1432/1432 1481/1481/1481 1480/1480/1480
f 1433/1433/1433 1434/1434/1434 1482/1482/1482
f 1433/1433/1433 1482/1482/1482 1481/1481/1481
f 1434/1434/1434 1435/1435/1435 1483/1483/1483
f 1434/1434/1434 1483/1483/1483 1482/1482/1482
f 1435/1435/1435 1436/1436/1436 1484/1484/1484
f 1435/1435/1435 1484/1484/1484 1483/1483/1483
f 1436/1436/1436 1437/1437/1437 1485/1485/1485
f 1436/1436/1436 1485/1485/1485 1484/1484/1484
f 1437/1437/1437 1438/1438/1438 1486/1486/1486
f 1437/1437/1437 1486/1486/1486 1485/1485/1485
f 1438/1438/1438 1439/1439/1439 1487/1487/1487
f 1438/1438/1438 1487/1487/1487 1486/1486/1486
f 1439/1439/1439 1440/1440/1440 1488/1488/1488
f 1439/1439/1439 1488/1488/1488 1487/1487/1487
f 1440/1440/1440 1393/1393/1393 1441/1441/1441
f 1440/1440/1440 1441/1441/1441 1488/1488/1488
f 1441/1441/1441 1442/1442/1442 1490/1490/1490
f 1441/1441/1441 1490/1490/1490 1489/1489/1489
f 1442/1442/1442 1443/1443/1443 1491/1491/1491
f 1442/1442/1442 1491/1491/1491 1490/1490/1490
f 1443/1443/1443 1444/1444/1444 1492/1492/1492
f 1443/1443/1443 1492/1492/1492 1491/1491/1491
f 1444/1444/1444 1445/1445/1445 1493/1493/1493
f 1444/1444/1444 1493/1493/1493 1492/1492/1492
f 1445/1445/1445 1446/1446/1446 1494/1494/1494
f 1445/1445/1445 1494/1494/1494 1493/1493/1493
f 1446/1446/1446 1447/1447/1447 1495/1495/1495
f 1446/1446/1446 1495/1495/1495 1494/1494/1494
f 1447/1447/1447 1448/1448/1448 1496/1496/1496
f 1447/1447/1447 1496/1496/1496 1495/1495/1495
f 1448/1448/1448 1449/1449/1449 1497/1497/1497
f 1448/1448/1448 1497/1497/1497 1496/1496/1496
f 1449/1449/1449 1450/1450/1450 1498/1498/1498
f 1449/1449/1449 1498/1498/1498 1497/1497/1497
f 1450/1450/1450 1451/1451/1451 1499/1499/1499
f 1450/1450/1450 1499/1499/1499 1498/1498/1498
f 1451/1451/1451 1452/1452/1452 1500/1500/1500
f 1451/1451/1451 1500/1500/1500 1499/1499/1499
f 1452/1452/1452 1453/1453/1453 1501/1501/1501
f 1452/1452/1452 1501/1501/1501 1500/1500/1500
f 1453/1453/1453 1454/1454/1454 1502/1502/1502
f 1453/1453/1453 1502/1502/1502 1501/1501/1501
f 1454/1454/1454 1455/1455/1455 1503/1503/1503
f 1454/1454/1454 1503/1503/1503 1502/1502/1502
f 1455/1455/1455 1456/1456/1456 1504/1504/1504
f 1455/1455/1455 1504/1504/1504 1503/1503/1503
f 1456/1456/1456 1457/1457/1457 1505/1505/1505
f 1456/1456/1456 1505/1505/1505 1504/1504/1504
f 1457/1457/1457 1458/1458/1458 1506/1506/1506
f 1457/1457/1457 1506/1506/1506 1505/1505/1505
f 1458/1458/1458 1459/1459/1459 1507/1507/1507
f 1458/1458/1458 1507/1507/1507 1506/1506/1506
f 1459/1459/1459 1460/1460/1460 1508/1508/1508
f 1459/1459/1459 1508/1508/1508 1507/1507/1507
f 1460/1460/1460 1461/1461/1461 1509/1509/1509
f 1460/1460/1460 1509/1509/1509 1508/1508/1508
f 1461/1461/1461 1462/1462/1462 1510/1510/1510
f 1461/1461/1461 1510/1510/1510 1509/1509/1509
f 1462/1462/1462 1463/1463/1463 1511/1511/1511
f 1462/1462/1462 1511/1511/1511 1510/1510/1510
f 1463/1463/1463 1464/1464/1464 1512/1512/1512
f 1463/1463/1463 1512/1512/1512 1511/1511/1511
f 1464/1464/1464 1465/1465/1465 1513/1513/1513
f 1464/1464/1464 1513/1513/1513 1512/1512/1512
f 1465/1465/1465 1466/1466/1466 1514/1514/1514
f 1465/1465/1465 1514/1514/1514 1513/1513/1513
f 1466/1466/1466 1467/1467/1467 1515/1515/1515
f 1466/1466/1466 1515/1515/1515 1514/1514/1514
f 1467/1467/1467 1468/1468/1468 1516/1516/1516
f 1467/1467/1467 1516/1516/1516 1515/1515/1515
f 1468/1468/1468 1469/1469/1469 1517/1517/1517
f 1468/1468/1468 1517/1517/1517 1516/1516/1516
f 1469/1469/1469 1470/1470/1470 1518/1518/1518
f 1469/1469/1469 1518/1518/1518 1517/1517/1517
f 1470/1470/1470 1471/1471/1471 1519/1519/1519
f 1470/1470/1470 1519/1519/1519 1518/1518/1518
f 1471/1471/1471 1472/1472/1472 1520/1520/1520
f 1471/1471/1471 1520/1520/1520 1519/1519/1519
f 1472/1472/1472 1473/1473/1473 1521/1521/1521
f 1472/1472/1472 1521/1521/1521 1520/1520/1520
f 1473/1473/1473 1474/1474/1474 1522/1522/1522
f 1473/1473/1473 1522/1522/1522 1521/1521/1521
f 1474/1474/1474 1475/1475/1475 1523/1523/1523
f 1474/1474/1474 1523/1523/1523 1522/1522/1522
f 1475/1475/1475 1476/1476/1476 1524/1524/1524
f 1475/1475/1475 1524/1524/1524 1523/1523/1523
f 1476/1476/1476 1477/1477/1477 1525/1525/1525
f 1476/1476/1476 1525/1525/1525 1524/1524/1524
f 1477/1477/1477 1478/1478/1478 1526/1526/1526
f 1477/1477/1477 1526/1526/1526 1525/1525/1525
f 1478/1478/1478 1479/1479/1479 1527/1527/1527
f 1478/1478/1478 1527/1527/1527 1526/1526/1526
f 1479/1479/1479 1480/1480/1480 1528/1528/1528
f 1479/1479/1479 1528/1528/1528 1527/1527/1527
f 1480/1480/1480 1481/1481/1481 1529/1529/1529
f 1480/1480/1480 1529/1529/1529 1528/1528/1528
f 1481/1481/1481 1482/1482/1482 1530/1530/1530
f 1481/1481/1481 1530/1530/1530 1529/1529/1529
f 1482/1482/1482 1483/1483/1483 1531/1531/1531
f 1482/1482/1482 1531/1531/1531 1530/1530/1530
f 1483/1483/1483 1484/1484/1484 1532/1532/1532
f 1483/1483/1483 1532/1532/1532 1531/1531/1531
f 1484/1484/1484 1485/1485/1485 1533/1533/1533
f 1484/1484/1484 1533/1533/1533 1532/1532/1532
f 1485/1485/1485 1486/1486/1486 1534/1534/1534
f 1485/1485/1485 1534/1534/1534 1533/1533/1533
f 1486/1486/1486 1487/1487/1487 1535/1535/1535
f 1486/1486/1486 1535/1535/1535 1534/1534/1534
f 1487/1487/1487 1488/1488/1488 1536/1536/1536
f 1487/1487/1487 1536/1536/1536 1535/1535/1535
f 1488/1488/1488 1441/1441/1441 1489/1489/1489
f 1488/1488/1488 1489/1489/1489 1536/1536/1536
f 1489/1489/1489 1490/1490/1490 1538/1538/1538
f 1489/1489/1489 1538/1538/1538 1537/1537/1537
f 1490/1490/1490 1491/1491/1491 1539/1539/1539
f 1490/1490/1490 1539/1539/1539 1538/1538/1538
f 1491/1491/1491 1492/1492/1492 1540/1540/1540
f 1491/1491/1491 1540/1540/1540 1539/1539/1539
f 1492/1492/1492 1493/1493/1493 1541/1541/1541
f 1492/1492/1492 1541/1541/1541 1540/1540/1540
f 1493/1493/1493 1494/1494/1494 1542/1542/1542
f 1493/1493/1493 1542/1542/1542 1541/1541/1541
f 1494/1494/1494 1495/1495/1495 1543/1543/1543
f 1494/1494/1494 1543/1543/1543 1542/1542/1542
f 1495/1495/1495 1496/1496/1496 1544/1544/1544
f 1495/1495/1495 1544/1544/1544 1543/1543/1543
f 1496/1496/1496 1497/1497/1497 1545/1545/1545
f 1496/1496/1496 1545/1545/1545 1544/1544/1544
f 1497/1497/1497 1498/1498/1498 1546/1546/1546
f 1497/1497/1497 1546/1546/1546 1545/1545/1545
f 1498/1498/1498 1499/1499/1499 1547/1547/1547
f 1498/1498/1498 1547/1547/1547 1546/1546/1546
f 1499/1499/1499 1500/1500/1500 1548/1548/1548
f 1499/1499/1499 1548/1548/1548 1547/1547/1547
f 1500/1500/1500 1501/1501/1501 1549/1549/1549
f 1500/1500/1500 1549/1549/1549 1548/1548/1548
f 1501/1501/1501 1502/1502/1502 1550/1550/1550
f 1501/1501/1501 1550/1550/1550 1549/1549/1549
f 1502/1502/1502 1503/1503/1503 1551/1551/1551
f 1502/1502/1502 1551/1551/1551 1550/1550/1550
f 1503/1503/1503 1504/1504/1504 1552/1552/1552
f 1503/1503/1503 1552/1552/1552 1551/1551/1551
f 1504/1504/1504 1505/1505/1505 1553/1553/1553
f 1504/1504/1504 1553/1553/1553 1552/1552/1552
f 1505/1505/1505 1506/1506/1506 1554/1554/1554
f 1505/1505/1505 1554/1554/1554 1553/1553/1553
f 1506/1506/1506 1507/1507/1507 1555/1555/1555
f 1506/1506/1506 1555/1555/1555 1554/1554/1554
f 1507/1507/1507 1508/1508/1508 1556/1556/1556
f 1507/1507/1507 1556/1556/1556 1555/1555/1555
f 1508/1508/1508 1509/1509/1509 1557/1557/1557
f 1508/1508/1508 1557/1557/1557 1556/1556/1556
f 1509/1509/1509 1510/1510/1510 1558/1558/1558
f 1509/1509/1509 1558/1558/1558 1557/1557/1557
f 1510/1510/1510 1511/1511/1511 1559/1559/1559
f 1510/1510/1510 1559/1559/1559 1558/1558/1558
f 1511/1511/1511 1512/1512/1512 1560/1560/1560
f 1511/1511/1511 1560/1560/1560 1559/1559/1559
f 1512/1512/1512 1513/1513/1513 1561/1561/1561
f 1512/1512/1512 1561/1561/1561 1560/1560/1560
f 1513/1513/1513 1514/1514/1514 1562/1562/1562
f 1513/1513/1513 1562/1562/1562 1561/1561/1561
f 1514/1514/1514 1515/1515/1515 1563/1563/1563
f 1514/1514/1514 1563/1563/1563 1562/1562/1562
f 1515/1515/1515 1516/1516/1516 1564/1564/1564
f 1515/1515/1515 1564/1564/1564 1563/1563/1563
f 1516/1516/1516 1517/1517/1517 1565/1565/1565
f 1516/1516/1516 1565/1565/1565 1564/1564/1564
f 1517/1517/1517 1518/1518/1518 1566/1566/1566
f 1517/1517/1517 1566/1566/1566 1565/1565/1565
f 1518/1518/1518 1519/1519/1519 1567/1567/1567
f 1518/1518/1518 1567/1567/1567 1566/1566/1566
f 1519/1519/1519 1520/1520/1520 1568/1568/1568
f 1519/1519/1519 1568/1568/1568 1567/1567/1567
f 1520/1520/1520 1521/1521/1521 1569/1569/1569
f 1520/1520/1520 1569/1569/1569 1568/1568/1568
f 1521/1521/1521 1522/1522/1522 1570/1570/1570
f 1521/1521/1521 1570/1570/1570 1569/1569/1569
f 1522/1522/1522 1523/1523/1523 1571/1571/1571
f 1522/1522/1522 1571/1571/1571 1570/1570/1570
f 1523/1523/1523 1524/1524/1524 1572/1572/1572
f 1523/1523/1523 1572/1572/1572 1571/1571/1571
f 1524/1524/1524 1525/1525/1525 1573/1573/1573
f 1524/1524/1524 1573/1573/1573 1572/1572/1572
f 1525/1525/1525 1526/1526/1526 1574/1574/1574
f 1525/1525/1525 1574/1574/1574 1573/1573/1573
f 1526/1526/1526 1527/1527/1527 1575/1575/1575
f 1526/1526/1526 1575/1575/1575 1574/1574/1574
f 1527/1527/1527 1528/1528/1528 1576/1576/1576
f 1527/1527/1527 1576/1576/1576 1575/1575/1575
f 1528/1528/1528 1529/1529/1529 1577/1577/1577
f 1528/1528/1528 1577/1577/1577 1576/1576/1576
f 1529/1529/1529 1530/1530/1530 1578/1578/1578
f 1529/1529/1529 1578/1578/1578 1577/1577/1577
f 1530/1530/1530 1531/1531/1531 1579/1579/1579
f 1530/1530/1530 1579/1579/1579 1578/1578/1578
f 1531/1531/1531 1532/1532/1532 1580/1580/1580
f 1531/1531/1531 1580/1580/1580 1579/1579/1579
f 1532/1532/1532 1533/1533/1533 1581/1581/1581
f 1532/1532/1532 1581/1581/1581 1580/1580/1580
f 1533/1533/1533 1534/1534/1534 1582/1582/1582
f 1533/1533/1533 1582/1582/1582 1581/1581/1581
f 1534/1534/1534 1535/1535/1535 1583/1583/1583
f 1534/1534/1534 1583/1583/1583 1582/1582/1582
f 1535/1535/1535 1536/1536/1536 1584/1584/1584
f 1535/1535/1535 1584/1584/1584 1583/1583/1583
f 1536/1536/1536 1489/1489/1489 1537/1537/1537
f 1536/1536/1536 1537/1537/1537 1584/1584/1584
f 1537/1537/1537 1538/1538/1538 1586/1586/1586
f 1537/1537/1537 1586/1586/1586 1585/1585/1585
f 1538/1538/1538 1539/1539/1539 1587/1587/1587
f 1538/1538/1538 1587/1587/1587 1586/1586/1586
f 1539/1539/1539 1540/1540/1540 1588/1588/1588
f 1539/1539/1539 1588/1588/1588 1587/1587/1587
f 1540/1540/1540 1541/1541/1541 1589/1589/1589
f 1540/1540/1540 1589/1589/1589 1588/1588/1588
f 1541/1541/1541 1542/1542/1542 1590/1590/1590
f 1541/1541/1541 1590/1590/1590 1589/1589/1589
f 1542/1542/1542 1543/1543/1543 1591/1591/1591
f 1542/1542/1542 1591/1591/1591 1590/1590/1590
f 1543/1543/1543 1544/1544/1544 1592/1592/1592
f 1543/1543/1543 1592/1592/1592 1591/1591/1591
f 1544/1544/1544 1545/1545/1545 1593/1593/1593
f 1544/1544/1544 1593/1593/1593 1592/1592/1592
f 1545/1545/1545 1546/1546/1546 1594/1594/1594
f 1545/1545/1545 1594/1594/1594 1593/1593/1593
f 1546/1546/1546 1547/1547/1547 1595/1595/1595
f 1546/1546/1546 1595/1595/1595 1594/1594/1594
f 1547/1547/1547 1548/1548/1548 1596/1596/1596
f 1547/1547/1547 1596/1596/1596 1595/1595/1595
f 1548/1548/1548 1549/1549/1549 1597/1597/1597
f 1548/1548/1548 1597/1597/1597 1596/1596/1596
f 1549/1549/1549 1550/1550/1550 1598/1598/1598
f 1549/1549/1549 1598/1598/1598 1597/1597/1597
f 1550/1550/1550 1551/1551/1551 1599/1599/1599
f 1550/1550/1550 1599/1599/1599 1598/1598/1598
f 1551/1551/1551 1552/1552/1552 1600/1600/1600
f 1551/1551/1551 1600/1600/1600 1599/1599/1599
f 1552/1552/1552 1553/1553/1553 1601/1601/1601
f 1552/1552/1552 1601/1601/1601 1600/1600/1600
f 1553/1553/1553 1554/1554/1554 1602/1602/1602
f 1553/1553/1553 1602/1602/1602 1601/1601/1601
f 1554/1554/1554 1555/1555/1555 1603/1603/1603
f 1554/1554/1554 1603/1603/1603 1602/1602/1602
f 1555/1555/1555 1556/1556/1556 1604/1604/1604
f 1555/1555/1555 1604/1604/1604 1603/1603/1603
f 1556/1556/1556 1557/1557/1557 1605/1605/1605
f 1556/1556/1556 1605/1605/1605 1604/1604/1604
f 1557/1557/1557 1558/1558/1558 1606/1606/1606
f 1557/1557/1557 1606/1606/1606 1605/1605/1605
f 1558/1558/1558 1559/1559/1559 1607/1607/1607
f 1558/1558/1558 1607/1607/1607 1606/1606/1606
f 1559/1559/1559 1560/1560/1560 1608/1608/1608
f 1559/1559/1559 1608/1608/1608 1607/1607/1607
f 1560/1560/1560 1561/1561/1561 1609/1609/1609
f 1560/1560/1560 1609/1609/1609 1608/1608/1608
f 1561/1561/1561 1562/1562/1562 1610/1610/1610
f 1561/1561/1561 1610/1610/1610 1609/1609/1609
f 1562/1562/1562 1563/1563/1563 1611/1611/1611
f 1562/1562/1562 1611/1611/1611 1610/1610/1610
f 1563/1563/1563 1564/1564/1564 1612/1612/1612
f 1563/1563/1563 1612/1612/1612 1611/1611/1611
f 1564/1564/1564 1565/1565/1565 1613/1613/1613
f 1564/1564/1564 1613/1613/1613 1612/1612/1612
f 1565/1565/1565 1566/1566/1566 1614/1614/1614
f 1565/1565/1565 1614/1614/1614 1613/1613/1613
f 1566/1566/1566 1567/1567/1567 1615/1615/1615
f 1566/1566/1566 1615/1615/1615 1614/1614/1614
f 1567/1567/1567 1568/1568/1568 1616/1616/1616
f 1567/1567/1567 1616/1616/1616 1615/1615/1615
f 1568/1568/1568 1569/1569/1569 1617/1617/1617
f 1568/1568/1568 1617/1617/1617 1616/1616/1616
f 1569/1569/1569 1570/1570/1570 1618/1618/1618
f 1569/1569/1569 1618/1618/1618 1617/1617/1617
f 1570/1570/1570 1571/1571/1571 1619/1619/1619
f 1570/1570/1570 1619/1619/1619 1618/1618/1618
f 1571/1571/1571 1572/1572/1572 1620/1620/1620
f 1571/1571/1571 1620/1620/1620 1619/1619/1619
f 1572/1572/1572 1573/1573/1573 1621/1621/1621
f 1572/1572/1572 1621/1621/1621 1620/1620/1620
f 1573/1573/1573 1574/1574/1574 1622/1622/1622
f 1573/1573/1573 1622/1622/1622 1621/1621/1621
f 1574/1574/1574 1575/1575/1575 1623/1623/1623
f 1574/1574/1574 1623/1623/1623 1622/1622/1622
f 1575/1575/1575 1576/1576/1576 1624/1624/1624
f 1575/1575/1575 1624/1624/1624 1623/1623/1623
f 1576/1576/1576 1577/1577/1577 1625/1625/1625
f 1576/1576/1576 1625/1625/1625 1624/1624/1624
f 1577/1577/1577 1578/1578/1578 1626/1626/1626
f 1577/1577/1577 1626/1626/1626 1625/1625/1625
f 1578/1578/1578 1579/1579/1579 1627/1627/1627
f 1578/1578/1578 1627/1627/1627 1626/1626/1626
f 1579/1579/1579 1580/1580/1580 1628/1628/1628
f 1579/1579/1579 1628/1628/1628 1627/1627/1627
f 1580/1580/1580 1581/1581/1581 1629/1629/1629
f 1580/1580/1580 1629/1629/1629 1628/1628/1628
f 1581/1581/1581 1582/1582/1582 1630/1630/1630
f 1581/1581/1581 1630/1630/1630 1629/1629/1629
f 1582/1582/1582 1583/1583/1583 1631/1631/1631
f 1582/1582/1582 1631/1631/1631 1630/1630/1630
f 1583/1583/1583 1584/1584/1584 1632/1632/1632
f 1583/1583/1583 1632/1632/1632 1631/1631/1631
f 1584/1584/1584 1537/1537/1537 1585/1585/1585
f 1584/1584/1584 1585/1585/1585 1632/1632/1632
f 1633/1633/1633 2/2/2 1/1/1
f 1633/1633/1633 3/3/3 2/2/2
f 1633/1633/1633 4/4/4 3/3/3
f 1633/1633/1633 5/5/5 4/4/4
f 1633/1633/1633 6/6/6 5/5/5
f 1633/1633/1633 7/7/7 6/6/6
f 1633/1633/1633 8/8/8 7/7/7
f 1633/1633/1633 9/9/9 8/8/8
f 1633/1633/1633 10/10/10 9/9/9
f 1633/1633/1633 11/11/11 10/10/10
f 1633/1633/1633 12/12/12 11/11/11
f 1633/1633/1633 13/13/13 12/12/12
f 1633/1633/1633 14/14/14 13/13/13
f 1633/1633/1633 15/15/15 14/14/14
f 1633/1633/1633 16/16/16 15/15/15
f 1633/1633/1633 17/17/17 16/16/16
f 1633/1633/1633 18/18/18 17/17/17
f 1633/1633/1633 19/19/19 18/18/18
f 1633/1633/1633 20/20/20 19/19/19
f 1633/1633/1633 21/21/21 20/20/20
f 1633/1633/1633 22/22/22 21/21/21
f 1633/1633/1633 23/23/23 22/22/22
f 1633/1633/1633 24/24/24 23/23/23
f 1633/1633/1633 25/25/25 24/24/24
f 1633/1633/1633 26/26/26 25/25/25
f 1633/1633/1633 27/27/27 26/26/26
f 1633/1633/1633 28/28/28 27/27/27
f 1633/1633/1633 29/29/29 28/28/28
f 1633/1633/1633 30/30/30 29/29/29
f 1633/1633/1633 31/31/31 30/30/30
f 1633/1633/1633 32/32/32 31/31/31
f 1633/1633/1633 33/33/33 32/32/32
f 1633/1633/1633 34/34/34 33/33/33
f 1633/1633/1633 35/35/35 34/34/34
f 1633/1633/1633 36/36/36 35/35/35
f 1633/1633/1633 37/37/37 36/36/36
f 1633/1633/1633 38/38/38 37/37/37
f 1633/1633/1633 39/39/39 38/38/38
f 1633/1633/1633 40/40/40 39/39/39
f 1633/1633/1633 41/41/41 40/40/40
f 1633/1633/1633 42/42/42 41/41/41
f 1633/1633/1633 43/43/43 42/42/42
f 1633/1633/1633 44/44/44 43/43/43
f 1633/1633/1633 45/45/45 44/44/44
f 1633/1633/1633 46/46/46 45/45/45
f 1633/1633/1633 47/47/47 46/46/46
f 1633/1633/1633 48/48/48 47/47/47
f 1633/1633/1633 1/1/1 48/48/48
