# procedural placeholder mesh: sheep_head
v 0.02000 0.05000 0.03000
v 0.01965 0.05453 0.03000
v 0.01861 0.05835 0.03000
v 0.01691 0.06172 0.03000
v 0.01459 0.06459 0.03000
v 0.01172 0.06691 0.03000
v 0.00835 0.06861 0.03000
v 0.00453 0.06965 0.03000
v 0.00000 0.07000 0.03000
v -0.00453 0.06965 0.03000
v -0.00835 0.06861 0.03000
v -0.01172 0.06691 0.03000
v -0.01459 0.06459 0.03000
v -0.01691 0.06172 0.03000
v -0.01861 0.05835 0.03000
v -0.01965 0.05453 0.03000
v -0.02000 0.05000 0.03000
v -0.01965 0.04547 0.03000
v -0.01861 0.04165 0.03000
v -0.01691 0.03828 0.03000
v -0.01459 0.03541 0.03000
v -0.01172 0.03309 0.03000
v -0.00835 0.03139 0.03000
v -0.00453 0.03035 0.03000
v -0.00000 0.03000 0.03000
v 0.00453 0.03035 0.03000
v 0.00835 0.03139 0.03000
v 0.01172 0.03309 0.03000
v 0.01459 0.03541 0.03000
v 0.01691 0.03828 0.03000
v 0.01861 0.04165 0.03000
v 0.01965 0.04547 0.03000
v 0.03608 0.05000 0.03553
v 0.03545 0.05904 0.03553
v 0.03358 0.06668 0.03553
v 0.03051 0.07341 0.03553
v 0.02633 0.07914 0.03553
v 0.02115 0.08377 0.03553
v 0.01507 0.08716 0.03553
v 0.00817 0.08924 0.03553
v 0.00000 0.08994 0.03553
v -0.00817 0.08924 0.03553
v -0.01507 0.08716 0.03553
v -0.02115 0.08377 0.03553
v -0.02633 0.07914 0.03553
v -0.03051 0.07341 0.03553
v -0.03358 0.06668 0.03553
v -0.03545 0.05904 0.03553
v -0.03608 0.05000 0.03553
v -0.03545 0.04096 0.03553
v -0.03358 0.03332 0.03553
v -0.03051 0.02659 0.03553
v -0.02633 0.02086 0.03553
v -0.02115 0.01623 0.03553
v -0.01507 0.01284 0.03553
v -0.00817 0.01076 0.03553
v -0.00000 0.01006 0.03553
v 0.00817 0.01076 0.03553
v 0.01507 0.01284 0.03553
v 0.02115 0.01623 0.03553
v 0.02633 0.02086 0.03553
v 0.03051 0.02659 0.03553
v 0.03358 0.03332 0.03553
v 0.03545 0.04096 0.03553
v 0.05254 0.05000 0.04093
v 0.05162 0.06368 0.04093
v 0.04889 0.07524 0.04093
v 0.04442 0.08542 0.04093
v 0.03834 0.09411 0.04093
v 0.03079 0.10111 0.04093
v 0.02194 0.10625 0.04093
v 0.01189 0.10939 0.04093
v 0.00000 0.11044 0.04093
v -0.01189 0.10939 0.04093
v -0.02194 0.10625 0.04093
v -0.03079 0.10111 0.04093
v -0.03834 0.09411 0.04093
v -0.04442 0.08542 0.04093
v -0.04889 0.07524 0.04093
v -0.05162 0.06368 0.04093
v -0.05254 0.05000 0.04093
v -0.05162 0.03632 0.04093
v -0.04889 0.02476 0.04093
v -0.04442 0.01458 0.04093
v -0.03834 0.00589 0.04093
v -0.03079 -0.00111 0.04093
v -0.02194 -0.00625 0.04093
v -0.01189 -0.00939 0.04093
v -0.00000 -0.01044 0.04093
v 0.01189 -0.00939 0.04093
v 0.02194 -0.00625 0.04093
v 0.03079 -0.00111 0.04093
v 0.03834 0.00589 0.04093
v 0.04442 0.01458 0.04093
v 0.04889 0.02476 0.04093
v 0.05162 0.03632 0.04093
v 0.06549 0.05000 0.04764
v 0.06434 0.06709 0.04764
v 0.06094 0.08154 0.04764
v 0.05537 0.09426 0.04764
v 0.04779 0.10511 0.04764
v 0.03838 0.11386 0.04764
v 0.02735 0.12028 0.04764
v 0.01482 0.12421 0.04764
v 0.00000 0.12553 0.04764
v -0.01482 0.12421 0.04764
v -0.02735 0.12028 0.04764
v -0.03838 0.11386 0.04764
v -0.04779 0.10511 0.04764
v -0.05537 0.09426 0.04764
v -0.06094 0.08154 0.04764
v -0.06434 0.06709 0.04764
v -0.06549 0.05000 0.04764
v -0.06434 0.03291 0.04764
v -0.06094 0.01846 0.04764
v -0.05537 0.00574 0.04764
v -0.04779 -0.00511 0.04764
v -0.03838 -0.01386 0.04764
v -0.02735 -0.02028 0.04764
v -0.01482 -0.02421 0.04764
v -0.00000 -0.02553 0.04764
v 0.01482 -0.02421 0.04764
v 0.02735 -0.02028 0.04764
v 0.03838 -0.01386 0.04764
v 0.04779 -0.00511 0.04764
v 0.05537 0.00574 0.04764
v 0.06094 0.01846 0.04764
v 0.06434 0.03291 0.04764
v 0.07340 0.04970 0.05771
v 0.07212 0.06842 0.05771
v 0.06831 0.08423 0.05771
v 0.06207 0.09817 0.05771
v 0.05357 0.11005 0.05771
v 0.04302 0.11962 0.05771
v 0.03065 0.12665 0.05771
v 0.01661 0.13095 0.05771
v 0.00000 0.13240 0.05771
v -0.01661 0.13095 0.05771
v -0.03065 0.12665 0.05771
v -0.04302 0.11962 0.05771
v -0.05357 0.11005 0.05771
v -0.06207 0.09817 0.05771
v -0.06831 0.08423 0.05771
v -0.07212 0.06842 0.05771
v -0.07340 0.04970 0.05771
v -0.07212 0.03098 0.05771
v -0.06831 0.01516 0.05771
v -0.06207 0.00123 0.05771
v -0.05357 -0.01065 0.05771
v -0.04302 -0.02023 0.05771
v -0.03065 -0.02726 0.05771
v -0.01661 -0.03156 0.05771
v -0.00000 -0.03300 0.05771
v 0.01661 -0.03156 0.05771
v 0.03065 -0.02726 0.05771
v 0.04302 -0.02023 0.05771
v 0.05357 -0.01065 0.05771
v 0.06207 0.00123 0.05771
v 0.06831 0.01516 0.05771
v 0.07212 0.03098 0.05771
v 0.08005 0.04841 0.07244
v 0.07865 0.06836 0.07244
v 0.07449 0.08522 0.07244
v 0.06769 0.10007 0.07244
v 0.05842 0.11273 0.07244
v 0.04691 0.12294 0.07244
v 0.03343 0.13043 0.07244
v 0.01812 0.13501 0.07244
v 0.00000 0.13655 0.07244
v -0.01812 0.13501 0.07244
v -0.03343 0.13043 0.07244
v -0.04691 0.12294 0.07244
v -0.05842 0.11273 0.07244
v -0.06769 0.10007 0.07244
v -0.07449 0.08522 0.07244
v -0.07865 0.06836 0.07244
v -0.08005 0.04841 0.07244
v -0.07865 0.02846 0.07244
v -0.07449 0.01160 0.07244
v -0.06769 -0.00325 0.07244
v -0.05842 -0.01592 0.07244
v -0.04691 -0.02613 0.07244
v -0.03343 -0.03362 0.07244
v -0.01812 -0.03820 0.07244
v -0.00000 -0.03974 0.07244
v 0.01812 -0.03820 0.07244
v 0.03343 -0.03362 0.07244
v 0.04691 -0.02613 0.07244
v 0.05842 -0.01592 0.07244
v 0.06769 -0.00325 0.07244
v 0.07449 0.01160 0.07244
v 0.07865 0.02846 0.07244
v 0.08426 0.04638 0.08978
v 0.08279 0.06707 0.08978
v 0.07841 0.08456 0.08978
v 0.07125 0.09997 0.08978
v 0.06149 0.11310 0.08978
v 0.04938 0.12369 0.08978
v 0.03519 0.13147 0.08978
v 0.01907 0.13622 0.08978
v 0.00000 0.13782 0.08978
v -0.01907 0.13622 0.08978
v -0.03519 0.13147 0.08978
v -0.04938 0.12369 0.08978
v -0.06149 0.11310 0.08978
v -0.07125 0.09997 0.08978
v -0.07841 0.08456 0.08978
v -0.08279 0.06707 0.08978
v -0.08426 0.04638 0.08978
v -0.08279 0.02568 0.08978
v -0.07841 0.00819 0.08978
v -0.07125 -0.00721 0.08978
v -0.06149 -0.02035 0.08978
v -0.04938 -0.03094 0.08978
v -0.03519 -0.03871 0.08978
v -0.01907 -0.04347 0.08978
v -0.00000 -0.04506 0.08978
v 0.01907 -0.04347 0.08978
v 0.03519 -0.03871 0.08978
v 0.04938 -0.03094 0.08978
v 0.06149 -0.02035 0.08978
v 0.07125 -0.00721 0.08978
v 0.07841 0.00819 0.08978
v 0.08279 0.02568 0.08978
v 0.08476 0.04349 0.10798
v 0.08328 0.06425 0.10798
v 0.07887 0.08179 0.10798
v 0.07167 0.09724 0.10798
v 0.06185 0.11042 0.10798
v 0.04967 0.12104 0.10798
v 0.03540 0.12884 0.10798
v 0.01918 0.13361 0.10798
v 0.00000 0.13521 0.10798
v -0.01918 0.13361 0.10798
v -0.03540 0.12884 0.10798
v -0.04967 0.12104 0.10798
v -0.06185 0.11042 0.10798
v -0.07167 0.09724 0.10798
v -0.07887 0.08179 0.10798
v -0.08328 0.06425 0.10798
v -0.08476 0.04349 0.10798
v -0.08328 0.02272 0.10798
v -0.07887 0.00518 0.10798
v -0.07167 -0.01027 0.10798
v -0.06185 -0.02345 0.10798
v -0.04967 -0.03407 0.10798
v -0.03540 -0.04187 0.10798
v -0.01918 -0.04664 0.10798
v -0.00000 -0.04824 0.10798
v 0.01918 -0.04664 0.10798
v 0.03540 -0.04187 0.10798
v 0.04967 -0.03407 0.10798
v 0.06185 -0.02345 0.10798
v 0.07167 -0.01027 0.10798
v 0.07887 0.00518 0.10798
v 0.08328 0.02272 0.10798
v 0.08266 0.03725 0.12881
v 0.08121 0.05747 0.12881
v 0.07692 0.07456 0.12881
v 0.06989 0.08961 0.12881
v 0.06032 0.10245 0.12881
v 0.04844 0.11280 0.12881
v 0.03452 0.12039 0.12881
v 0.01871 0.12503 0.12881
v 0.00000 0.12660 0.12881
v -0.01871 0.12503 0.12881
v -0.03452 0.12039 0.12881
v -0.04844 0.11280 0.12881
v -0.06032 0.10245 0.12881
v -0.06989 0.08961 0.12881
v -0.07692 0.07456 0.12881
v -0.08121 0.05747 0.12881
v -0.08266 0.03725 0.12881
v -0.08121 0.01703 0.12881
v -0.07692 -0.00006 0.12881
v -0.06989 -0.01511 0.12881
v -0.06032 -0.02795 0.12881
v -0.04844 -0.03830 0.12881
v -0.03452 -0.04589 0.12881
v -0.01871 -0.05053 0.12881
v -0.00000 -0.05210 0.12881
v 0.01871 -0.05053 0.12881
v 0.03452 -0.04589 0.12881
v 0.04844 -0.03830 0.12881
v 0.06032 -0.02795 0.12881
v 0.06989 -0.01511 0.12881
v 0.07692 -0.00006 0.12881
v 0.08121 0.01703 0.12881
v 0.07923 0.02901 0.15115
v 0.07784 0.04836 0.15115
v 0.07373 0.06472 0.15115
v 0.06699 0.07913 0.15115
v 0.05782 0.09141 0.15115
v 0.04643 0.10132 0.15115
v 0.03309 0.10859 0.15115
v 0.01793 0.11303 0.15115
v 0.00000 0.11452 0.15115
v -0.01793 0.11303 0.15115
v -0.03309 0.10859 0.15115
v -0.04643 0.10132 0.15115
v -0.05782 0.09141 0.15115
v -0.06699 0.07913 0.15115
v -0.07373 0.06472 0.15115
v -0.07784 0.04836 0.15115
v -0.07923 0.02901 0.15115
v -0.07784 0.00965 0.15115
v -0.07373 -0.00671 0.15115
v -0.06699 -0.02111 0.15115
v -0.05782 -0.03340 0.15115
v -0.04643 -0.04330 0.15115
v -0.03309 -0.05057 0.15115
v -0.01793 -0.05502 0.15115
v -0.00000 -0.05651 0.15115
v 0.01793 -0.05502 0.15115
v 0.03309 -0.05057 0.15115
v 0.04643 -0.04330 0.15115
v 0.05782 -0.03340 0.15115
v 0.06699 -0.02111 0.15115
v 0.07373 -0.00671 0.15115
v 0.07784 0.00965 0.15115
v 0.07544 0.02090 0.17305
v 0.07412 0.03933 0.17305
v 0.07020 0.05490 0.17305
v 0.06379 0.06862 0.17305
v 0.05505 0.08031 0.17305
v 0.04421 0.08974 0.17305
v 0.03151 0.09666 0.17305
v 0.01708 0.10089 0.17305
v 0.00000 0.10232 0.17305
v -0.01708 0.10089 0.17305
v -0.03151 0.09666 0.17305
v -0.04421 0.08974 0.17305
v -0.05505 0.08031 0.17305
v -0.06379 0.06862 0.17305
v -0.07020 0.05490 0.17305
v -0.07412 0.03933 0.17305
v -0.07544 0.02090 0.17305
v -0.07412 0.00248 0.17305
v -0.07020 -0.01309 0.17305
v -0.06379 -0.02681 0.17305
v -0.05505 -0.03851 0.17305
v -0.04421 -0.04793 0.17305
v -0.03151 -0.05485 0.17305
v -0.01708 -0.05908 0.17305
v -0.00000 -0.06051 0.17305
v 0.01708 -0.05908 0.17305
v 0.03151 -0.05485 0.17305
v 0.04421 -0.04793 0.17305
v 0.05505 -0.03851 0.17305
v 0.06379 -0.02681 0.17305
v 0.07020 -0.01309 0.17305
v 0.07412 0.00248 0.17305
v 0.07008 0.01261 0.19477
v 0.06886 0.02983 0.19477
v 0.06521 0.04439 0.19477
v 0.05926 0.05721 0.19477
v 0.05114 0.06814 0.19477
v 0.04107 0.07695 0.19477
v 0.02927 0.08342 0.19477
v 0.01586 0.08737 0.19477
v 0.00000 0.08871 0.19477
v -0.01586 0.08737 0.19477
v -0.02927 0.08342 0.19477
v -0.04107 0.07695 0.19477
v -0.05114 0.06814 0.19477
v -0.05926 0.05721 0.19477
v -0.06521 0.04439 0.19477
v -0.06886 0.02983 0.19477
v -0.07008 0.01261 0.19477
v -0.06886 -0.00461 0.19477
v -0.06521 -0.01917 0.19477
v -0.05926 -0.03199 0.19477
v -0.05114 -0.04292 0.19477
v -0.04107 -0.05173 0.19477
v -0.02927 -0.05820 0.19477
v -0.01586 -0.06215 0.19477
v -0.00000 -0.06348 0.19477
v 0.01586 -0.06215 0.19477
v 0.02927 -0.05820 0.19477
v 0.04107 -0.05173 0.19477
v 0.05114 -0.04292 0.19477
v 0.05926 -0.03199 0.19477
v 0.06521 -0.01917 0.19477
v 0.06886 -0.00461 0.19477
v 0.06371 0.00397 0.21645
v 0.06260 0.01979 0.21645
v 0.05929 0.03316 0.21645
v 0.05387 0.04494 0.21645
v 0.04649 0.05498 0.21645
v 0.03734 0.06307 0.21645
v 0.02661 0.06902 0.21645
v 0.01442 0.07265 0.21645
v 0.00000 0.07387 0.21645
v -0.01442 0.07265 0.21645
v -0.02661 0.06902 0.21645
v -0.03734 0.06307 0.21645
v -0.04649 0.05498 0.21645
v -0.05387 0.04494 0.21645
v -0.05929 0.03316 0.21645
v -0.06260 0.01979 0.21645
v -0.06371 0.00397 0.21645
v -0.06260 -0.01186 0.21645
v -0.05929 -0.02523 0.21645
v -0.05387 -0.03700 0.21645
v -0.04649 -0.04705 0.21645
v -0.03734 -0.05514 0.21645
v -0.02661 -0.06108 0.21645
v -0.01442 -0.06472 0.21645
v -0.00000 -0.06594 0.21645
v 0.01442 -0.06472 0.21645
v 0.02661 -0.06108 0.21645
v 0.03734 -0.05514 0.21645
v 0.04649 -0.04705 0.21645
v 0.05387 -0.03700 0.21645
v 0.05929 -0.02523 0.21645
v 0.06260 -0.01186 0.21645
v 0.05852 -0.00398 0.23717
v 0.05749 0.01064 0.23717
v 0.05445 0.02299 0.23717
v 0.04948 0.03387 0.23717
v 0.04270 0.04315 0.23717
v 0.03430 0.05063 0.23717
v 0.02444 0.05612 0.23717
v 0.01324 0.05948 0.23717
v 0.00000 0.06061 0.23717
v -0.01324 0.05948 0.23717
v -0.02444 0.05612 0.23717
v -0.03430 0.05063 0.23717
v -0.04270 0.04315 0.23717
v -0.04948 0.03387 0.23717
v -0.05445 0.02299 0.23717
v -0.05749 0.01064 0.23717
v -0.05852 -0.00398 0.23717
v -0.05749 -0.01860 0.23717
v -0.05445 -0.03095 0.23717
v -0.04948 -0.04183 0.23717
v -0.04270 -0.05111 0.23717
v -0.03430 -0.05859 0.23717
v -0.02444 -0.06408 0.23717
v -0.01324 -0.06744 0.23717
v -0.00000 -0.06857 0.23717
v 0.01324 -0.06744 0.23717
v 0.02444 -0.06408 0.23717
v 0.03430 -0.05859 0.23717
v 0.04270 -0.05111 0.23717
v 0.04948 -0.04183 0.23717
v 0.05445 -0.03095 0.23717
v 0.05749 -0.01860 0.23717
v 0.05552 -0.01098 0.25710
v 0.05455 0.00284 0.25710
v 0.05166 0.01452 0.25710
v 0.04694 0.02481 0.25710
v 0.04051 0.03359 0.25710
v 0.03254 0.04066 0.25710
v 0.02318 0.04585 0.25710
v 0.01257 0.04902 0.25710
v 0.00000 0.05009 0.25710
v -0.01257 0.04902 0.25710
v -0.02318 0.04585 0.25710
v -0.03254 0.04066 0.25710
v -0.04051 0.03359 0.25710
v -0.04694 0.02481 0.25710
v -0.05166 0.01452 0.25710
v -0.05455 0.00284 0.25710
v -0.05552 -0.01098 0.25710
v -0.05455 -0.02480 0.25710
v -0.05166 -0.03648 0.25710
v -0.04694 -0.04677 0.25710
v -0.04051 -0.05554 0.25710
v -0.03254 -0.06261 0.25710
v -0.02318 -0.06780 0.25710
v -0.01257 -0.07098 0.25710
v -0.00000 -0.07205 0.25710
v 0.01257 -0.07098 0.25710
v 0.02318 -0.06780 0.25710
v 0.03254 -0.06261 0.25710
v 0.04051 -0.05554 0.25710
v 0.04694 -0.04677 0.25710
v 0.05166 -0.03648 0.25710
v 0.05455 -0.02480 0.25710
v 0.05327 -0.01755 0.27660
v 0.05234 -0.00436 0.27660
v 0.04957 0.00679 0.27660
v 0.04504 0.01660 0.27660
v 0.03888 0.02498 0.27660
v 0.03122 0.03172 0.27660
v 0.02225 0.03668 0.27660
v 0.01206 0.03971 0.27660
v 0.00000 0.04073 0.27660
v -0.01206 0.03971 0.27660
v -0.02225 0.03668 0.27660
v -0.03122 0.03172 0.27660
v -0.03888 0.02498 0.27660
v -0.04504 0.01660 0.27660
v -0.04957 0.00679 0.27660
v -0.05234 -0.00436 0.27660
v -0.05327 -0.01755 0.27660
v -0.05234 -0.03074 0.27660
v -0.04957 -0.04188 0.27660
v -0.04504 -0.05170 0.27660
v -0.03888 -0.06007 0.27660
v -0.03122 -0.06682 0.27660
v -0.02225 -0.07178 0.27660
v -0.01206 -0.07480 0.27660
v -0.00000 -0.07582 0.27660
v 0.01206 -0.07480 0.27660
v 0.02225 -0.07178 0.27660
v 0.03122 -0.06682 0.27660
v 0.03888 -0.06007 0.27660
v 0.04504 -0.05170 0.27660
v 0.04957 -0.04188 0.27660
v 0.05234 -0.03074 0.27660
v 0.05109 -0.02309 0.29380
v 0.05019 -0.01055 0.29380
v 0.04754 0.00005 0.29380
v 0.04319 0.00939 0.29380
v 0.03728 0.01735 0.29380
v 0.02994 0.02377 0.29380
v 0.02133 0.02848 0.29380
v 0.01156 0.03136 0.29380
v 0.00000 0.03233 0.29380
v -0.01156 0.03136 0.29380
v -0.02133 0.02848 0.29380
v -0.02994 0.02377 0.29380
v -0.03728 0.01735 0.29380
v -0.04319 0.00939 0.29380
v -0.04754 0.00005 0.29380
v -0.05019 -0.01055 0.29380
v -0.05109 -0.02309 0.29380
v -0.05019 -0.03564 0.29380
v -0.04754 -0.04624 0.29380
v -0.04319 -0.05558 0.29380
v -0.03728 -0.06354 0.29380
v -0.02994 -0.06996 0.29380
v -0.02133 -0.07467 0.29380
v -0.01156 -0.07755 0.29380
v -0.00000 -0.07852 0.29380
v 0.01156 -0.07755 0.29380
v 0.02133 -0.07467 0.29380
v 0.02994 -0.06996 0.29380
v 0.03728 -0.06354 0.29380
v 0.04319 -0.05558 0.29380
v 0.04754 -0.04624 0.29380
v 0.05019 -0.03564 0.29380
v 0.04852 -0.02727 0.30753
v 0.04767 -0.01551 0.30753
v 0.04515 -0.00557 0.30753
v 0.04102 0.00319 0.30753
v 0.03541 0.01065 0.30753
v 0.02843 0.01667 0.30753
v 0.02026 0.02109 0.30753
v 0.01098 0.02379 0.30753
v 0.00000 0.02470 0.30753
v -0.01098 0.02379 0.30753
v -0.02026 0.02109 0.30753
v -0.02843 0.01667 0.30753
v -0.03541 0.01065 0.30753
v -0.04102 0.00319 0.30753
v -0.04515 -0.00557 0.30753
v -0.04767 -0.01551 0.30753
v -0.04852 -0.02727 0.30753
v -0.04767 -0.03903 0.30753
v -0.04515 -0.04897 0.30753
v -0.04102 -0.05773 0.30753
v -0.03541 -0.06519 0.30753
v -0.02843 -0.07121 0.30753
v -0.02026 -0.07563 0.30753
v -0.01098 -0.07833 0.30753
v -0.00000 -0.07924 0.30753
v 0.01098 -0.07833 0.30753
v 0.02026 -0.07563 0.30753
v 0.02843 -0.07121 0.30753
v 0.03541 -0.06519 0.30753
v 0.04102 -0.05773 0.30753
v 0.04515 -0.04897 0.30753
v 0.04767 -0.03903 0.30753
v 0.04596 -0.03086 0.31961
v 0.04516 -0.01995 0.31961
v 0.04277 -0.01072 0.31961
v 0.03886 -0.00260 0.31961
v 0.03354 0.00433 0.31961
v 0.02693 0.00991 0.31961
v 0.01919 0.01401 0.31961
v 0.01040 0.01651 0.31961
v 0.00000 0.01736 0.31961
v -0.01040 0.01651 0.31961
v -0.01919 0.01401 0.31961
v -0.02693 0.00991 0.31961
v -0.03354 0.00433 0.31961
v -0.03886 -0.00260 0.31961
v -0.04277 -0.01072 0.31961
v -0.04516 -0.01995 0.31961
v -0.04596 -0.03086 0.31961
v -0.04516 -0.04177 0.31961
v -0.04277 -0.05099 0.31961
v -0.03886 -0.05912 0.31961
v -0.03354 -0.06604 0.31961
v -0.02693 -0.07163 0.31961
v -0.01919 -0.07573 0.31961
v -0.01040 -0.07823 0.31961
v -0.00000 -0.07907 0.31961
v 0.01040 -0.07823 0.31961
v 0.01919 -0.07573 0.31961
v 0.02693 -0.07163 0.31961
v 0.03354 -0.06604 0.31961
v 0.03886 -0.05912 0.31961
v 0.04277 -0.05099 0.31961
v 0.04516 -0.04177 0.31961
v 0.04288 -0.03367 0.32960
v 0.04213 -0.02375 0.32960
v 0.03990 -0.01537 0.32960
v 0.03626 -0.00799 0.32960
v 0.03129 -0.00170 0.32960
v 0.02513 0.00337 0.32960
v 0.01791 0.00710 0.32960
v 0.00971 0.00938 0.32960
v 0.00000 0.01014 0.32960
v -0.00971 0.00938 0.32960
v -0.01791 0.00710 0.32960
v -0.02513 0.00337 0.32960
v -0.03129 -0.00170 0.32960
v -0.03626 -0.00799 0.32960
v -0.03990 -0.01537 0.32960
v -0.04213 -0.02375 0.32960
v -0.04288 -0.03367 0.32960
v -0.04213 -0.04358 0.32960
v -0.03990 -0.05196 0.32960
v -0.03626 -0.05934 0.32960
v -0.03129 -0.06563 0.32960
v -0.02513 -0.07071 0.32960
v -0.01791 -0.07443 0.32960
v -0.00971 -0.07671 0.32960
v -0.00000 -0.07747 0.32960
v 0.00971 -0.07671 0.32960
v 0.01791 -0.07443 0.32960
v 0.02513 -0.07071 0.32960
v 0.03129 -0.06563 0.32960
v 0.03626 -0.05934 0.32960
v 0.03990 -0.05196 0.32960
v 0.04213 -0.04358 0.32960
v 0.03848 -0.03538 0.33674
v 0.03781 -0.02674 0.33674
v 0.03581 -0.01943 0.33674
v 0.03254 -0.01300 0.33674
v 0.02808 -0.00751 0.33674
v 0.02255 -0.00309 0.33674
v 0.01607 0.00015 0.33674
v 0.00871 0.00214 0.33674
v 0.00000 0.00280 0.33674
v -0.00871 0.00214 0.33674
v -0.01607 0.00015 0.33674
v -0.02255 -0.00309 0.33674
v -0.02808 -0.00751 0.33674
v -0.03254 -0.01300 0.33674
v -0.03581 -0.01943 0.33674
v -0.03781 -0.02674 0.33674
v -0.03848 -0.03538 0.33674
v -0.03781 -0.04402 0.33674
v -0.03581 -0.05132 0.33674
v -0.03254 -0.05776 0.33674
v -0.02808 -0.06324 0.33674
v -0.02255 -0.06766 0.33674
v -0.01607 -0.07091 0.33674
v -0.00871 -0.07289 0.33674
v -0.00000 -0.07356 0.33674
v 0.00871 -0.07289 0.33674
v 0.01607 -0.07091 0.33674
v 0.02255 -0.06766 0.33674
v 0.02808 -0.06324 0.33674
v 0.03254 -0.05776 0.33674
v 0.03581 -0.05132 0.33674
v 0.03781 -0.04402 0.33674
v 0.03044 -0.03641 0.34174
v 0.02990 -0.02965 0.34174
v 0.02832 -0.02395 0.34174
v 0.02573 -0.01892 0.34174
v 0.02221 -0.01463 0.34174
v 0.01784 -0.01118 0.34174
v 0.01271 -0.00864 0.34174
v 0.00689 -0.00709 0.34174
v 0.00000 -0.00657 0.34174
v -0.00689 -0.00709 0.34174
v -0.01271 -0.00864 0.34174
v -0.01784 -0.01118 0.34174
v -0.02221 -0.01463 0.34174
v -0.02573 -0.01892 0.34174
v -0.02832 -0.02395 0.34174
v -0.02990 -0.02965 0.34174
v -0.03044 -0.03641 0.34174
v -0.02990 -0.04316 0.34174
v -0.02832 -0.04887 0.34174
v -0.02573 -0.05390 0.34174
v -0.02221 -0.05819 0.34174
v -0.01784 -0.06164 0.34174
v -0.01271 -0.06418 0.34174
v -0.00689 -0.06573 0.34174
v -0.00000 -0.06625 0.34174
v 0.00689 -0.06573 0.34174
v 0.01271 -0.06418 0.34174
v 0.01784 -0.06164 0.34174
v 0.02221 -0.05819 0.34174
v 0.02573 -0.05390 0.34174
v 0.02832 -0.04887 0.34174
v 0.02990 -0.04316 0.34174
v 0.02010 -0.03719 0.34582
v 0.01975 -0.03270 0.34582
v 0.01870 -0.02891 0.34582
v 0.01699 -0.02557 0.34582
v 0.01467 -0.02272 0.34582
v 0.01178 -0.02042 0.34582
v 0.00839 -0.01874 0.34582
v 0.00455 -0.01770 0.34582
v 0.00000 -0.01736 0.34582
v -0.00455 -0.01770 0.34582
v -0.00839 -0.01874 0.34582
v -0.01178 -0.02042 0.34582
v -0.01467 -0.02272 0.34582
v -0.01699 -0.02557 0.34582
v -0.01870 -0.02891 0.34582
v -0.01975 -0.03270 0.34582
v -0.02010 -0.03719 0.34582
v -0.01975 -0.04168 0.34582
v -0.01870 -0.04547 0.34582
v -0.01699 -0.04881 0.34582
v -0.01467 -0.05166 0.34582
v -0.01178 -0.05396 0.34582
v -0.00839 -0.05565 0.34582
v -0.00455 -0.05668 0.34582
v -0.00000 -0.05702 0.34582
v 0.00455 -0.05668 0.34582
v 0.00839 -0.05565 0.34582
v 0.01178 -0.05396 0.34582
v 0.01467 -0.05166 0.34582
v 0.01699 -0.04881 0.34582
v 0.01870 -0.04547 0.34582
v 0.01975 -0.04168 0.34582
v 0.01000 -0.03800 0.35000
v 0.00983 -0.03574 0.35000
v 0.00931 -0.03382 0.35000
v 0.00846 -0.03214 0.35000
v 0.00730 -0.03070 0.35000
v 0.00586 -0.02954 0.35000
v 0.00418 -0.02869 0.35000
v 0.00226 -0.02817 0.35000
v 0.00000 -0.02800 0.35000
v -0.00226 -0.02817 0.35000
v -0.00418 -0.02869 0.35000
v -0.00586 -0.02954 0.35000
v -0.00730 -0.03070 0.35000
v -0.00846 -0.03214 0.35000
v -0.00931 -0.03382 0.35000
v -0.00983 -0.03574 0.35000
v -0.01000 -0.03800 0.35000
v -0.00983 -0.04026 0.35000
v -0.00931 -0.04218 0.35000
v -0.00846 -0.04386 0.35000
v -0.00730 -0.04530 0.35000
v -0.00586 -0.04646 0.35000
v -0.00418 -0.04731 0.35000
v -0.00226 -0.04783 0.35000
v -0.00000 -0.04800 0.35000
v 0.00226 -0.04783 0.35000
v 0.00418 -0.04731 0.35000
v 0.00586 -0.04646 0.35000
v 0.00730 -0.04530 0.35000
v 0.00846 -0.04386 0.35000
v 0.00931 -0.04218 0.35000
v 0.00983 -0.04026 0.35000
v 0.00000 0.05000 0.03000
v 0.00000 -0.03800 0.35000
vn 0.2074 0.0072 -0.9782
vn 0.1976 0.0403 -0.9794
vn 0.1822 0.0760 -0.9803
vn 0.1577 0.1079 -0.9816
vn 0.1274 0.1347 -0.9827
vn 0.0935 0.1555 -0.9834
vn 0.0581 0.1700 -0.9837
vn 0.0226 0.1792 -0.9836
vn -0.0073 0.1789 -0.9838
vn -0.0392 0.1727 -0.9842
vn -0.0754 0.1631 -0.9837
vn -0.1105 0.1461 -0.9831
vn -0.1432 0.1228 -0.9820
vn -0.1714 0.0936 -0.9807
vn -0.1931 0.0601 -0.9793
vn -0.2073 0.0241 -0.9780
vn -0.2074 -0.0072 -0.9782
vn -0.1976 -0.0403 -0.9794
vn -0.1822 -0.0760 -0.9803
vn -0.1577 -0.1079 -0.9816
vn -0.1274 -0.1347 -0.9827
vn -0.0935 -0.1555 -0.9834
vn -0.0581 -0.1700 -0.9837
vn -0.0226 -0.1792 -0.9836
vn 0.0073 -0.1789 -0.9838
vn 0.0392 -0.1727 -0.9842
vn 0.0754 -0.1631 -0.9837
vn 0.1105 -0.1461 -0.9831
vn 0.1432 -0.1228 -0.9820
vn 0.1714 -0.0936 -0.9807
vn 0.1931 -0.0601 -0.9793
vn 0.2073 -0.0241 -0.9780
vn 0.3171 0.0032 -0.9484
vn 0.3089 0.0505 -0.9497
vn 0.2853 0.1026 -0.9529
vn 0.2492 0.1500 -0.9568
vn 0.2038 0.1903 -0.9604
vn 0.1522 0.2218 -0.9631
vn 0.0978 0.2438 -0.9649
vn 0.0429 0.2566 -0.9656
vn -0.0037 0.2601 -0.9656
vn -0.0515 0.2553 -0.9655
vn -0.1066 0.2408 -0.9647
vn -0.1605 0.2172 -0.9628
vn -0.2111 0.1844 -0.9599
vn -0.2551 0.1431 -0.9563
vn -0.2894 0.0950 -0.9525
vn -0.3108 0.0427 -0.9495
vn -0.3171 -0.0032 -0.9484
vn -0.3089 -0.0505 -0.9497
vn -0.2853 -0.1026 -0.9529
vn -0.2492 -0.1500 -0.9568
vn -0.2038 -0.1903 -0.9604
vn -0.1522 -0.2218 -0.9631
vn -0.0978 -0.2438 -0.9649
vn -0.0429 -0.2566 -0.9656
vn 0.0037 -0.2601 -0.9656
vn 0.0515 -0.2553 -0.9655
vn 0.1066 -0.2408 -0.9647
vn 0.1605 -0.2172 -0.9628
vn 0.2111 -0.1844 -0.9599
vn 0.2551 -0.1431 -0.9563
vn 0.2894 -0.0950 -0.9525
vn 0.3108 -0.0427 -0.9495
vn 0.3880 0.0034 -0.9216
vn 0.3780 0.0590 -0.9239
vn 0.3535 0.1221 -0.9274
vn 0.3132 0.1811 -0.9322
vn 0.2601 0.2333 -0.9370
vn 0.1972 0.2757 -0.9408
vn 0.1286 0.3067 -0.9431
vn 0.0574 0.3259 -0.9436
vn -0.0039 0.3293 -0.9442
vn -0.0659 0.3208 -0.9449
vn -0.1370 0.3016 -0.9435
vn -0.2049 0.2695 -0.9410
vn -0.2666 0.2260 -0.9369
vn -0.3184 0.1733 -0.9320
vn -0.3575 0.1141 -0.9269
vn -0.3825 0.0514 -0.9225
vn -0.3880 -0.0034 -0.9216
vn -0.3780 -0.0590 -0.9239
vn -0.3535 -0.1221 -0.9274
vn -0.3132 -0.1811 -0.9322
vn -0.2601 -0.2333 -0.9370
vn -0.1972 -0.2757 -0.9408
vn -0.1286 -0.3067 -0.9431
vn -0.0574 -0.3259 -0.9436
vn 0.0039 -0.3293 -0.9442
vn 0.0659 -0.3208 -0.9449
vn 0.1370 -0.3016 -0.9435
vn 0.2049 -0.2695 -0.9410
vn 0.2666 -0.2260 -0.9369
vn 0.3184 -0.1733 -0.9320
vn 0.3575 -0.1141 -0.9269
vn 0.3825 -0.0514 -0.9225
vn 0.6353 0.0050 -0.7723
vn 0.6230 0.0965 -0.7763
vn 0.5941 0.2043 -0.7780
vn 0.5400 0.3111 -0.7820
vn 0.4613 0.4123 -0.7856
vn 0.3595 0.5005 -0.7876
vn 0.2397 0.5684 -0.7871
vn 0.1092 0.6124 -0.7830
vn -0.0062 0.6189 -0.7855
vn -0.1220 0.5993 -0.7912
vn -0.2520 0.5575 -0.7910
vn -0.3700 0.4882 -0.7905
vn -0.4693 0.3991 -0.7877
vn -0.5459 0.2980 -0.7830
vn -0.5989 0.1918 -0.7776
vn -0.6307 0.0853 -0.7713
vn -0.6350 -0.0050 -0.7725
vn -0.6210 -0.0962 -0.7779
vn -0.5903 -0.2030 -0.7812
vn -0.5349 -0.3082 -0.7867
vn -0.4556 -0.4072 -0.7916
vn -0.3542 -0.4930 -0.7947
vn -0.2356 -0.5588 -0.7951
vn -0.1072 -0.6013 -0.7918
vn 0.0061 -0.6077 -0.7942
vn 0.1198 -0.5890 -0.7992
vn 0.2480 -0.5485 -0.7985
vn 0.3647 -0.4813 -0.7971
vn 0.4640 -0.3946 -0.7931
vn 0.5414 -0.2955 -0.7871
vn 0.5957 -0.1908 -0.7802
vn 0.6293 -0.0851 -0.7725
vn 0.8646 0.0056 -0.5025
vn 0.8563 0.1336 -0.4988
vn 0.8240 0.2870 -0.4885
vn 0.7593 0.4439 -0.4758
vn 0.6579 0.5967 -0.4596
vn 0.5189 0.7325 -0.4407
vn 0.3487 0.8371 -0.4216
vn 0.1598 0.9004 -0.4046
vn -0.0069 0.9156 -0.4021
vn -0.1759 0.8942 -0.4117
vn -0.3645 0.8286 -0.4249
vn -0.5326 0.7211 -0.4431
vn -0.6687 0.5832 -0.4613
vn -0.7669 0.4295 -0.4768
vn -0.8288 0.2728 -0.4885
vn -0.8601 0.1203 -0.4957
vn -0.8638 -0.0056 -0.5038
vn -0.8484 -0.1324 -0.5126
vn -0.8083 -0.2816 -0.5171
vn -0.7376 -0.4312 -0.5196
vn -0.6334 -0.5745 -0.5185
vn -0.4960 -0.7002 -0.5135
vn -0.3318 -0.7963 -0.5057
vn -0.1516 -0.8546 -0.4967
vn 0.0066 -0.8690 -0.4948
vn 0.1671 -0.8495 -0.5005
vn 0.3471 -0.7892 -0.5066
vn 0.5099 -0.6904 -0.5132
vn 0.6450 -0.5625 -0.5172
vn 0.7466 -0.4181 -0.5175
vn 0.8148 -0.2681 -0.5140
vn 0.8539 -0.1195 -0.5066
vn 0.9480 0.0033 -0.3182
vn 0.9406 0.1460 -0.3067
vn 0.9040 0.3171 -0.2868
vn 0.8306 0.4904 -0.2639
vn 0.7160 0.6564 -0.2379
vn 0.5612 0.8003 -0.2112
vn 0.3756 0.9077 -0.1872
vn 0.1732 0.9703 -0.1689
vn -0.0036 0.9863 -0.1649
vn -0.1819 0.9680 -0.1729
vn -0.3843 0.9038 -0.1882
vn -0.5692 0.7946 -0.2115
vn -0.7225 0.6493 -0.2378
vn -0.8354 0.4825 -0.2635
vn -0.9071 0.3089 -0.2860
vn -0.9427 0.1383 -0.3037
vn -0.9476 -0.0033 -0.3194
vn -0.9313 -0.1445 -0.3344
vn -0.8853 -0.3105 -0.3461
vn -0.8050 -0.4753 -0.3552
vn -0.6877 -0.6304 -0.3602
vn -0.5355 -0.7636 -0.3608
vn -0.3571 -0.8628 -0.3578
vn -0.1645 -0.9212 -0.3525
vn 0.0035 -0.9363 -0.3511
vn 0.1727 -0.9190 -0.3544
vn 0.3655 -0.8596 -0.3571
vn 0.5435 -0.7588 -0.3590
vn 0.6946 -0.6242 -0.3577
vn 0.8105 -0.4681 -0.3522
vn 0.8893 -0.3029 -0.3426
vn 0.9344 -0.1371 -0.3289
vn 0.9915 0.0012 -0.1298
vn 0.9821 0.1517 -0.1115
vn 0.9399 0.3309 -0.0841
vn 0.8584 0.5099 -0.0556
vn 0.7346 0.6780 -0.0269
vn 0.5717 0.8204 -0.0003
vn 0.3809 0.9244 0.0212
vn 0.1763 0.9837 0.0363
vn -0.0012 0.9993 0.0386
vn -0.1793 0.9833 0.0325
vn -0.3839 0.9231 0.0210
vn -0.5745 0.8185 0.0006
vn -0.7369 0.6755 -0.0255
vn -0.8602 0.5071 -0.0541
vn -0.9411 0.3279 -0.0824
vn -0.9830 0.1489 -0.1076
vn -0.9914 -0.0012 -0.1311
vn -0.9765 -0.1509 -0.1538
vn -0.9287 -0.3270 -0.1748
vn -0.8433 -0.5010 -0.1947
vn -0.7183 -0.6630 -0.2111
vn -0.5574 -0.7998 -0.2230
vn -0.3708 -0.8999 -0.2297
vn -0.1716 -0.9576 -0.2313
vn 0.0012 -0.9727 -0.2322
vn 0.1745 -0.9568 -0.2326
vn 0.3739 -0.8990 -0.2281
vn 0.5604 -0.7984 -0.2200
vn 0.7211 -0.6610 -0.2073
vn 0.8457 -0.4985 -0.1904
vn 0.9305 -0.3243 -0.1703
vn 0.9780 -0.1481 -0.1471
vn 0.9991 0.0014 0.0429
vn 0.9852 0.1530 0.0776
vn 0.9357 0.3311 0.1217
vn 0.8469 0.5056 0.1647
vn 0.7177 0.6657 0.2043
vn 0.5535 0.7983 0.2372
vn 0.3661 0.8933 0.2608
vn 0.1685 0.9465 0.2753
vn -0.0015 0.9612 0.2758
vn -0.1724 0.9474 0.2695
vn -0.3700 0.8926 0.2576
vn -0.5572 0.7967 0.2340
vn -0.7209 0.6633 0.2008
vn -0.8494 0.5026 0.1611
vn -0.9373 0.3278 0.1183
vn -0.9858 0.1498 0.0761
vn -0.9992 -0.0014 0.0390
vn -0.9881 -0.1535 0.0026
vn -0.9421 -0.3333 -0.0369
vn -0.8562 -0.5111 -0.0759
vn -0.7286 -0.6758 -0.1116
vn -0.5641 -0.8135 -0.1412
vn -0.3742 -0.9130 -0.1625
vn -0.1726 -0.9694 -0.1746
vn 0.0015 -0.9842 -0.1773
vn 0.1763 -0.9690 -0.1732
vn 0.3780 -0.9119 -0.1601
vn 0.5677 -0.8116 -0.1378
vn 0.7316 -0.6732 -0.1073
vn 0.8584 -0.5080 -0.0709
vn 0.9435 -0.3300 -0.0314
vn 0.9886 -0.1502 0.0096
vn 0.9918 0.0000 0.1276
vn 0.9727 0.1497 0.1775
vn 0.9163 0.3228 0.2372
vn 0.8212 0.4888 0.2944
vn 0.6889 0.6374 0.3453
vn 0.5267 0.7575 0.3858
vn 0.3465 0.8419 0.4137
vn 0.1598 0.8890 0.4291
vn 0.0000 0.9021 0.4315
vn -0.1600 0.8901 0.4268
vn -0.3467 0.8425 0.4123
vn -0.5270 0.7579 0.3845
vn -0.6893 0.6377 0.3438
vn -0.8216 0.4890 0.2929
vn -0.9166 0.3229 0.2358
vn -0.9728 0.1496 0.1768
vn -0.9920 -0.0000 0.1260
vn -0.9855 -0.1516 0.0765
vn -0.9430 -0.3322 0.0197
vn -0.8587 -0.5111 -0.0364
vn -0.7311 -0.6765 -0.0885
vn -0.5659 -0.8138 -0.1322
vn -0.3754 -0.9122 -0.1643
vn -0.1739 -0.9676 -0.1831
vn -0.0000 -0.9821 -0.1882
vn 0.1739 -0.9677 -0.1825
vn 0.3755 -0.9123 -0.1634
vn 0.5660 -0.8139 -0.1309
vn 0.7313 -0.6765 -0.0868
vn 0.8588 -0.5111 -0.0345
vn 0.9430 -0.3322 0.0219
vn 0.9853 -0.1516 0.0793
vn 0.9871 -0.0013 0.1604
vn 0.9655 0.1471 0.2147
vn 0.9063 0.3179 0.2785
vn 0.8090 0.4800 0.3391
vn 0.6761 0.6237 0.3923
vn 0.5154 0.7389 0.4341
vn 0.3388 0.8194 0.4624
vn 0.1569 0.8645 0.4775
vn 0.0014 0.8767 0.4810
vn -0.1536 0.8651 0.4775
vn -0.3354 0.8205 0.4628
vn -0.5122 0.7406 0.4348
vn -0.6733 0.6261 0.3933
vn -0.8068 0.4829 0.3404
vn -0.9048 0.3209 0.2799
vn -0.9647 0.1502 0.2163
vn -0.9869 0.0013 0.1613
vn -0.9828 -0.1498 0.1078
vn -0.9427 -0.3306 0.0454
vn -0.8599 -0.5102 -0.0166
vn -0.7330 -0.6762 -0.0744
vn -0.5678 -0.8139 -0.1233
vn -0.3772 -0.9123 -0.1593
vn -0.1756 -0.9678 -0.1806
vn -0.0015 -0.9824 -0.1869
vn 0.1720 -0.9683 -0.1811
vn 0.3735 -0.9138 -0.1598
vn 0.5644 -0.8161 -0.1239
vn 0.7302 -0.6791 -0.0752
vn 0.8579 -0.5135 -0.0175
vn 0.9415 -0.3340 0.0445
vn 0.9824 -0.1530 0.1072
vn 0.9789 -0.0015 0.2041
vn 0.9554 0.1453 0.2570
vn 0.8944 0.3132 0.3194
vn 0.7967 0.4721 0.3774
vn 0.6648 0.6126 0.4275
vn 0.5065 0.7252 0.4664
vn 0.3329 0.8042 0.4924
vn 0.1543 0.8485 0.5063
vn 0.0015 0.8608 0.5090
vn -0.1507 0.8494 0.5057
vn -0.3292 0.8054 0.4929
vn -0.5028 0.7271 0.4675
vn -0.6614 0.6151 0.4291
vn -0.7940 0.4752 0.3792
vn -0.8924 0.3167 0.3214
vn -0.9541 0.1487 0.2598
vn -0.9788 0.0015 0.2049
vn -0.9773 -0.1486 0.1510
vn -0.9401 -0.3292 0.0880
vn -0.8600 -0.5097 0.0241
vn -0.7349 -0.6772 -0.0366
vn -0.5703 -0.8166 -0.0887
vn -0.3793 -0.9164 -0.1277
vn -0.1768 -0.9726 -0.1509
vn -0.0017 -0.9874 -0.1582
vn 0.1727 -0.9732 -0.1516
vn 0.3752 -0.9181 -0.1278
vn 0.5666 -0.8192 -0.0886
vn 0.7318 -0.6806 -0.0364
vn 0.8578 -0.5134 0.0242
vn 0.9388 -0.3331 0.0881
vn 0.9766 -0.1522 0.1518
vn 0.9657 -0.0019 0.2598
vn 0.9394 0.1415 0.3122
vn 0.8766 0.3047 0.3724
vn 0.7791 0.4585 0.4276
vn 0.6494 0.5943 0.4744
vn 0.4948 0.7036 0.5101
vn 0.3255 0.7806 0.5336
vn 0.1512 0.8243 0.5456
vn 0.0018 0.8366 0.5478
vn -0.1469 0.8254 0.5451
vn -0.3210 0.7822 0.5339
vn -0.4904 0.7060 0.5109
vn -0.6455 0.5976 0.4756
vn -0.7759 0.4624 0.4291
vn -0.8743 0.3091 0.3742
vn -0.9380 0.1459 0.3145
vn -0.9654 0.0019 0.2609
vn -0.9673 -0.1457 0.2074
vn -0.9348 -0.3249 0.1432
vn -0.8593 -0.5057 0.0766
vn -0.7376 -0.6751 0.0118
vn -0.5746 -0.8172 -0.0454
vn -0.3833 -0.9193 -0.0892
vn -0.1792 -0.9770 -0.1159
vn -0.0021 -0.9922 -0.1243
vn 0.1740 -0.9778 -0.1166
vn 0.3781 -0.9214 -0.0896
vn 0.5699 -0.8204 -0.0460
vn 0.7337 -0.6793 0.0111
vn 0.8565 -0.5105 0.0759
vn 0.9332 -0.3299 0.1425
vn 0.9667 -0.1504 0.2072
vn 0.9650 -0.0026 0.2624
vn 0.9386 0.1393 0.3155
vn 0.8767 0.3011 0.3752
vn 0.7801 0.4540 0.4306
vn 0.6512 0.5895 0.4779
vn 0.4970 0.6990 0.5142
vn 0.3276 0.7766 0.5381
vn 0.1527 0.8210 0.5501
vn 0.0025 0.8332 0.5529
vn -0.1467 0.8217 0.5507
vn -0.3215 0.7788 0.5387
vn -0.4912 0.7024 0.5151
vn -0.6461 0.5941 0.4791
vn -0.7760 0.4594 0.4321
vn -0.8738 0.3070 0.3770
vn -0.9372 0.1453 0.3170
vn -0.9644 0.0026 0.2646
vn -0.9665 -0.1435 0.2128
vn -0.9352 -0.3212 0.1491
vn -0.8613 -0.5012 0.0832
vn -0.7412 -0.6710 0.0188
vn -0.5791 -0.8144 -0.0384
vn -0.3874 -0.9182 -0.0826
vn -0.1818 -0.9771 -0.1102
vn -0.0029 -0.9929 -0.1188
vn 0.1747 -0.9784 -0.1110
vn 0.3803 -0.9210 -0.0846
vn 0.5726 -0.8188 -0.0412
vn 0.7360 -0.6768 0.0154
vn 0.8578 -0.5078 0.0796
vn 0.9334 -0.3280 0.1455
vn 0.9663 -0.1498 0.2091
vn 0.9803 -0.0020 0.1975
vn 0.9576 0.1420 0.2507
vn 0.8991 0.3079 0.3112
vn 0.8040 0.4662 0.3692
vn 0.6739 0.6077 0.4203
vn 0.5157 0.7224 0.4606
vn 0.3403 0.8039 0.4878
vn 0.1585 0.8504 0.5017
vn 0.0021 0.8627 0.5058
vn -0.1532 0.8504 0.5033
vn -0.3350 0.8056 0.4885
vn -0.5108 0.7254 0.4613
vn -0.6697 0.6116 0.4212
vn -0.8008 0.4707 0.3703
vn -0.8970 0.3128 0.3124
vn -0.9568 0.1469 0.2509
vn -0.9799 0.0020 0.1996
vn -0.9780 -0.1451 0.1501
vn -0.9423 -0.3227 0.0895
vn -0.8647 -0.5014 0.0290
vn -0.7423 -0.6694 -0.0288
vn -0.5792 -0.8114 -0.0791
vn -0.3872 -0.9145 -0.1174
vn -0.1814 -0.9732 -0.1411
vn -0.0025 -0.9890 -0.1480
vn 0.1755 -0.9743 -0.1413
vn 0.3812 -0.9167 -0.1194
vn 0.5738 -0.8149 -0.0822
vn 0.7380 -0.6740 -0.0326
vn 0.8618 -0.5066 0.0249
vn 0.9408 -0.3280 0.0853
vn 0.9780 -0.1501 0.1451
vn 0.9913 -0.0014 0.1316
vn 0.9723 0.1454 0.1830
vn 0.9171 0.3157 0.2436
vn 0.8235 0.4796 0.3030
vn 0.6926 0.6271 0.3566
vn 0.5310 0.7471 0.3998
vn 0.3506 0.8320 0.4299
vn 0.1629 0.8801 0.4460
vn 0.0016 0.8928 0.4504
vn -0.1591 0.8803 0.4469
vn -0.3467 0.8333 0.4306
vn -0.5275 0.7491 0.4007
vn -0.6896 0.6298 0.3576
vn -0.8213 0.4827 0.3041
vn -0.9156 0.3190 0.2448
vn -0.9717 0.1486 0.1837
vn -0.9911 0.0014 0.1328
vn -0.9855 -0.1473 0.0844
vn -0.9452 -0.3253 0.0275
vn -0.8638 -0.5030 -0.0281
vn -0.7389 -0.6691 -0.0798
vn -0.5749 -0.8088 -0.1236
vn -0.3835 -0.9102 -0.1560
vn -0.1792 -0.9681 -0.1754
vn -0.0017 -0.9835 -0.1809
vn 0.1750 -0.9688 -0.1755
vn 0.3794 -0.9118 -0.1568
vn 0.5712 -0.8113 -0.1248
vn 0.7359 -0.6721 -0.0814
vn 0.8617 -0.5065 -0.0299
vn 0.9440 -0.3289 0.0256
vn 0.9852 -0.1507 0.0821
vn 0.9929 -0.0024 0.1190
vn 0.9749 0.1452 0.1685
vn 0.9205 0.3171 0.2284
vn 0.8273 0.4827 0.2873
vn 0.6963 0.6317 0.3408
vn 0.5343 0.7529 0.3842
vn 0.3532 0.8387 0.4146
vn 0.1648 0.8870 0.4313
vn 0.0028 0.9002 0.4355
vn -0.1581 0.8882 0.4315
vn -0.3464 0.8411 0.4154
vn -0.5280 0.7567 0.3855
vn -0.6909 0.6366 0.3425
vn -0.8233 0.4883 0.2894
vn -0.9178 0.3230 0.2307
vn -0.9736 0.1511 0.1710
vn -0.9927 0.0024 0.1209
vn -0.9864 -0.1469 0.0738
vn -0.9453 -0.3256 0.0199
vn -0.8633 -0.5037 -0.0325
vn -0.7382 -0.6698 -0.0808
vn -0.5744 -0.8095 -0.1213
vn -0.3836 -0.9110 -0.1511
vn -0.1800 -0.9691 -0.1685
vn -0.0031 -0.9847 -0.1741
vn 0.1727 -0.9702 -0.1699
vn 0.3763 -0.9138 -0.1526
vn 0.5678 -0.8139 -0.1233
vn 0.7329 -0.6753 -0.0831
vn 0.8596 -0.5098 -0.0350
vn 0.9432 -0.3319 0.0174
vn 0.9856 -0.1529 0.0717
vn 0.9886 -0.0037 0.1503
vn 0.9697 0.1441 0.1973
vn 0.9137 0.3155 0.2562
vn 0.8192 0.4798 0.3142
vn 0.6876 0.6265 0.3669
vn 0.5266 0.7449 0.4096
vn 0.3479 0.8282 0.4394
vn 0.1630 0.8750 0.4559
vn 0.0042 0.8882 0.4595
vn -0.1531 0.8771 0.4553
vn -0.3379 0.8320 0.4401
vn -0.5172 0.7507 0.4111
vn -0.6796 0.6339 0.3691
vn -0.8131 0.4883 0.3170
vn -0.9096 0.3245 0.2595
vn -0.9675 0.1529 0.2016
vn -0.9882 0.0037 0.1530
vn -0.9833 -0.1461 0.1087
vn -0.9435 -0.3258 0.0601
vn -0.8628 -0.5053 0.0136
vn -0.7389 -0.6732 -0.0287
vn -0.5760 -0.8149 -0.0640
vn -0.3857 -0.9182 -0.0899
vn -0.1821 -0.9777 -0.1048
vn -0.0047 -0.9938 -0.1108
vn 0.1710 -0.9793 -0.1079
vn 0.3747 -0.9225 -0.0925
vn 0.5661 -0.8216 -0.0671
vn 0.7309 -0.6817 -0.0322
vn 0.8572 -0.5148 0.0101
vn 0.9403 -0.3355 0.0569
vn 0.9821 -0.1552 0.1066
vn 0.9810 -0.0028 0.1940
vn 0.9597 0.1457 0.2402
vn 0.9004 0.3164 0.2987
vn 0.8026 0.4778 0.3570
vn 0.6693 0.6197 0.4100
vn 0.5092 0.7321 0.4525
vn 0.3345 0.8099 0.4819
vn 0.1557 0.8531 0.4979
vn 0.0032 0.8652 0.5014
vn -0.1483 0.8548 0.4972
vn -0.3270 0.8129 0.4820
vn -0.5022 0.7365 0.4531
vn -0.6634 0.6253 0.4110
vn -0.7981 0.4842 0.3585
vn -0.8974 0.3231 0.3005
vn -0.9581 0.1523 0.2426
vn -0.9806 0.0028 0.1958
vn -0.9767 -0.1482 0.1554
vn -0.9374 -0.3294 0.1129
vn -0.8569 -0.5101 0.0743
vn -0.7332 -0.6788 0.0407
vn -0.5709 -0.8209 0.0135
vn -0.3817 -0.9243 -0.0063
vn -0.1795 -0.9836 -0.0178
vn -0.0037 -0.9997 -0.0225
vn 0.1709 -0.9851 -0.0201
vn 0.3732 -0.9277 -0.0085
vn 0.5633 -0.8261 0.0108
vn 0.7272 -0.6854 0.0377
vn 0.8528 -0.5174 0.0714
vn 0.9351 -0.3367 0.1103
vn 0.9759 -0.1551 0.1535
vn 0.9694 -0.0037 0.2456
vn 0.9460 0.1453 0.2899
vn 0.8827 0.3151 0.3487
vn 0.7813 0.4729 0.4074
vn 0.6464 0.6086 0.4603
vn 0.4883 0.7137 0.5023
vn 0.3193 0.7850 0.5309
vn 0.1487 0.8241 0.5466
vn 0.0040 0.8354 0.5497
vn -0.1394 0.8264 0.5455
vn -0.3096 0.7886 0.5313
vn -0.4791 0.7190 0.5035
vn -0.6383 0.6155 0.4623
vn -0.7749 0.4811 0.4101
vn -0.8782 0.3238 0.3520
vn -0.9432 0.1541 0.2945
vn -0.9688 0.0037 0.2480
vn -0.9663 -0.1484 0.2104
vn -0.9273 -0.3310 0.1747
vn -0.8465 -0.5124 0.1446
vn -0.7228 -0.6805 0.1203
vn -0.5617 -0.8210 0.1019
vn -0.3752 -0.9226 0.0891
vn -0.1770 -0.9808 0.0821
vn -0.0048 -0.9970 0.0777
vn 0.1658 -0.9831 0.0782
vn 0.3641 -0.9273 0.0865
vn 0.5517 -0.8281 0.0991
vn 0.7148 -0.6894 0.1174
vn 0.8410 -0.5221 0.1418
vn 0.9242 -0.3408 0.1723
vn 0.9650 -0.1576 0.2094
vn 0.9188 -0.0058 0.3947
vn 0.8923 0.1379 0.4298
vn 0.8242 0.2987 0.4811
vn 0.7215 0.4443 0.5311
vn 0.5906 0.5661 0.5750
vn 0.4426 0.6583 0.6089
vn 0.2884 0.7198 0.6314
vn 0.1351 0.7532 0.6438
vn 0.0056 0.7640 0.6451
vn -0.1221 0.7573 0.6416
vn -0.2748 0.7248 0.6318
vn -0.4291 0.6654 0.6108
vn -0.5782 0.5756 0.5783
vn -0.7108 0.4558 0.5357
vn -0.8160 0.3115 0.4869
vn -0.8858 0.1511 0.4387
vn -0.9173 0.0058 0.3980
vn -0.9188 -0.1420 0.3684
vn -0.8818 -0.3195 0.3468
vn -0.8035 -0.4949 0.3308
vn -0.6839 -0.6556 0.3201
vn -0.5299 -0.7881 0.3131
vn -0.3538 -0.8830 0.3084
vn -0.1680 -0.9369 0.3066
vn -0.0070 -0.9536 0.3010
vn 0.1519 -0.9421 0.2990
vn 0.3376 -0.8906 0.3048
vn 0.5153 -0.7989 0.3102
vn 0.6720 -0.6690 0.3175
vn 0.7951 -0.5098 0.3286
vn 0.8768 -0.3347 0.3452
vn 0.9158 -0.1562 0.3700
vn 0.7092 -0.0061 0.7049
vn 0.6881 0.1074 0.7176
vn 0.6294 0.2321 0.7416
vn 0.5474 0.3438 0.7630
vn 0.4467 0.4370 0.7807
vn 0.3350 0.5082 0.7934
vn 0.2191 0.5570 0.8011
vn 0.1034 0.5836 0.8054
vn 0.0054 0.5944 0.8041
vn -0.0912 0.5896 0.8025
vn -0.2058 0.5616 0.8014
vn -0.3212 0.5143 0.7952
vn -0.4332 0.4451 0.7838
vn -0.5347 0.3541 0.7673
vn -0.6183 0.2442 0.7471
vn -0.6760 0.1201 0.7271
vn -0.7076 0.0061 0.7066
vn -0.7123 -0.1111 0.6930
vn -0.6804 -0.2509 0.6885
vn -0.6170 -0.3876 0.6850
vn -0.5227 -0.5113 0.6822
vn -0.4039 -0.6128 0.6793
vn -0.2698 -0.6858 0.6760
vn -0.1288 -0.7270 0.6744
vn -0.0067 -0.7435 0.6687
vn 0.1139 -0.7359 0.6675
vn 0.2540 -0.6932 0.6745
vn 0.3887 -0.6222 0.6795
vn 0.5091 -0.5231 0.6835
vn 0.6059 -0.4012 0.6869
vn 0.6722 -0.2654 0.6912
vn 0.7036 -0.1250 0.6995
vn 0.4517 -0.0047 0.8922
vn 0.4402 0.0687 0.8953
vn 0.4066 0.1510 0.9011
vn 0.3580 0.2269 0.9057
vn 0.2967 0.2930 0.9089
vn 0.2261 0.3462 0.9105
vn 0.1502 0.3849 0.9107
vn 0.0720 0.4078 0.9102
vn 0.0043 0.4167 0.9090
vn -0.0622 0.4118 0.9092
vn -0.1398 0.3891 0.9105
vn -0.2158 0.3519 0.9108
vn -0.2870 0.3002 0.9097
vn -0.3494 0.2357 0.9068
vn -0.3994 0.1609 0.9025
vn -0.4334 0.0790 0.8977
vn -0.4509 0.0047 0.8926
vn -0.4512 -0.0704 0.8896
vn -0.4298 -0.1596 0.8887
vn -0.3898 -0.2470 0.8872
vn -0.3316 -0.3274 0.8848
vn -0.2582 -0.3954 0.8815
vn -0.1742 -0.4465 0.8777
vn -0.0843 -0.4774 0.8746
vn -0.0050 -0.4897 0.8719
vn 0.0729 -0.4829 0.8726
vn 0.1625 -0.4522 0.8770
vn 0.2471 -0.4029 0.8813
vn 0.3218 -0.3367 0.8849
vn 0.3819 -0.2576 0.8876
vn 0.4240 -0.1708 0.8894
vn 0.4461 -0.0813 0.8913
vn 0.3738 -0.0048 0.9275
vn 0.3640 0.0556 0.9297
vn 0.3389 0.1243 0.9326
vn 0.3008 0.1888 0.9348
vn 0.2514 0.2461 0.9361
vn 0.1934 0.2934 0.9362
vn 0.1297 0.3288 0.9354
vn 0.0631 0.3510 0.9342
vn 0.0045 0.3586 0.9335
vn -0.0525 0.3531 0.9341
vn -0.1190 0.3333 0.9353
vn -0.1833 0.3001 0.9361
vn -0.2424 0.2546 0.9362
vn -0.2934 0.1988 0.9351
vn -0.3336 0.1353 0.9330
vn -0.3612 0.0668 0.9301
vn -0.3732 0.0048 0.9277
vn -0.3714 -0.0567 0.9267
vn -0.3547 -0.1301 0.9259
vn -0.3226 -0.2025 0.9246
vn -0.2757 -0.2698 0.9226
vn -0.2161 -0.3278 0.9197
vn -0.1470 -0.3725 0.9163
vn -0.0721 -0.4012 0.9132
vn -0.0051 -0.4110 0.9116
vn 0.0601 -0.4038 0.9129
vn 0.1351 -0.3783 0.9158
vn 0.2053 -0.3362 0.9192
vn 0.2668 -0.2801 0.9222
vn 0.3159 -0.2140 0.9243
vn 0.3506 -0.1422 0.9257
vn 0.3700 -0.0684 0.9265
vn 0.2669 -0.0104 0.9637
vn 0.2649 0.0320 0.9638
vn 0.2474 0.0808 0.9655
vn 0.2216 0.1275 0.9668
vn 0.1876 0.1696 0.9675
vn 0.1469 0.2050 0.9677
vn 0.1015 0.2320 0.9674
vn 0.0534 0.2483 0.9672
vn 0.0099 0.2582 0.9660
vn -0.0308 0.2582 0.9656
vn -0.0786 0.2436 0.9667
vn -0.1251 0.2204 0.9674
vn -0.1681 0.1884 0.9676
vn -0.2052 0.1490 0.9673
vn -0.2345 0.1041 0.9665
vn -0.2534 0.0553 0.9658
vn -0.2659 0.0104 0.9639
vn -0.2681 -0.0324 0.9629
vn -0.2551 -0.0833 0.9633
vn -0.2327 -0.1338 0.9633
vn -0.2003 -0.1811 0.9629
vn -0.1591 -0.2220 0.9620
vn -0.1112 -0.2540 0.9608
vn -0.0589 -0.2737 0.9600
vn -0.0109 -0.2857 0.9582
vn 0.0341 -0.2857 0.9577
vn 0.0864 -0.2679 0.9596
vn 0.1363 -0.2401 0.9611
vn 0.1808 -0.2027 0.9624
vn 0.2174 -0.1578 0.9633
vn 0.2440 -0.1083 0.9637
vn 0.2588 -0.0565 0.9643
vn 0.0000 0.0000 -1.0000
vn 0.0000 0.0000 1.0000
vt 0.5400 0.6000
vt 0.5393 0.6091
vt 0.5372 0.6167
vt 0.5338 0.6234
vt 0.5292 0.6292
vt 0.5234 0.6338
vt 0.5167 0.6372
vt 0.5091 0.6393
vt 0.5000 0.6400
vt 0.4909 0.6393
vt 0.4833 0.6372
vt 0.4766 0.6338
vt 0.4708 0.6292
vt 0.4662 0.6234
vt 0.4628 0.6167
vt 0.4607 0.6091
vt 0.4600 0.6000
vt 0.4607 0.5909
vt 0.4628 0.5833
vt 0.4662 0.5766
vt 0.4708 0.5708
vt 0.4766 0.5662
vt 0.4833 0.5628
vt 0.4909 0.5607
vt 0.5000 0.5600
vt 0.5091 0.5607
vt 0.5167 0.5628
vt 0.5234 0.5662
vt 0.5292 0.5708
vt 0.5338 0.5766
vt 0.5372 0.5833
vt 0.5393 0.5909
vt 0.5722 0.6000
vt 0.5709 0.6181
vt 0.5672 0.6334
vt 0.5610 0.6468
vt 0.5527 0.6583
vt 0.5423 0.6675
vt 0.5301 0.6743
vt 0.5163 0.6785
vt 0.5000 0.6799
vt 0.4837 0.6785
vt 0.4699 0.6743
vt 0.4577 0.6675
vt 0.4473 0.6583
vt 0.4390 0.6468
vt 0.4328 0.6334
vt 0.4291 0.6181
vt 0.4278 0.6000
vt 0.4291 0.5819
vt 0.4328 0.5666
vt 0.4390 0.5532
vt 0.4473 0.5417
vt 0.4577 0.5325
vt 0.4699 0.5257
vt 0.4837 0.5215
vt 0.5000 0.5201
vt 0.5163 0.5215
vt 0.5301 0.5257
vt 0.5423 0.5325
vt 0.5527 0.5417
vt 0.5610 0.5532
vt 0.5672 0.5666
vt 0.5709 0.5819
vt 0.6051 0.6000
vt 0.6032 0.6274
vt 0.5978 0.6505
vt 0.5888 0.6708
vt 0.5767 0.6882
vt 0.5616 0.7022
vt 0.5439 0.7125
vt 0.5238 0.7188
vt 0.5000 0.7209
vt 0.4762 0.7188
vt 0.4561 0.7125
vt 0.4384 0.7022
vt 0.4233 0.6882
vt 0.4112 0.6708
vt 0.4022 0.6505
vt 0.3968 0.6274
vt 0.3949 0.6000
vt 0.3968 0.5726
vt 0.4022 0.5495
vt 0.4112 0.5292
vt 0.4233 0.5118
vt 0.4384 0.4978
vt 0.4561 0.4875
vt 0.4762 0.4812
vt 0.5000 0.4791
vt 0.5238 0.4812
vt 0.5439 0.4875
vt 0.5616 0.4978
vt 0.5767 0.5118
vt 0.5888 0.5292
vt 0.5978 0.5495
vt 0.6032 0.5726
vt 0.6310 0.6000
vt 0.6287 0.6342
vt 0.6219 0.6631
vt 0.6107 0.6885
vt 0.5956 0.7102
vt 0.5768 0.7277
vt 0.5547 0.7406
vt 0.5296 0.7484
vt 0.5000 0.7511
vt 0.4704 0.7484
vt 0.4453 0.7406
vt 0.4232 0.7277
vt 0.4044 0.7102
vt 0.3893 0.6885
vt 0.3781 0.6631
vt 0.3713 0.6342
vt 0.3690 0.6000
vt 0.3713 0.5658
vt 0.3781 0.5369
vt 0.3893 0.5115
vt 0.4044 0.4898
vt 0.4232 0.4723
vt 0.4453 0.4594
vt 0.4704 0.4516
vt 0.5000 0.4489
vt 0.5296 0.4516
vt 0.5547 0.4594
vt 0.5768 0.4723
vt 0.5956 0.4898
vt 0.6107 0.5115
vt 0.6219 0.5369
vt 0.6287 0.5658
vt 0.6468 0.5994
vt 0.6442 0.6368
vt 0.6366 0.6685
vt 0.6241 0.6963
vt 0.6071 0.7201
vt 0.5860 0.7392
vt 0.5613 0.7533
vt 0.5332 0.7619
vt 0.5000 0.7648
vt 0.4668 0.7619
vt 0.4387 0.7533
vt 0.4140 0.7392
vt 0.3929 0.7201
vt 0.3759 0.6963
vt 0.3634 0.6685
vt 0.3558 0.6368
vt 0.3532 0.5994
vt 0.3558 0.5620
vt 0.3634 0.5303
vt 0.3759 0.5025
vt 0.3929 0.4787
vt 0.4140 0.4595
vt 0.4387 0.4455
vt 0.4668 0.4369
vt 0.5000 0.4340
vt 0.5332 0.4369
vt 0.5613 0.4455
vt 0.5860 0.4595
vt 0.6071 0.4787
vt 0.6241 0.5025
vt 0.6366 0.5303
vt 0.6442 0.5620
vt 0.6601 0.5968
vt 0.6573 0.6367
vt 0.6490 0.6704
vt 0.6354 0.7001
vt 0.6168 0.7255
vt 0.5938 0.7459
vt 0.5669 0.7609
vt 0.5362 0.7700
vt 0.5000 0.7731
vt 0.4638 0.7700
vt 0.4331 0.7609
vt 0.4062 0.7459
vt 0.3832 0.7255
vt 0.3646 0.7001
vt 0.3510 0.6704
vt 0.3427 0.6367
vt 0.3399 0.5968
vt 0.3427 0.5569
vt 0.3510 0.5232
vt 0.3646 0.4935
vt 0.3832 0.4682
vt 0.4062 0.4477
vt 0.4331 0.4328
vt 0.4638 0.4236
vt 0.5000 0.4205
vt 0.5362 0.4236
vt 0.5669 0.4328
vt 0.5938 0.4477
vt 0.6168 0.4682
vt 0.6354 0.4935
vt 0.6490 0.5232
vt 0.6573 0.5569
vt 0.6685 0.5928
vt 0.6656 0.6341
vt 0.6568 0.6691
vt 0.6425 0.6999
vt 0.6230 0.7262
vt 0.5988 0.7474
vt 0.5704 0.7629
vt 0.5381 0.7724
vt 0.5000 0.7756
vt 0.4619 0.7724
vt 0.4296 0.7629
vt 0.4012 0.7474
vt 0.3770 0.7262
vt 0.3575 0.6999
vt 0.3432 0.6691
vt 0.3344 0.6341
vt 0.3315 0.5928
vt 0.3344 0.5514
vt 0.3432 0.5164
vt 0.3575 0.4856
vt 0.3770 0.4593
vt 0.4012 0.4381
vt 0.4296 0.4226
vt 0.4619 0.4131
vt 0.5000 0.4099
vt 0.5381 0.4131
vt 0.5704 0.4226
vt 0.5988 0.4381
vt 0.6230 0.4593
vt 0.6425 0.4856
vt 0.6568 0.5164
vt 0.6656 0.5514
vt 0.6695 0.5870
vt 0.6666 0.6285
vt 0.6577 0.6636
vt 0.6433 0.6945
vt 0.6237 0.7208
vt 0.5993 0.7421
vt 0.5708 0.7577
vt 0.5384 0.7672
vt 0.5000 0.7704
vt 0.4616 0.7672
vt 0.4292 0.7577
vt 0.4007 0.7421
vt 0.3763 0.7208
vt 0.3567 0.6945
vt 0.3423 0.6636
vt 0.3334 0.6285
vt 0.3305 0.5870
vt 0.3334 0.5454
vt 0.3423 0.5104
vt 0.3567 0.4795
vt 0.3763 0.4531
vt 0.4007 0.4319
vt 0.4292 0.4163
vt 0.4616 0.4067
vt 0.5000 0.4035
vt 0.5384 0.4067
vt 0.5708 0.4163
vt 0.5993 0.4319
vt 0.6237 0.4531
vt 0.6433 0.4795
vt 0.6577 0.5104
vt 0.6666 0.5454
vt 0.6653 0.5745
vt 0.6624 0.6149
vt 0.6538 0.6491
vt 0.6398 0.6792
vt 0.6206 0.7049
vt 0.5969 0.7256
vt 0.5690 0.7408
vt 0.5374 0.7501
vt 0.5000 0.7532
vt 0.4626 0.7501
vt 0.4310 0.7408
vt 0.4031 0.7256
vt 0.3794 0.7049
vt 0.3602 0.6792
vt 0.3462 0.6491
vt 0.3376 0.6149
vt 0.3347 0.5745
vt 0.3376 0.5341
vt 0.3462 0.4999
vt 0.3602 0.4698
vt 0.3794 0.4441
vt 0.4031 0.4234
vt 0.4310 0.4082
vt 0.4626 0.3989
vt 0.5000 0.3958
vt 0.5374 0.3989
vt 0.5690 0.4082
vt 0.5969 0.4234
vt 0.6206 0.4441
vt 0.6398 0.4698
vt 0.6538 0.4999
vt 0.6624 0.5341
vt 0.6585 0.5580
vt 0.6557 0.5967
vt 0.6475 0.6294
vt 0.6340 0.6583
vt 0.6156 0.6828
vt 0.5929 0.7026
vt 0.5662 0.7172
vt 0.5359 0.7261
vt 0.5000 0.7290
vt 0.4641 0.7261
vt 0.4338 0.7172
vt 0.4071 0.7026
vt 0.3844 0.6828
vt 0.3660 0.6583
vt 0.3525 0.6294
vt 0.3443 0.5967
vt 0.3415 0.5580
vt 0.3443 0.5193
vt 0.3525 0.4866
vt 0.3660 0.4578
vt 0.3844 0.4332
vt 0.4071 0.4134
vt 0.4338 0.3989
vt 0.4641 0.3900
vt 0.5000 0.3870
vt 0.5359 0.3900
vt 0.5662 0.3989
vt 0.5929 0.4134
vt 0.6156 0.4332
vt 0.6340 0.4578
vt 0.6475 0.4866
vt 0.6557 0.5193
vt 0.6509 0.5418
vt 0.6482 0.5787
vt 0.6404 0.6098
vt 0.6276 0.6372
vt 0.6101 0.6606
vt 0.5884 0.6795
vt 0.5630 0.6933
vt 0.5342 0.7018
vt 0.5000 0.7046
vt 0.4658 0.7018
vt 0.4370 0.6933
vt 0.4116 0.6795
vt 0.3899 0.6606
vt 0.3724 0.6372
vt 0.3596 0.6098
vt 0.3518 0.5787
vt 0.3491 0.5418
vt 0.3518 0.5050
vt 0.3596 0.4738
vt 0.3724 0.4464
vt 0.3899 0.4230
vt 0.4116 0.4041
vt 0.4370 0.3903
vt 0.4658 0.3818
vt 0.5000 0.3790
vt 0.5342 0.3818
vt 0.5630 0.3903
vt 0.5884 0.4041
vt 0.6101 0.4230
vt 0.6276 0.4464
vt 0.6404 0.4738
vt 0.6482 0.5050
vt 0.6402 0.5252
vt 0.6377 0.5597
vt 0.6304 0.5888
vt 0.6185 0.6144
vt 0.6023 0.6363
vt 0.5821 0.6539
vt 0.5585 0.6668
vt 0.5317 0.6747
vt 0.5000 0.6774
vt 0.4683 0.6747
vt 0.4415 0.6668
vt 0.4179 0.6539
vt 0.3977 0.6363
vt 0.3815 0.6144
vt 0.3696 0.5888
vt 0.3623 0.5597
vt 0.3598 0.5252
vt 0.3623 0.4908
vt 0.3696 0.4617
vt 0.3815 0.4360
vt 0.3977 0.4142
vt 0.4179 0.3965
vt 0.4415 0.3836
vt 0.4683 0.3757
vt 0.5000 0.3730
vt 0.5317 0.3757
vt 0.5585 0.3836
vt 0.5821 0.3965
vt 0.6023 0.4142
vt 0.6185 0.4360
vt 0.6304 0.4617
vt 0.6377 0.4908
vt 0.6274 0.5079
vt 0.6252 0.5396
vt 0.6186 0.5663
vt 0.6077 0.5899
vt 0.5930 0.6100
vt 0.5747 0.6261
vt 0.5532 0.6380
vt 0.5288 0.6453
vt 0.5000 0.6477
vt 0.4712 0.6453
vt 0.4468 0.6380
vt 0.4253 0.6261
vt 0.4070 0.6100
vt 0.3923 0.5899
vt 0.3814 0.5663
vt 0.3748 0.5396
vt 0.3726 0.5079
vt 0.3748 0.4763
vt 0.3814 0.4495
vt 0.3923 0.4260
vt 0.4070 0.4059
vt 0.4253 0.3897
vt 0.4468 0.3778
vt 0.4712 0.3706
vt 0.5000 0.3681
vt 0.5288 0.3706
vt 0.5532 0.3778
vt 0.5747 0.3897
vt 0.5930 0.4059
vt 0.6077 0.4260
vt 0.6186 0.4495
vt 0.6252 0.4763
vt 0.6170 0.4920
vt 0.6150 0.5213
vt 0.6089 0.5460
vt 0.5990 0.5677
vt 0.5854 0.5863
vt 0.5686 0.6013
vt 0.5489 0.6122
vt 0.5265 0.6190
vt 0.5000 0.6212
vt 0.4735 0.6190
vt 0.4511 0.6122
vt 0.4314 0.6013
vt 0.4146 0.5863
vt 0.4010 0.5677
vt 0.3911 0.5460
vt 0.3850 0.5213
vt 0.3830 0.4920
vt 0.3850 0.4628
vt 0.3911 0.4381
vt 0.4010 0.4163
vt 0.4146 0.3978
vt 0.4314 0.3828
vt 0.4511 0.3718
vt 0.4735 0.3651
vt 0.5000 0.3629
vt 0.5265 0.3651
vt 0.5489 0.3718
vt 0.5686 0.3828
vt 0.5854 0.3978
vt 0.5990 0.4163
vt 0.6089 0.4381
vt 0.6150 0.4628
vt 0.6110 0.4780
vt 0.6091 0.5057
vt 0.6033 0.5290
vt 0.5939 0.5496
vt 0.5810 0.5672
vt 0.5651 0.5813
vt 0.5464 0.5917
vt 0.5251 0.5980
vt 0.5000 0.6002
vt 0.4749 0.5980
vt 0.4536 0.5917
vt 0.4349 0.5813
vt 0.4190 0.5672
vt 0.4061 0.5496
vt 0.3967 0.5290
vt 0.3909 0.5057
vt 0.3890 0.4780
vt 0.3909 0.4504
vt 0.3967 0.4270
vt 0.4061 0.4065
vt 0.4190 0.3889
vt 0.4349 0.3748
vt 0.4536 0.3644
vt 0.4749 0.3580
vt 0.5000 0.3559
vt 0.5251 0.3580
vt 0.5464 0.3644
vt 0.5651 0.3748
vt 0.5810 0.3889
vt 0.5939 0.4065
vt 0.6033 0.4270
vt 0.6091 0.4504
vt 0.6065 0.4649
vt 0.6047 0.4913
vt 0.5991 0.5136
vt 0.5901 0.5332
vt 0.5778 0.5500
vt 0.5624 0.5634
vt 0.5445 0.5734
vt 0.5241 0.5794
vt 0.5000 0.5815
vt 0.4759 0.5794
vt 0.4555 0.5734
vt 0.4376 0.5634
vt 0.4222 0.5500
vt 0.4099 0.5332
vt 0.4009 0.5136
vt 0.3953 0.4913
vt 0.3935 0.4649
vt 0.3953 0.4385
vt 0.4009 0.4162
vt 0.4099 0.3966
vt 0.4222 0.3799
vt 0.4376 0.3664
vt 0.4555 0.3564
vt 0.4759 0.3504
vt 0.5000 0.3484
vt 0.5241 0.3504
vt 0.5445 0.3564
vt 0.5624 0.3664
vt 0.5778 0.3799
vt 0.5901 0.3966
vt 0.5991 0.4162
vt 0.6047 0.4385
vt 0.6022 0.4538
vt 0.6004 0.4789
vt 0.5951 0.5001
vt 0.5864 0.5188
vt 0.5746 0.5347
vt 0.5599 0.5475
vt 0.5427 0.5570
vt 0.5231 0.5627
vt 0.5000 0.5647
vt 0.4769 0.5627
vt 0.4573 0.5570
vt 0.4401 0.5475
vt 0.4254 0.5347
vt 0.4136 0.5188
vt 0.4049 0.5001
vt 0.3996 0.4789
vt 0.3978 0.4538
vt 0.3996 0.4287
vt 0.4049 0.4075
vt 0.4136 0.3888
vt 0.4254 0.3729
vt 0.4401 0.3601
vt 0.4573 0.3507
vt 0.4769 0.3449
vt 0.5000 0.3430
vt 0.5231 0.3449
vt 0.5427 0.3507
vt 0.5599 0.3601
vt 0.5746 0.3729
vt 0.5864 0.3888
vt 0.5951 0.4075
vt 0.6004 0.4287
vt 0.5970 0.4455
vt 0.5953 0.4690
vt 0.5903 0.4889
vt 0.5820 0.5064
vt 0.5708 0.5213
vt 0.5569 0.5333
vt 0.5405 0.5422
vt 0.5220 0.5476
vt 0.5000 0.5494
vt 0.4780 0.5476
vt 0.4595 0.5422
vt 0.4431 0.5333
vt 0.4292 0.5213
vt 0.4180 0.5064
vt 0.4097 0.4889
vt 0.4047 0.4690
vt 0.4030 0.4455
vt 0.4047 0.4219
vt 0.4097 0.4021
vt 0.4180 0.3845
vt 0.4292 0.3696
vt 0.4431 0.3576
vt 0.4595 0.3487
vt 0.4780 0.3433
vt 0.5000 0.3415
vt 0.5220 0.3433
vt 0.5405 0.3487
vt 0.5569 0.3576
vt 0.5708 0.3696
vt 0.5820 0.3845
vt 0.5903 0.4021
vt 0.5953 0.4219
vt 0.5919 0.4383
vt 0.5903 0.4601
vt 0.5855 0.4786
vt 0.5777 0.4948
vt 0.5671 0.5087
vt 0.5539 0.5198
vt 0.5384 0.5280
vt 0.5208 0.5330
vt 0.5000 0.5347
vt 0.4792 0.5330
vt 0.4616 0.5280
vt 0.4461 0.5198
vt 0.4329 0.5087
vt 0.4223 0.4948
vt 0.4145 0.4786
vt 0.4097 0.4601
vt 0.4081 0.4383
vt 0.4097 0.4165
vt 0.4145 0.3980
vt 0.4223 0.3818
vt 0.4329 0.3679
vt 0.4461 0.3567
vt 0.4616 0.3485
vt 0.4792 0.3435
vt 0.5000 0.3419
vt 0.5208 0.3435
vt 0.5384 0.3485
vt 0.5539 0.3567
vt 0.5671 0.3679
vt 0.5777 0.3818
vt 0.5855 0.3980
vt 0.5903 0.4165
vt 0.5858 0.4327
vt 0.5843 0.4525
vt 0.5798 0.4693
vt 0.5725 0.4840
vt 0.5626 0.4966
vt 0.5503 0.5067
vt 0.5358 0.5142
vt 0.5194 0.5188
vt 0.5000 0.5203
vt 0.4806 0.5188
vt 0.4642 0.5142
vt 0.4497 0.5067
vt 0.4374 0.4966
vt 0.4275 0.4840
vt 0.4202 0.4693
vt 0.4157 0.4525
vt 0.4142 0.4327
vt 0.4157 0.4128
vt 0.4202 0.3961
vt 0.4275 0.3813
vt 0.4374 0.3687
vt 0.4497 0.3586
vt 0.4642 0.3511
vt 0.4806 0.3466
vt 0.5000 0.3451
vt 0.5194 0.3466
vt 0.5358 0.3511
vt 0.5503 0.3586
vt 0.5626 0.3687
vt 0.5725 0.3813
vt 0.5798 0.3961
vt 0.5843 0.4128
vt 0.5770 0.4292
vt 0.5756 0.4465
vt 0.5716 0.4611
vt 0.5651 0.4740
vt 0.5562 0.4850
vt 0.5451 0.4938
vt 0.5321 0.5003
vt 0.5174 0.5043
vt 0.5000 0.5056
vt 0.4826 0.5043
vt 0.4679 0.5003
vt 0.4549 0.4938
vt 0.4438 0.4850
vt 0.4349 0.4740
vt 0.4284 0.4611
vt 0.4244 0.4465
vt 0.4230 0.4292
vt 0.4244 0.4120
vt 0.4284 0.3974
vt 0.4349 0.3845
vt 0.4438 0.3735
vt 0.4549 0.3647
vt 0.4679 0.3582
vt 0.4826 0.3542
vt 0.5000 0.3529
vt 0.5174 0.3542
vt 0.5321 0.3582
vt 0.5451 0.3647
vt 0.5562 0.3735
vt 0.5651 0.3845
vt 0.5716 0.3974
vt 0.5756 0.4120
vt 0.5609 0.4272
vt 0.5598 0.4407
vt 0.5566 0.4521
vt 0.5515 0.4622
vt 0.5444 0.4707
vt 0.5357 0.4776
vt 0.5254 0.4827
vt 0.5138 0.4858
vt 0.5000 0.4869
vt 0.4862 0.4858
vt 0.4746 0.4827
vt 0.4643 0.4776
vt 0.4556 0.4707
vt 0.4485 0.4622
vt 0.4434 0.4521
vt 0.4402 0.4407
vt 0.4391 0.4272
vt 0.4402 0.4137
vt 0.4434 0.4023
vt 0.4485 0.3922
vt 0.4556 0.3836
vt 0.4643 0.3767
vt 0.4746 0.3716
vt 0.4862 0.3685
vt 0.5000 0.3675
vt 0.5138 0.3685
vt 0.5254 0.3716
vt 0.5357 0.3767
vt 0.5444 0.3836
vt 0.5515 0.3922
vt 0.5566 0.4023
vt 0.5598 0.4137
vt 0.5402 0.4256
vt 0.5395 0.4346
vt 0.5374 0.4422
vt 0.5340 0.4489
vt 0.5293 0.4546
vt 0.5236 0.4592
vt 0.5168 0.4625
vt 0.5091 0.4646
vt 0.5000 0.4653
vt 0.4909 0.4646
vt 0.4832 0.4625
vt 0.4764 0.4592
vt 0.4707 0.4546
vt 0.4660 0.4489
vt 0.4626 0.4422
vt 0.4605 0.4346
vt 0.4598 0.4256
vt 0.4605 0.4166
vt 0.4626 0.4091
vt 0.4660 0.4024
vt 0.4707 0.3967
vt 0.4764 0.3921
vt 0.4832 0.3887
vt 0.4909 0.3866
vt 0.5000 0.3860
vt 0.5091 0.3866
vt 0.5168 0.3887
vt 0.5236 0.3921
vt 0.5293 0.3967
vt 0.5340 0.4024
vt 0.5374 0.4091
vt 0.5395 0.4166
vt 0.5200 0.4240
vt 0.5197 0.4285
vt 0.5186 0.4324
vt 0.5169 0.4357
vt 0.5146 0.4386
vt 0.5117 0.4409
vt 0.5084 0.4426
vt 0.5045 0.4437
vt 0.5000 0.4440
vt 0.4955 0.4437
vt 0.4916 0.4426
vt 0.4883 0.4409
vt 0.4854 0.4386
vt 0.4831 0.4357
vt 0.4814 0.4324
vt 0.4803 0.4285
vt 0.4800 0.4240
vt 0.4803 0.4195
vt 0.4814 0.4156
vt 0.4831 0.4123
vt 0.4854 0.4094
vt 0.4883 0.4071
vt 0.4916 0.4054
vt 0.4955 0.4043
vt 0.5000 0.4040
vt 0.5045 0.4043
vt 0.5084 0.4054
vt 0.5117 0.4071
vt 0.5146 0.4094
vt 0.5169 0.4123
vt 0.5186 0.4156
vt 0.5197 0.4195
vt 0.5000 0.6000
vt 0.5000 0.4240
f 1/1/1 2/2/2 34/34/34
f 1/1/1 34/34/34 33/33/33
f 2/2/2 3/3/3 35/35/35
f 2/2/2 35/35/35 34/34/34
f 3/3/3 4/4/4 36/36/36
f 3/3/3 36/36/36 35/35/35
f 4/4/4 5/5/5 37/37/37
f 4/4/4 37/37/37 36/36/36
f 5/5/5 6/6/6 38/38/38
f 5/5/5 38/38/38 37/37/37
f 6/6/6 7/7/7 39/39/39
f 6/6/6 39/39/39 38/38/38
f 7/7/7 8/8/8 40/40/40
f 7/7/7 40/40/40 39/39/39
f 8/8/8 9/9/9 41/41/41
f 8/8/8 41/41/41 40/40/40
f 9/9/9 10/10/10 42/42/42
f 9/9/9 42/42/42 41/41/41
f 10/10/10 11/11/11 43/43/43
f 10/10/10 43/43/43 42/42/42
f 11/11/11 12/12/12 44/44/44
f 11/11/11 44/44/44 43/43/43
f 12/12/12 13/13/13 45/45/45
f 12/12/12 45/45/45 44/44/44
f 13/13/13 14/14/14 46/46/46
f 13/13/13 46/46/46 45/45/45
f 14/14/14 15/15/15 47/47/47
f 14/14/14 47/47/47 46/46/46
f 15/15/15 16/16/16 48/48/48
f 15/15/15 48/48/48 47/47/47
f 16/16/16 17/17/17 49/49/49
f 16/16/16 49/49/49 48/48/48
f 17/17/17 18/18/18 50/50/50
f 17/17/17 50/50/50 49/49/49
f 18/18/18 19/19/19 51/51/51
f 18/18/18 51/51/51 50/50/50
f 19/19/19 20/20/20 52/52/52
f 19/19/19 52/52/52 51/51/51
f 20/20/20 21/21/21 53/53/53
f 20/20/20 53/53/53 52/52/52
f 21/21/21 22/22/22 54/54/54
f 21/21/21 54/54/54 53/53/53
f 22/22/22 23/23/23 55/55/55
f 22/22/22 55/55/55 54/54/54
f 23/23/23 24/24/24 56/56/56
f 23/23/23 56/56/56 55/55/55
f 24/24/24 25/25/25 57/57/57
f 24/24/24 57/57/57 56/56/56
f 25/25/25 26/26/26 58/58/58
f 25/25/25 58/58/58 57/57/57
f 26/26/26 27/27/27 59/59/59
f 26/26/26 59/59/59 58/58/58
f 27/27/27 28/28/28 60/60/60
f 27/27/27 60/60/60 59/59/59
f 28/28/28 29/29/29 61/61/61
f 28/28/28 61/61/61 60/60/60
f 29/29/29 30/30/30 62/62/62
f 29/29/29 62/62/62 61/61/61
f 30/30/30 31/31/31 63/63/63
f 30/30/30 63/63/63 62/62/62
f 31/31/31 32/32/32 64/64/64
f 31/31/31 64/64/64 63/63/63
f 32/32/32 1/1/1 33/33/33
f 32/32/32 33/33/33 64/64/64
f 33/33/33 34/34/34 66/66/66
f 33/33/33 66/66/66 65/65/65
f 34/34/34 35/35/35 67/67/67
f 34/34/34 67/67/67 66/66/66
f 35/35/35 36/36/36 68/68/68
f 35/35/35 68/68/68 67/67/67
f 36/36/36 37/37/37 69/69/69
f 36/36/36 69/69/69 68/68/68
f 37/37/37 38/38/38 70/70/70
f 37/37/37 70/70/70 69/69/69
f 38/38/38 39/39/39 71/71/71
f 38/38/38 71/71/71 70/70/70
f 39/39/39 40/40/40 72/72/72
f 39/39/39 72/72/72 71/71/71
f 40/40/40 41/41/41 73/73/73
f 40/40/40 73/73/73 72/72/72
f 41/41/41 42/42/42 74/74/74
f 41/41/41 74/74/74 73/73/73
f 42/42/42 43/43/43 75/75/75
f 42/42/42 75/75/75 74/74/74
f 43/43/43 44/44/44 76/76/76
f 43/43/43 76/76/76 75/75/75
f 44/44/44 45/45/45 77/77/77
f 44/44/44 77/77/77 76/76/76
f 45/45/45 46/46/46 78/78/78
f 45/45/45 78/78/78 77/77/77
f 46/46/46 47/47/47 79/79/79
f 46/46/46 79/79/79 78/78/78
f 47/47/47 48/48/48 80/80/80
f 47/47/47 80/80/80 79/79/79
f 48/48/48 49/49/49 81/81/81
f 48/48/48 81/81/81 80/80/80
f 49/49/49 50/50/50 82/82/82
f 49/49/49 82/82/82 81/81/81
f 50/50/50 51/51/51 83/83/83
f 50/50/50 83/83/83 82/82/82
f 51/51/51 52/52/52 84/84/84
f 51/51/51 84/84/84 83/83/83
f 52/52/52 53/53/53 85/85/85
f 52/52/52 85/85/85 84/84/84
f 53/53/53 54/54/54 86/86/86
f 53/53/53 86/86/86 85/85/85
f 54/54/54 55/55/55 87/87/87
f 54/54/54 87/87/87 86/86/86
f 55/55/55 56/56/56 88/88/88
f 55/55/55 88/88/88 87/87/87
f 56/56/56 57/57/57 89/89/89
f 56/56/56 89/89/89 88/88/88
f 57/57/57 58/58/58 90/90/90
f 57/57/57 90/90/90 89/89/89
f 58/58/58 59/59/59 91/91/91
f 58/58/58 91/91/91 90/90/90
f 59/59/59 60/60/60 92/92/92
f 59/59/59 92/92/92 91/91/91
f 60/60/60 61/61/61 93/93/93
f 60/60/60 93/93/93 92/92/92
f 61/61/61 62/62/62 94/94/94
f 61/61/61 94/94/94 93/93/93
f 62/62/62 63/63/63 95/95/95
f 62/62/62 95/95/95 94/94/94
f 63/63/63 64/64/64 96/96/96
f 63/63/63 96/96/96 95/95/95
f 64/64/64 33/33/33 65/65/65
f 64/64/64 65/65/65 96/96/96
f 65/65/65 66/66/66 98/98/98
f 65/65/65 98/98/98 97/97/97
f 66/66/66 67/67/67 99/99/99
f 66/66/66 99/99/99 98/98/98
f 67/67/67 68/68/68 100/100/100
f 67/67/67 100/100/100 99/99/99
f 68/68/68 69/69/69 101/101/101
f 68/68/68 101/101/101 100/100/100
f 69/69/69 70/70/70 102/102/102
f 69/69/69 102/102/102 101/101/101
f 70/70/70 71/71/71 103/103/103
f 70/70/70 103/103/103 102/102/102
f 71/71/71 72/72/72 104/104/104
f 71/71/71 104/104/104 103/103/103
f 72/72/72 73/73/73 105/105/105
f 72/72/72 105/105/105 104/104/104
f 73/73/73 74/74/74 106/106/106
f 73/73/73 106/106/106 105/105/105
f 74/74/74 75/75/75 107/107/107
f 74/74/74 107/107/107 106/106/106
f 75/75/75 76/76/76 108/108/108
f 75/75/75 108/108/108 107/107/107
f 76/76/76 77/77/77 109/109/109
f 76/76/76 109/109/109 108/108/108
f 77/77/77 78/78/78 110/110/110
f 77/77/77 110/110/110 109/109/109
f 78/78/78 79/79/79 111/111/111
f 78/78/78 111/111/111 110/110/110
f 79/79/79 80/80/80 112/112/112
f 79/79/79 112/112/112 111/111/111
f 80/80/80 81/81/81 113/113/113
f 80/80/80 113/113/113 112/112/112
f 81/81/81 82/82/82 114/114/114
f 81/81/81 114/114/114 113/113/113
f 82/82/82 83/83/83 115/115/115
f 82/82/82 115/115/115 114/114/114
f 83/83/83 84/84/84 116/116/116
f 83/83/83 116/116/116 115/115/115
f 84/84/84 85/85/85 117/117/117
f 84/84/84 117/117/117 116/116/116
f 85/85/85 86/86/86 118/118/118
f 85/85/85 118/118/118 117/117/117
f 86/86/86 87/87/87 119/119/119
f 86/86/86 119/119/119 118/118/118
f 87/87/87 88/88/88 120/120/120
f 87/87/87 120/120/120 119/119/119
f 88/88/88 89/89/89 121/121/121
f 88/88/88 121/121/121 120/120/120
f 89/89/89 90/90/90 122/122/122
f 89/89/89 122/122/122 121/121/121
f 90/90/90 91/91/91 123/123/123
f 90/90/90 123/123/123 122/122/122
f 91/91/91 92/92/92 124/124/124
f 91/91/91 124/124/124 123/123/123
f 92/92/92 93/93/93 125/125/125
f 92/92/92 125/125/125 124/124/124
f 93/93/93 94/94/94 126/126/126
f 93/93/93 126/126/126 125/125/125
f 94/94/94 95/95/95 127/127/127
f 94/94/94 127/127/127 126/126/126
f 95/95/95 96/96/96 128/128/128
f 95/95/95 128/128/128 127/127/127
f 96/96/96 65/65/65 97/97/97
f 96/96/96 97/97/97 128/128/128
f 97/97/97 98/98/98 130/130/130
f 97/97/97 130/130/130 129/129/129
f 98/98/98 99/99/99 131/131/131
f 98/98/98 131/131/131 130/130/130
f 99/99/99 100/100/100 132/132/132
f 99/99/99 132/132/132 131/131/131
f 100/100/100 101/101/101 133/133/133
f 100/100/100 133/133/133 132/132/132
f 101/101/101 102/102/102 134/134/134
f 101/101/101 134/134/134 133/133/133
f 102/102/102 103/103/103 135/135/135
f 102/102/102 135/135/135 134/134/134
f 103/103/103 104/104/104 136/136/136
f 103/103/103 136/136/136 135/135/135
f 104/104/104 105/105/105 137/137/137
f 104/104/104 137/137/137 136/136/136
f 105/105/105 106/106/106 138/138/138
f 105/105/105 138/138/138 137/137/137
f 106/106/106 107/107/107 139/139/139
f 106/106/106 139/139/139 138/138/138
f 107/107/107 108/108/108 140/140/140
f 107/107/107 140/140/140 139/139/139
f 108/108/108 109/109/109 141/141/141
f 108/108/108 141/141/141 140/140/140
f 109/109/109 110/110/110 142/142/142
f 109/109/109 142/142/142 141/141/141
f 110/110/110 111/111/111 143/143/143
f 110/110/110 143/143/143 142/142/142
f 111/111/111 112/112/112 144/144/144
f 111/111/111 144/144/144 143/143/143
f 112/112/112 113/113/113 145/145/145
f 112/112/112 145/145/145 144/144/144
f 113/113/113 114/114/114 146/146/146
f 113/113/113 146/146/146 145/145/145
f 114/114/114 115/115/115 147/147/147
f 114/114/114 147/147/147 146/146/146
f 115/115/115 116/116/116 148/148/148
f 115/115/115 148/148/148 147/147/147
f 116/116/116 117/117/117 149/149/149
f 116/116/116 149/149/149 148/148/148
f 117/117/117 118/118/118 150/150/150
f 117/117/117 150/150/150 149/149/149
f 118/118/118 119/119/119 151/151/151
f 118/118/118 151/151/151 150/150/150
f 119/119/119 120/120/120 152/152/152
f 119/119/119 152/152/152 151/151/151
f 120/120/120 121/121/121 153/153/153
f 120/120/120 153/153/153 152/152/152
f 121/121/121 122/122/122 154/154/154
f 121/121/121 154/154/154 153/153/153
f 122/122/122 123/123/123 155/155/155
f 122/122/122 155/155/155 154/154/154
f 123/123/123 124/124/124 156/156/156
f 123/123/123 156/156/156 155/155/155
f 124/124/124 125/125/125 157/157/157
f 124/124/124 157/157/157 156/156/156
f 125/125/125 126/126/126 158/158/158
f 125/125/125 158/158/158 157/157/157
f 126/126/126 127/127/127 159/159/159
f 126/126/126 159/159/159 158/158/158
f 127/127/127 128/128/128 160/160/160
f 127/127/127 160/160/160 159/159/159
f 128/128/128 97/97/97 129/129/129
f 128/128/128 129/129/129 160/160/160
f 129/129/129 130/130/130 162/162/162
f 129/129/129 162/162/162 161/161/161
f 130/130/130 131/131/131 163/163/163
f 130/130/130 163/163/163 162/162/162
f 131/131/131 132/132/132 164/164/164
f 131/131/131 164/164/164 163/163/163
f 132/132/132 133/133/133 165/165/165
f 132/132/132 165/165/165 164/164/164
f 133/133/133 134/134/134 166/166/166
f 133/133/133 166/166/166 165/165/165
f 134/134/134 135/135/135 167/167/167
f 134/134/134 167/167/167 166/166/166
f 135/135/135 136/136/136 168/168/168
f 135/135/135 168/168/168 167/167/167
f 136/136/136 137/137/137 169/169/169
f 136/136/136 169/169/169 168/168/168
f 137/137/137 138/138/138 170/170/170
f 137/137/137 170/170/170 169/169/169
f 138/138/138 139/139/139 171/171/171
f 138/138/138 171/171/171 170/170/170
f 139/139/139 140/140/140 172/172/172
f 139/139/139 172/172/172 171/171/171
f 140/140/140 141/141/141 173/173/173
f 140/140/140 173/173/173 172/172/172
f 141/141/141 142/142/142 174/174/174
f 141/141/141 174/174/174 173/173/173
f 142/142/142 143/143/143 175/175/175
f 142/142/142 175/175/175 174/174/174
f 143/143/143 144/144/144 176/176/176
f 143/143/143 176/176/176 175/175/175
f 144/144/144 145/145/145 177/177/177
f 144/144/144 177/177/177 176/176/176
f 145/145/145 146/146/146 178/178/178
f 145/145/145 178/178/178 177/177/177
f 146/146/146 147/147/147 179/179/179
f 146/146/146 179/179/179 178/178/178
f 147/147/147 148/148/148 180/180/180
f 147/147/147 180/180/180 179/179/179
f 148/148/148 149/149/149 181/181/181
f 148/148/148 181/181/181 180/180/180
f 149/149/149 150/150/150 182/182/182
f 149/149/149 182/182/182 181/181/181
f 150/150/150 151/151/151 183/183/183
f 150/150/150 183/183/183 182/182/182
f 151/151/151 152/152/152 184/184/184
f 151/151/151 184/184/184 183/183/183
f 152/152/152 153/153/153 185/185/185
f 152/152/152 185/185/185 184/184/184
f 153/153/153 154/154/154 186/186/186
f 153/153/153 186/186/186 185/185/185
f 154/154/154 155/155/155 187/187/187
f 154/154/154 187/187/187 186/186/186
f 155/155/155 156/156/156 188/188/188
f 155/155/155 188/188/188 187/187/187
f 156/156/156 157/157/157 189/189/189
f 156/156/156 189/189/189 188/188/188
f 157/157/157 158/158/158 190/190/190
f 157/157/157 190/190/190 189/189/189
f 158/158/158 159/159/159 191/191/191
f 158/158/158 191/191/191 190/190/190
f 159/159/159 160/160/160 192/192/192
f 159/159/159 192/192/192 191/191/191
f 160/160/160 129/129/129 161/161/161
f 160/160/160 161/161/161 192/192/192
f 161/161/161 162/162/162 194/194/194
f 161/161/161 194/194/194 193/193/193
f 162/162/162 163/163/163 195/195/195
f 162/162/162 195/195/195 194/194/194
f 163/163/163 164/164/164 196/196/196
f 163/163/163 196/196/196 195/195/195
f 164/164/164 165/165/165 197/197/197
f 164/164/164 197/197/197 196/196/196
f 165/165/165 166/166/166 198/198/198
f 165/165/165 198/198/198 197/197/197
f 166/166/166 167/167/167 199/199/199
f 166/166/166 199/199/199 198/198/198
f 167/167/167 168/168/168 200/200/200
f 167/167/167 200/200/200 199/199/199
f 168/168/168 169/169/169 201/201/201
f 168/168/168 201/201/201 200/200/200
f 169/169/169 170/170/170 202/202/202
f 169/169/169 202/202/202 201/201/201
f 170/170/170 171/171/171 203/203/203
f 170/170/170 203/203/203 202/202/202
f 171/171/171 172/172/172 204/204/204
f 171/171/171 204/204/204 203/203/203
f 172/172/172 173/173/173 205/205/205
f 172/172/172 205/205/205 204/204/204
f 173/173/173 174/174/174 206/206/206
f 173/173/173 206/206/206 205/205/205
f 174/174/174 175/175/175 207/207/207
f 174/174/174 207/207/207 206/206/206
f 175/175/175 176/176/176 208/208/208
f 175/175/175 208/208/208 207/207/207
f 176/176/176 177/177/177 209/209/209
f 176/176/176 209/209/209 208/208/208
f 177/177/177 178/178/178 210/210/210
f 177/177/177 210/210/210 209/209/209
f 178/178/178 179/179/179 211/211/211
f 178/178/178 211/211/211 210/210/210
f 179/179/179 180/180/180 212/212/212
f 179/179/179 212/212/212 211/211/211
f 180/180/180 181/181/181 213/213/213
f 180/180/180 213/213/213 212/212/212
f 181/181/181 182/182/182 214/214/214
f 181/181/181 214/214/214 213/213/213
f 182/182/182 183/183/183 215/215/215
f 182/182/182 215/215/215 214/214/214
f 183/183/183 184/184/184 216/216/216
f 183/183/183 216/216/216 215/215/215
f 184/184/184 185/185/185 217/217/217
f 184/184/184 217/217/217 216/216/216
f 185/185/185 186/186/186 218/218/218
f 185/185/185 218/218/218 217/217/217
f 186/186/186 187/187/187 219/219/219
f 186/186/186 219/219/219 218/218/218
f 187/187/187 188/188/188 220/220/220
f 187/187/187 220/220/220 219/219/219
f 188/188/188 189/189/189 221/221/221
f 188/188/188 221/221/221 220/220/220
f 189/189/189 190/190/190 222/222/222
f 189/189/189 222/222/222 221/221/221
f 190/190/190 191/191/191 223/223/223
f 190/190/190 223/223/223 222/222/222
f 191/191/191 192/192/192 224/224/224
f 191/191/191 224/224/224 223/223/223
f 192/192/192 161/161/161 193/193/193
f 192/192/192 193/193/193 224/224/224
f 193/193/193 194/194/194 226/226/226
f 193/193/193 226/226/226 225/225/225
f 194/194/194 195/195/195 227/227/227
f 194/194/194 227/227/227 226/226/226
f 195/195/195 196/196/196 228/228/228
f 195/195/195 228/228/228 227/227/227
f 196/196/196 197/197/197 229/229/229
f 196/196/196 229/229/229 228/228/228
f 197/197/197 198/198/198 230/230/230
f 197/197/197 230/230/230 229/229/229
f 198/198/198 199/199/199 231/231/231
f 198/198/198 231/231/231 230/230/230
f 199/199/199 200/200/200 232/232/232
f 199/199/199 232/232/232 231/231/231
f 200/200/200 201/201/201 233/233/233
f 200/200/200 233/233/233 232/232/232
f 201/201/201 202/202/202 234/234/234
f 201/201/201 234/234/234 233/233/233
f 202/202/202 203/203/203 235/235/235
f 202/202/202 235/235/235 234/234/234
f 203/203/203 204/204/204 236/236/236
f 203/203/203 236/236/236 235/235/235
f 204/204/204 205/205/205 237/237/237
f 204/204/204 237/237/237 236/236/236
f 205/205/205 206/206/206 238/238/238
f 205/205/205 238/238/238 237/237/237
f 206/206/206 207/207/207 239/239/239
f 206/206/206 239/239/239 238/238/238
f 207/207/207 208/208/208 240/240/240
f 207/207/207 240/240/240 239/239/239
f 208/208/208 209/209/209 241/241/241
f 208/208/208 241/241/241 240/240/240
f 209/209/209 210/210/210 242/242/242
f 209/209/209 242/242/242 241/241/241
f 210/210/210 211/211/211 243/243/243
f 210/210/210 243/243/243 242/242/242
f 211/211/211 212/212/212 244/244/244
f 211/211/211 244/244/244 243/243/243
f 212/212/212 213/213/213 245/245/245
f 212/212/212 245/245/245 244/244/244
f 213/213/213 214/214/214 246/246/246
f 213/213/213 246/246/246 245/245/245
f 214/214/214 215/215/215 247/247/247
f 214/214/214 247/247/247 246/246/246
f 215/215/215 216/216/216 248/248/248
f 215/215/215 248/248/248 247/247/247
f 216/216/216 217/217/217 249/249/249
f 216/216/216 249/249/249 248/248/248
f 217/217/217 218/218/218 250/250/250
f 217/217/217 250/250/250 249/249/249
f 218/218/218 219/219/219 251/251/251
f 218/218/218 251/251/251 250/250/250
f 219/219/219 220/220/220 252/252/252
f 219/219/219 252/252/252 251/251/251
f 220/220/220 221/221/221 253/253/253
f 220/220/220 253/253/253 252/252/252
f 221/221/221 222/222/222 254/254/254
f 221/221/221 254/254/254 253/253/253
f 222/222/222 223/223/223 255/255/255
f 222/222/222 255/255/255 254/254/254
f 223/223/223 224/224/224 256/256/256
f 223/223/223 256/256/256 255/255/255
f 224/224/224 193/193/193 225/225/225
f 224/224/224 225/225/225 256/256/256
f 225/225/225 226/226/226 258/258/258
f 225/225/225 258/258/258 257/257/257
f 226/226/226 227/227/227 259/259/259
f 226/226/226 259/259/259 258/258/258
f 227/227/227 228/228/228 260/260/260
f 227/227/227 260/260/260 259/259/259
f 228/228/228 229/229/229 261/261/261
f 228/228/228 261/261/261 260/260/260
f 229/229/229 230/230/230 262/262/262
f 229/229/229 262/262/262 261/261/261
f 230/230/230 231/231/231 263/263/263
f 230/230/230 263/263/263 262/262/262
f 231/231/231 232/232/232 264/264/264
f 231/231/231 264/264/264 263/263/263
f 232/232/232 233/233/233 265/265/265
f 232/232/232 265/265/265 264/264/264
f 233/233/233 234/234/234 266/266/266
f 233/233/233 266/266/266 265/265/265
f 234/234/234 235/235/235 267/267/267
f 234/234/234 267/267/267 266/266/266
f 235/235/235 236/236/236 268/268/268
f 235/235/235 268/268/268 267/267/267
f 236/236/236 237/237/237 269/269/269
f 236/236/236 269/269/269 268/268/268
f 237/237/237 238/238/238 270/270/270
f 237/237/237 270/270/270 269/269/269
f 238/238/238 239/239/239 271/271/271
f 238/238/238 271/271/271 270/270/270
f 239/239/239 240/240/240 272/272/272
f 239/239/239 272/272/272 271/271/271
f 240/240/240 241/241/241 273/273/273
f 240/240/240 273/273/273 272/272/272
f 241/241/241 242/242/242 274/274/274
f 241/241/241 274/274/274 273/273/273
f 242/242/242 243/243/243 275/275/275
f 242/242/242 275/275/275 274/274/274
f 243/243/243 244/244/244 276/276/276
f 243/243/243 276/276/276 275/275/275
f 244/244/244 245/245/245 277/277/277
f 244/244/244 277/277/277 276/276/276
f 245/245/245 246/246/246 278/278/278
f 245/245/245 278/278/278 277/277/277
f 246/246/246 247/247/247 279/279/279
f 246/246/246 279/279/279 278/278/278
f 247/247/247 248/248/248 280/280/280
f 247/247/247 280/280/280 279/279/279
f 248/248/248 249/249/249 281/281/281
f 248/248/248 281/281/281 280/280/280
f 249/249/249 250/250/250 282/282/282
f 249/249/249 282/282/282 281/281/281
f 250/250/250 251/251/251 283/283/283
f 250/250/250 283/283/283 282/282/282
f 251/251/251 252/252/252 284/284/284
f 251/251/251 284/284/284 283/283/283
f 252/252/252 253/253/253 285/285/285
f 252/252/252 285/285/285 284/284/284
f 253/253/253 254/254/254 286/286/286
f 253/253/253 286/286/286 285/285/285
f 254/254/254 255/255/255 287/287/287
f 254/254/254 287/287/287 286/286/286
f 255/255/255 256/256/256 288/288/288
f 255/255/255 288/288/288 287/287/287
f 256/256/256 225/225/225 257/257/257
f 256/256/256 257/257/257 288/288/288
f 257/257/257 258/258/258 290/290/290
f 257/257/257 290/290/290 289/289/289
f 258/258/258 259/259/259 291/291/291
f 258/258/258 291/291/291 290/290/290
f 259/259/259 260/260/260 292/292/292
f 259/259/259 292/292/292 291/291/291
f 260/260/260 261/261/261 293/293/293
f 260/260/260 293/293/293 292/292/292
f 261/261/261 262/262/262 294/294/294
f 261/261/261 294/294/294 293/293/293
f 262/262/262 263/263/263 295/295/295
f 262/262/262 295/295/295 294/294/294
f 263/263/263 264/264/264 296/296/296
f 263/263/263 296/296/296 295/295/295
f 264/264/264 265/265/265 297/297/297
f 264/264/264 297/297/297 296/296/296
f 265/265/265 266/266/266 298/298/298
f 265/265/265 298/298/298 297/297/297
f 266/266/266 267/267/267 299/299/299
f 266/266/266 299/299/299 298/298/298
f 267/267/267 268/268/268 300/300/300
f 267/267/267 300/300/300 299/299/299
f 268/268/268 269/269/269 301/301/301
f 268/268/268 301/301/301 300/300/300
f 269/269/269 270/270/270 302/302/302
f 269/269/269 302/302/302 301/301/301
f 270/270/270 271/271/271 303/303/303
f 270/270/270 303/303/303 302/302/302
f 271/271/271 272/272/272 304/304/304
f 271/271/271 304/304/304 303/303/303
f 272/272/272 273/273/273 305/305/305
f 272/272/272 305/305/305 304/304/304
f 273/273/273 274/274/274 306/306/306
f 273/273/273 306/306/306 305/305/305
f 274/274/274 275/275/275 307/307/307
f 274/274/274 307/307/307 306/306/306
f 275/275/275 276/276/276 308/308/308
f 275/275/275 308/308/308 307/307/307
f 276/276/276 277/277/277 309/309/309
f 276/276/276 309/309/309 308/308/308
f 277/277/277 278/278/278 310/310/310
f 277/277/277 310/310/310 309/309/309
f 278/278/278 279/279/279 311/311/311
f 278/278/278 311/311/311 310/310/310
f 279/279/279 280/280/280 312/312/312
f 279/279/279 312/312/312 311/311/311
f 280/280/280 281/281/281 313/313/313
f 280/280/280 313/313/313 312/312/312
f 281/281/281 282/282/282 314/314/314
f 281/281/281 314/314/314 313/313/313
f 282/282/282 283/283/283 315/315/315
f 282/282/282 315/315/315 314/314/314
f 283/283/283 284/284/284 316/316/316
f 283/283/283 316/316/316 315/315/315
f 284/284/284 285/285/285 317/317/317
f 284/284/284 317/317/317 316/316/316
f 285/285/285 286/286/286 318/318/318
f 285/285/285 318/318/318 317/317/317
f 286/286/286 287/287/287 319/319/319
f 286/286/286 319/319/319 318/318/318
f 287/287/287 288/288/288 320/320/320
f 287/287/287 320/320/320 319/319/319
f 288/288/288 257/257/257 289/289/289
f 288/288/288 289/289/289 320/320/320
f 289/289/289 290/290/290 322/322/322
f 289/289/289 322/322/322 321/321/321
f 290/290/290 291/291/291 323/323/323
f 290/290/290 323/323/323 322/322/322
f 291/291/291 292/292/292 324/324/324
f 291/291/291 324/324/324 323/323/323
f 292/292/292 293/293/293 325/325/325
f 292/292/292 325/325/325 324/324/324
f 293/293/293 294/294/294 326/326/326
f 293/293/293 326/326/326 325/325/325
f 294/294/294 295/295/295 327/327/327
f 294/294/294 327/327/327 326/326/326
f 295/295/295 296/296/296 328/328/328
f 295/295/295 328/328/328 327/327/327
f 296/296/296 297/297/297 329/329/329
f 296/296/296 329/329/329 328/328/328
f 297/297/297 298/298/298 330/330/330
f 297/297/297 330/330/330 329/329/329
f 298/298/298 299/299/299 331/331/331
f 298/298/298 331/331/331 330/330/330
f 299/299/299 300/300/300 332/332/332
f 299/299/299 332/332/332 331/331/331
f 300/300/300 301/301/301 333/333/333
f 300/300/300 333/333/333 332/332/332
f 301/301/301 302/302/302 334/334/334
f 301/301/301 334/334/334 333/333/333
f 302/302/302 303/303/303 335/335/335
f 302/302/302 335/335/335 334/334/334
f 303/303/303 304/304/304 336/336/336
f 303/303/303 336/336/336 335/335/335
f 304/304/304 305/305/305 337/337/337
f 304/304/304 337/337/337 336/336/336
f 305/305/305 306/306/306 338/338/338
f 305/305/305 338/338/338 337/337/337
f 306/306/306 307/307/307 339/339/339
f 306/306/306 339/339/339 338/338/338
f 307/307/307 308/308/308 340/340/340
f 307/307/307 340/340/340 339/339/339
f 308/308/308 309/309/309 341/341/341
f 308/308/308 341/341/341 340/340/340
f 309/309/309 310/310/310 342/342/342
f 309/309/309 342/342/342 341/341/341
f 310/310/310 311/311/311 343/343/343
f 310/310/310 343/343/343 342/342/342
f 311/311/311 312/312/312 344/344/344
f 311/311/311 344/344/344 343/343/343
f 312/312/312 313/313/313 345/345/345
f 312/312/312 345/345/345 344/344/344
f 313/313/313 314/314/314 346/346/346
f 313/313/313 346/346/346 345/345/345
f 314/314/314 315/315/315 347/347/347
f 314/314/314 347/347/347 346/346/346
f 315/315/315 316/316/316 348/348/348
f 315/315/315 348/348/348 347/347/347
f 316/316/316 317/317/317 349/349/349
f 316/316/316 349/349/349 348/348/348
f 317/317/317 318/318/318 350/350/350
f 317/317/317 350/350/350 349/349/349
f 318/318/318 319/319/319 351/351/351
f 318/318/318 351/351/351 350/350/350
f 319/319/319 320/320/320 352/352/352
f 319/319/319 352/352/352 351/351/351
f 320/320/320 289/289/289 321/321/321
f 320/320/320 321/321/321 352/352/352
f 321/321/321 322/322/322 354/354/354
f 321/321/321 354/354/354 353/353/353
f 322/322/322 323/323/323 355/355/355
f 322/322/322 355/355/355 354/354/354
f 323/323/323 324/324/324 356/356/356
f 323/323/323 356/356/356 355/355/355
f 324/324/324 325/325/325 357/357/357
f 324/324/324 357/357/357 356/356/356
f 325/325/325 326/326/326 358/358/358
f 325/325/325 358/358/358 357/357/357
f 326/326/326 327/327/327 359/359/359
f 326/326/326 359/359/359 358/358/358
f 327/327/327 328/328/328 360/360/360
f 327/327/327 360/360/360 359/359/359
f 328/328/328 329/329/329 361/361/361
f 328/328/328 361/361/361 360/360/360
f 329/329/329 330/330/330 362/362/362
f 329/329/329 362/362/362 361/361/361
f 330/330/330 331/331/331 363/363/363
f 330/330/330 363/363/363 362/362/362
f 331/331/331 332/332/332 364/364/364
f 331/331/331 364/364/364 363/363/363
f 332/332/332 333/333/333 365/365/365
f 332/332/332 365/365/365 364/364/364
f 333/333/333 334/334/334 366/366/366
f 333/333/333 366/366/366 365/365/365
f 334/334/334 335/335/335 367/367/367
f 334/334/334 367/367/367 366/366/366
f 335/335/335 336/336/336 368/368/368
f 335/335/335 368/368/368 367/367/367
f 336/336/336 337/337/337 369/369/369
f 336/336/336 369/369/369 368/368/368
f 337/337/337 338/338/338 370/370/370
f 337/337/337 370/370/370 369/369/369
f 338/338/338 339/339/339 371/371/371
f 338/338/338 371/371/371 370/370/370
f 339/339/339 340/340/340 372/372/372
f 339/339/339 372/372/372 371/371/371
f 340/340/340 341/341/341 373/373/373
f 340/340/340 373/373/373 372/372/372
f 341/341/341 342/342/342 374/374/374
f 341/341/341 374/374/374 373/373/373
f 342/342/342 343/343/343 375/375/375
f 342/342/342 375/375/375 374/374/374
f 343/343/343 344/344/344 376/376/376
f 343/343/343 376/376/376 375/375/375
f 344/344/344 345/345/345 377/377/377
f 344/344/344 377/377/377 376/376/376
f 345/345/345 346/346/346 378/378/378
f 345/345/345 378/378/378 377/377/377
f 346/346/346 347/347/347 379/379/379
f 346/346/346 379/379/379 378/378/378
f 347/347/347 348/348/348 380/380/380
f 347/347/347 380/380/380 379/379/379
f 348/348/348 349/349/349 381/381/381
f 348/348/348 381/381/381 380/380/380
f 349/349/349 350/350/350 382/382/382
f 349/349/349 382/382/382 381/381/381
f 350/350/350 351/351/351 383/383/383
f 350/350/350 383/383/383 382/382/382
f 351/351/351 352/352/352 384/384/384
f 351/351/351 384/384/384 383/383/383
f 352/352/352 321/321/321 353/353/353
f 352/352/352 353/353/353 384/384/384
f 353/353/353 354/354/354 386/386/386
f 353/353/353 386/386/386 385/385/385
f 354/354/354 355/355/355 387/387/387
f 354/354/354 387/387/387 386/386/386
f 355/355/355 356/356/356 388/388/388
f 355/355/355 388/388/388 387/387/387
f 356/356/356 357/357/357 389/389/389
f 356/356/356 389/389/389 388/388/388
f 357/357/357 358/358/358 390/390/390
f 357/357/357 390/390/390 389/389/389
f 358/358/358 359/359/359 391/391/391
f 358/358/358 391/391/391 390/390/390
f 359/359/359 360/360/360 392/392/392
f 359/359/359 392/392/392 391/391/391
f 360/360/360 361/361/361 393/393/393
f 360/360/360 393/393/393 392/392/392
f 361/361/361 362/362/362 394/394/394
f 361/361/361 394/394/394 393/393/393
f 362/362/362 363/363/363 395/395/395
f 362/362/362 395/395/395 394/394/394
f 363/363/363 364/364/364 396/396/396
f 363/363/363 396/396/396 395/395/395
f 364/364/364 365/365/365 397/397/397
f 364/364/364 397/397/397 396/396/396
f 365/365/365 366/366/366 398/398/398
f 365/365/365 398/398/398 397/397/397
f 366/366/366 367/367/367 399/399/399
f 366/366/366 399/399/399 398/398/398
f 367/367/367 368/368/368 400/400/400
f 367/367/367 400/400/400 399/399/399
f 368/368/368 369/369/369 401/401/401
f 368/368/368 401/401/401 400/400/400
f 369/369/369 370/370/370 402/402/402
f 369/369/369 402/402/402 401/401/401
f 370/370/370 371/371/371 403/403/403
f 370/370/370 403/403/403 402/402/402
f 371/371/371 372/372/372 404/404/404
f 371/371/371 404/404/404 403/403/403
f 372/372/372 373/373/373 405/405/405
f 372/372/372 405/405/405 404/404/404
f 373/373/373 374/374/374 406/406/406
f 373/373/373 406/406/406 405/405/405
f 374/374/374 375/375/375 407/407/407
f 374/374/374 407/407/407 406/406/406
f 375/375/375 376/376/376 408/408/408
f 375/375/375 408/408/408 407/407/407
f 376/376/376 377/377/377 409/409/409
f 376/376/376 409/409/409 408/408/408
f 377/377/377 378/378/378 410/410/410
f 377/377/377 410/410/410 409/409/409
f 378/378/378 379/379/379 411/411/411
f 378/378/378 411/411/411 410/410/410
f 379/379/379 380/380/380 412/412/412
f 379/379/379 412/412/412 411/411/411
f 380/380/380 381/381/381 413/413/413
f 380/380/380 413/413/413 412/412/412
f 381/381/381 382/382/382 414/414/414
f 381/381/381 414/414/414 413/413/413
f 382/382/382 383/383/383 415/415/415
f 382/382/382 415/415/415 414/414/414
f 383/383/383 384/384/384 416/416/416
f 383/383/383 416/416/416 415/415/415
f 384/384/384 353/353/353 385/385/385
f 384/384/384 385/385/385 416/416/416
f 385/385/385 386/386/386 418/418/418
f 385/385/385 418/418/418 417/417/417
f 386/386/386 387/387/387 419/419/419
f 386/386/386 419/419/419 418/418/418
f 387/387/387 388/388/388 420/420/420
f 387/387/387 420/420/420 419/419/419
f 388/388/388 389/389/389 421/421/421
f 388/388/388 421/421/421 420/420/420
f 389/389/389 390/390/390 422/422/422
f 389/389/389 422/422/422 421/421/421
f 390/390/390 391/391/391 423/423/423
f 390/390/390 423/423/423 422/422/422
f 391/391/391 392/392/392 424/424/424
f 391/391/391 424/424/424 423/423/423
f 392/392/392 393/393/393 425/425/425
f 392/392/392 425/425/425 424/424/424
f 393/393/393 394/394/394 426/426/426
f 393/393/393 426/426/426 425/425/425
f 394/394/394 395/395/395 427/427/427
f 394/394/394 427/427/427 426/426/426
f 395/395/395 396/396/396 428/428/428
f 395/395/395 428/428/428 427/427/427
f 396/396/396 397/397/397 429/429/429
f 396/396/396 429/429/429 428/428/428
f 397/397/397 398/398/398 430/430/430
f 397/397/397 430/430/430 429/429/429
f 398/398/398 399/399/399 431/431/431
f 398/398/398 431/431/431 430/430/430
f 399/399/399 400/400/400 432/432/432
f 399/399/399 432/432/432 431/431/431
f 400/400/400 401/401/401 433/433/433
f 400/400/400 433/433/433 432/432/432
f 401/401/401 402/402/402 434/434/434
f 401/401/401 434/434/434 433/433/433
f 402/402/402 403/403/403 435/435/435
f 402/402/402 435/435/435 434/434/434
f 403/403/403 404/404/404 436/436/436
f 403/403/403 436/436/436 435/435/435
f 404/404/404 405/405/405 437/437/437
f 404/404/404 437/437/437 436/436/436
f 405/405/405 406/406/406 438/438/438
f 405/405/405 438/438/438 437/437/437
f 406/406/406 407/407/407 439/439/439
f 406/406/406 439/439/439 438/438/438
f 407/407/407 408/408/408 440/440/440
f 407/407/407 440/440/440 439/439/439
f 408/408/408 409/409/409 441/441/441
f 408/408/408 441/441/441 440/440/440
f 409/409/409 410/410/410 442/442/442
f 409/409/409 442/442/442 441/441/441
f 410/410/410 411/411/411 443/443/443
f 410/410/410 443/443/443 442/442/442
f 411/411/411 412/412/412 444/444/444
f 411/411/411 444/444/444 443/443/443
f 412/412/412 413/413/413 445/445/445
f 412/412/412 445/445/445 444/444/444
f 413/413/413 414/414/414 446/446/446
f 413/413/413 446/446/446 445/445/445
f 414/414/414 415/415/415 447/447/447
f 414/414/414 447/447/447 446/446/446
f 415/415/415 416/416/416 448/448/448
f 415/415/415 448/448/448 447/447/447
f 416/416/416 385/385/385 417/417/417
f 416/416/416 417/417/417 448/448/448
f 417/417/417 418/418/418 450/450/450
f 417/417/417 450/450/450 449/449/449
f 418/418/418 419/419/419 451/451/451
f 418/418/418 451/451/451 450/450/450
f 419/419/419 420/420/420 452/452/452
f 419/419/419 452/452/452 451/451/451
f 420/420/420 421/421/421 453/453/453
f 420/420/420 453/453/453 452/452/452
f 421/421/421 422/422/422 454/454/454
f 421/421/421 454/454/454 453/453/453
f 422/422/422 423/423/423 455/455/455
f 422/422/422 455/455/455 454/454/454
f 423/423/423 424/424/424 456/456/456
f 423/423/423 456/456/456 455/455/455
f 424/424/424 425/425/425 457/457/457
f 424/424/424 457/457/457 456/456/456
f 425/425/425 426/426/426 458/458/458
f 425/425/425 458/458/458 457/457/457
f 426/426/426 427/427/427 459/459/459
f 426/426/426 459/459/459 458/458/458
f 427/427/427 428/428/428 460/460/460
f 427/427/427 460/460/460 459/459/459
f 428/428/428 429/429/429 461/461/461
f 428/428/428 461/461/461 460/460/460
f 429/429/429 430/430/430 462/462/462
f 429/429/429 462/462/462 461/461/461
f 430/430/430 431/431/431 463/463/463
f 430/430/430 463/463/463 462/462/462
f 431/431/431 432/432/432 464/464/464
f 431/431/431 464/464/464 463/463/463
f 432/432/432 433/433/433 465/465/465
f 432/432/432 465/465/465 464/464/464
f 433/433/433 434/434/434 466/466/466
f 433/433/433 466/466/466 465/465/465
f 434/434/434 435/435/435 467/467/467
f 434/434/434 467/467/467 466/466/466
f 435/435/435 436/436/436 468/468/468
f 435/435/435 468/468/468 467/467/467
f 436/436/436 437/437/437 469/469/469
f 436/436/436 469/469/469 468/468/468
f 437/437/437 438/438/438 470/470/470
f 437/437/437 470/470/470 469/469/469
f 438/438/438 439/439/439 471/471/471
f 438/438/438 471/471/471 470/470/470
f 439/439/439 440/440/440 472/472/472
f 439/439/439 472/472/472 471/471/471
f 440/440/440 441/441/441 473/473/473
f 440/440/440 473/473/473 472/472/472
f 441/441/441 442/442/442 474/474/474
f 441/441/441 474/474/474 473/473/473
f 442/442/442 443/443/443 475/475/475
f 442/442/442 475/475/475 474/474/474
f 443/443/443 444/444/444 476/476/476
f 443/443/443 476/476/476 475/475/475
f 444/444/444 445/445/445 477/477/477
f 444/444/444 477/477/477 476/476/476
f 445/445/445 446/446/446 478/478/478
f 445/445/445 478/478/478 477/477/477
f 446/446/446 447/447/447 479/479/479
f 446/446/446 479/479/479 478/478/478
f 447/447/447 448/448/448 480/480/480
f 447/447/447 480/480/480 479/479/479
f 448/448/448 417/417/417 449/449/449
f 448/448/448 449/449/449 480/480/480
f 449/449/449 450/450/450 482/482/482
f 449/449/449 482/482/482 481/481/481
f 450/450/450 451/451/451 483/483/483
f 450/450/450 483/483/483 482/482/482
f 451/451/451 452/452/452 484/484/484
f 451/451/451 484/484/484 483/483/483
f 452/452/452 453/453/453 485/485/485
f 452/452/452 485/485/485 484/484/484
f 453/453/453 454/454/454 486/486/486
f 453/453/453 486/486/486 485/485/485
f 454/454/454 455/455/455 487/487/487
f 454/454/454 487/487/487 486/486/486
f 455/455/455 456/456/456 488/488/488
f 455/455/455 488/488/488 487/487/487
f 456/456/456 457/457/457 489/489/489
f 456/456/456 489/489/489 488/488/488
f 457/457/457 458/458/458 490/490/490
f 457/457/457 490/490/490 489/489/489
f 458/458/458 459/459/459 491/491/491
f 458/458/458 491/491/491 490/490/490
f 459/459/459 460/460/460 492/492/492
f 459/459/459 492/492/492 491/491/491
f 460/460/460 461/461/461 493/493/493
f 460/460/460 493/493/493 492/492/492
f 461/461/461 462/462/462 494/494/494
f 461/461/461 494/494/494 493/493/493
f 462/462/462 463/463/463 495/495/495
f 462/462/462 495/495/495 494/494/494
f 463/463/463 464/464/464 496/496/496
f 463/463/463 496/496/496 495/495/495
f 464/464/464 465/465/465 497/497/497
f 464/464/464 497/497/497 496/496/496
f 465/465/465 466/466/466 498/498/498
f 465/465/465 498/498/498 497/497/497
f 466/466/466 467/467/467 499/499/499
f 466/466/466 499/499/499 498/498/498
f 467/467/467 468/468/468 500/500/500
f 467/467/467 500/500/500 499/499/499
f 468/468/468 469/469/469 501/501/501
f 468/468/468 501/501/501 500/500/500
f 469/469/469 470/470/470 502/502/502
f 469/469/469 502/502/502 501/501/501
f 470/470/470 471/471/471 503/503/503
f 470/470/470 503/503/503 502/502/502
f 471/471/471 472/472/472 504/504/504
f 471/471/471 504/504/504 503/503/503
f 472/472/472 473/473/473 505/505/505
f 472/472/472 505/505/505 504/504/504
f 473/473/473 474/474/474 506/506/506
f 473/473/473 506/506/506 505/505/505
f 474/474/474 475/475/475 507/507/507
f 474/474/474 507/507/507 506/506/506
f 475/475/475 476/476/476 508/508/508
f 475/475/475 508/508/508 507/507/507
f 476/476/476 477/477/477 509/509/509
f 476/476/476 509/509/509 508/508/508
f 477/477/477 478/478/478 510/510/510
f 477/477/477 510/510/510 509/509/509
f 478/478/478 479/479/479 511/511/511
f 478/478/478 511/511/511 510/510/510
f 479/479/479 480/480/480 512/512/512
f 479/479/479 512/512/512 511/511/511
f 480/480/480 449/449/449 481/481/481
f 480/480/480 481/481/481 512/512/512
f 481/481/481 482/482/482 514/514/514
f 481/481/481 514/514/514 513/513/513
f 482/482/482 483/483/483 515/515/515
f 482/482/482 515/515/515 514/514/514
f 483/483/483 484/484/484 516/516/516
f 483/483/483 516/516/516 515/515/515
f 484/484/484 485/485/485 517/517/517
f 484/484/484 517/517/517 516/516/516
f 485/485/485 486/486/486 518/518/518
f 485/485/485 518/518/518 517/517/517
f 486/486/486 487/487/487 519/519/519
f 486/486/486 519/519/519 518/518/518
f 487/487/487 488/488/488 520/520/520
f 487/487/487 520/520/520 519/519/519
f 488/488/488 489/489/489 521/521/521
f 488/488/488 521/521/521 520/520/520
f 489/489/489 490/490/490 522/522/522
f 489/489/489 522/522/522 521/521/521
f 490/490/490 491/491/491 523/523/523
f 490/490/490 523/523/523 522/522/522
f 491/491/491 492/492/492 524/524/524
f 491/491/491 524/524/524 523/523/523
f 492/492/492 493/493/493 525/525/525
f 492/492/492 525/525/525 524/524/524
f 493/493/493 494/494/494 526/526/526
f 493/493/493 526/526/526 525/525/525
f 494/494/494 495/495/495 527/527/527
f 494/494/494 527/527/527 526/526/526
f 495/495/495 496/496/496 528/528/528
f 495/495/495 528/528/528 527/527/527
f 496/496/496 497/497/497 529/529/529
f 496/496/496 529/529/529 528/528/528
f 497/497/497 498/498/498 530/530/530
f 497/497/497 530/530/530 529/529/529
f 498/498/498 499/499/499 531/531/531
f 498/498/498 531/531/531 530/530/530
f 499/499/499 500/500/500 532/532/532
f 499/499/499 532/532/532 531/531/531
f 500/500/500 501/501/501 533/533/533
f 500/500/500 533/533/533 532/532/532
f 501/501/501 502/502/502 534/534/534
f 501/501/501 534/534/534 533/533/533
f 502/502/502 503/503/503 535/535/535
f 502/502/502 535/535/535 534/534/534
f 503/503/503 504/504/504 536/536/536
f 503/503/503 536/536/536 535/535/535
f 504/504/504 505/505/505 537/537/537
f 504/504/504 537/537/537 536/536/536
f 505/505/505 506/506/506 538/538/538
f 505/505/505 538/538/538 537/537/537
f 506/506/506 507/507/507 539/539/539
f 506/506/506 539/539/539 538/538/538
f 507/507/507 508/508/508 540/540/540
f 507/507/507 540/540/540 539/539/539
f 508/508/508 509/509/509 541/541/541
f 508/508/508 541/541/541 540/540/540
f 509/509/509 510/510/510 542/542/542
f 509/509/509 542/542/542 541/541/541
f 510/510/510 511/511/511 543/543/543
f 510/510/510 543/543/543 542/542/542
f 511/511/511 512/512/512 544/544/544
f 511/511/511 544/544/544 543/543/543
f 512/512/512 481/481/481 513/513/513
f 512/512/512 513/513/513 544/544/544
f 513/513/513 514/514/514 546/546/546
f 513/513/513 546/546/546 545/545/545
f 514/514/514 515/515/515 547/547/547
f 514/514/514 547/547/547 546/546/546
f 515/515/515 516/516/516 548/548/548
f 515/515/515 548/548/548 547/547/547
f 516/516/516 517/517/517 549/549/549
f 516/516/516 549/549/549 548/548/548
f 517/517/517 518/518/518 550/550/550
f 517/517/517 550/550/550 549/549/549
f 518/518/518 519/519/519 551/551/551
f 518/518/518 551/551/551 550/550/550
f 519/519/519 520/520/520 552/552/552
f 519/519/519 552/552/552 551/551/551
f 520/520/520 521/521/521 553/553/553
f 520/520/520 553/553/553 552/552/552
f 521/521/521 522/522/522 554/554/554
f 521/521/521 554/554/554 553/553/553
f 522/522/522 523/523/523 555/555/555
f 522/522/522 555/555/555 554/554/554
f 523/523/523 524/524/524 556/556/556
f 523/523/523 556/556/556 555/555/555
f 524/524/524 525/525/525 557/557/557
f 524/524/524 557/557/557 556/556/556
f 525/525/525 526/526/526 558/558/558
f 525/525/525 558/558/558 557/557/557
f 526/526/526 527/527/527 559/559/559
f 526/526/526 559/559/559 558/558/558
f 527/527/527 528/528/528 560/560/560
f 527/527/527 560/560/560 559/559/559
f 528/528/528 529/529/529 561/561/561
f 528/528/528 561/561/561 560/560/560
f 529/529/529 530/530/530 562/562/562
f 529/529/529 562/562/562 561/561/561
f 530/530/530 531/531/531 563/563/563
f 530/530/530 563/563/563 562/562/562
f 531/531/531 532/532/532 564/564/564
f 531/531/531 564/564/564 563/563/563
f 532/532/532 533/533/533 565/565/565
f 532/532/532 565/565/565 564/564/564
f 533/533/533 534/534/534 566/566/566
f 533/533/533 566/566/566 565/565/565
f 534/534/534 535/535/535 567/567/567
f 534/534/534 567/567/567 566/566/566
f 535/535/535 536/536/536 568/568/568
f 535/535/535 568/568/568 567/567/567
f 536/536/536 537/537/537 569/569/569
f 536/536/536 569/569/569 568/568/568
f 537/537/537 538/538/538 570/570/570
f 537/537/537 570/570/570 569/569/569
f 538/538/538 539/539/539 571/571/571
f 538/538/538 571/571/571 570/570/570
f 539/539/539 540/540/540 572/572/572
f 539/539/539 572/572/572 571/571/571
f 540/540/540 541/541/541 573/573/573
f 540/540/540 573/573/573 572/572/572
f 541/541/541 542/542/542 574/574/574
f 541/541/541 574/574/574 573/573/573
f 542/542/542 543/543/543 575/575/575
f 542/542/542 575/575/575 574/574/574
f 543/543/543 544/544/544 576/576/576
f 543/543/543 576/576/576 575/575/575
f 544/544/544 513/513/513 545/545/545
f 544/544/544 545/545/545 576/576/576
f 545/545/545 546/546/546 578/578/578
f 545/545/545 578/578/578 577/577/577
f 546/546/546 547/547/547 579/579/579
f 546/546/546 579/579/579 578/578/578
f 547/547/547 548/548/548 580/580/580
f 547/547/547 580/580/580 579/579/579
f 548/548/548 549/549/549 581/581/581
f 548/548/548 581/581/581 580/580/580
f 549/549/549 550/550/550 582/582/582
f 549/549/549 582/582/582 581/581/581
f 550/550/550 551/551/551 583/583/583
f 550/550/550 583/583/583 582/582/582
f 551/551/551 552/552/552 584/584/584
f 551/551/551 584/584/584 583/583/583
f 552/552/552 553/553/553 585/585/585
f 552/552/552 585/585/585 584/584/584
f 553/553/553 554/554/554 586/586/586
f 553/553/553 586/586/586 585/585/585
f 554/554/554 555/555/555 587/587/587
f 554/554/554 587/587/587 586/586/586
f 555/555/555 556/556/556 588/588/588
f 555/555/555 588/588/588 587/587/587
f 556/556/556 557/557/557 589/589/589
f 556/556/556 589/589/589 588/588/588
f 557/557/557 558/558/558 590/590/590
f 557/557/557 590/590/590 589/589/589
f 558/558/558 559/559/559 591/591/591
f 558/558/558 591/591/591 590/590/590
f 559/559/559 560/560/560 592/592/592
f 559/559/559 592/592/592 591/591/591
f 560/560/560 561/561/561 593/593/593
f 560/560/560 593/593/593 592/592/592
f 561/561/561 562/562/562 594/594/594
f 561/561/561 594/594/594 593/593/593
f 562/562/562 563/563/563 595/595/595
f 562/562/562 595/595/595 594/594/594
f 563/563/563 564/564/564 596/596/596
f 563/563/563 596/596/596 595/595/595
f 564/564/564 565/565/565 597/597/597
f 564/564/564 597/597/597 596/596/596
f 565/565/565 566/566/566 598/598/598
f 565/565/565 598/598/598 597/597/597
f 566/566/566 567/567/567 599/599/599
f 566/566/566 599/599/599 598/598/598
f 567/567/567 568/568/568 600/600/600
f 567/567/567 600/600/600 599/599/599
f 568/568/568 569/569/569 601/601/601
f 568/568/568 601/601/601 600/600/600
f 569/569/569 570/570/570 602/602/602
f 569/569/569 602/602/602 601/601/601
f 570/570/570 571/571/571 603/603/603
f 570/570/570 603/603/603 602/602/602
f 571/571/571 572/572/572 604/604/604
f 571/571/571 604/604/604 603/603/603
f 572/572/572 573/573/573 605/605/605
f 572/572/572 605/605/605 604/604/604
f 573/573/573 574/574/574 606/606/606
f 573/573/573 606/606/606 605/605/605
f 574/574/574 575/575/575 607/607/607
f 574/574/574 607/607/607 606/606/606
f 575/575/575 576/576/576 608/608/608
f 575/575/575 608/608/608 607/607/607
f 576/576/576 545/545/545 577/577/577
f 576/576/576 577/577/577 608/608/608
f 577/577/577 578/578/578 610/610/610
f 577/577/577 610/610/610 609/609/609
f 578/578/578 579/579/579 611/611/611
f 578/578/578 611/611/611 610/610/610
f 579/579/579 580/580/580 612/612/612
f 579/579/579 612/612/612 611/611/611
f 580/580/580 581/581/581 613/613/613
f 580/580/580 613/613/613 612/612/612
f 581/581/581 582/582/582 614/614/614
f 581/581/581 614/614/614 613/613/613
f 582/582/582 583/583/583 615/615/615
f 582/582/582 615/615/615 614/614/614
f 583/583/583 584/584/584 616/616/616
f 583/583/583 616/616/616 615/615/615
f 584/584/584 585/585/585 617/617/617
f 584/584/584 617/617/617 616/616/616
f 585/585/585 586/586/586 618/618/618
f 585/585/585 618/618/618 617/617/617
f 586/586/586 587/587/587 619/619/619
f 586/586/586 619/619/619 618/618/618
f 587/587/587 588/588/588 620/620/620
f 587/587/587 620/620/620 619/619/619
f 588/588/588 589/589/589 621/621/621
f 588/588/588 621/621/621 620/620/620
f 589/589/589 590/590/590 622/622/622
f 589/589/589 622/622/622 621/621/621
f 590/590/590 591/591/591 623/623/623
f 590/590/590 623/623/623 622/622/622
f 591/591/591 592/592/592 624/624/624
f 591/591/591 624/624/624 623/623/623
f 592/592/592 593/593/593 625/625/625
f 592/592/592 625/625/625 624/624/624
f 593/593/593 594/594/594 626/626/626
f 593/593/593 626/626/626 625/625/625
f 594/594/594 595/595/595 627/627/627
f 594/594/594 627/627/627 626/626/626
f 595/595/595 596/596/596 628/628/628
f 595/595/595 628/628/628 627/627/627
f 596/596/596 597/597/597 629/629/629
f 596/596/596 629/629/629 628/628/628
f 597/597/597 598/598/598 630/630/630
f 597/597/597 630/630/630 629/629/629
f 598/598/598 599/599/599 631/631/631
f 598/598/598 631/631/631 630/630/630
f 599/599/599 600/600/600 632/632/632
f 599/599/599 632/632/632 631/631/631
f 600/600/600 601/601/601 633/633/633
f 600/600/600 633/633/633 632/632/632
f 601/601/601 602/602/602 634/634/634
f 601/601/601 634/634/634 633/633/633
f 602/602/602 603/603/603 635/635/635
f 602/602/602 635/635/635 634/634/634
f 603/603/603 604/604/604 636/636/636
f 603/603/603 636/636/636 635/635/635
f 604/604/604 605/605/605 637/637/637
f 604/604/604 637/637/637 636/636/636
f 605/605/605 606/606/606 638/638/638
f 605/605/605 638/638/638 637/637/637
f 606/606/606 607/607/607 639/639/639
f 606/606/606 639/639/639 638/638/638
f 607/607/607 608/608/608 640/640/640
f 607/607/607 640/640/640 639/639/639
f 608/608/608 577/577/577 609/609/609
f 608/608/608 609/609/609 640/640/640
f 609/609/609 610/610/610 642/642/642
f 609/609/609 642/642/642 641/641/641
f 610/610/610 611/611/611 643/643/643
f 610/610/610 643/643/643 642/642/642
f 611/611/611 612/612/612 644/644/644
f 611/611/611 644/644/644 643/643/643
f 612/612/612 613/613/613 645/645/645
f 612/612/612 645/645/645 644/644/644
f 613/613/613 614/614/614 646/646/646
f 613/613/613 646/646/646 645/645/645
f 614/614/614 615/615/615 647/647/647
f 614/614/614 647/647/647 646/646/646
f 615/615/615 616/616/616 648/648/648
f 615/615/615 648/648/648 647/647/647
f 616/616/616 617/617/617 649/649/649
f 616/616/616 649/649/649 648/648/648
f 617/617/617 618/618/618 650/650/650
f 617/617/617 650/650/650 649/649/649
f 618/618/618 619/619/619 651/651/651
f 618/618/618 651/651/651 650/650/650
f 619/619/619 620/620/620 652/652/652
f 619/619/619 652/652/652 651/651/651
f 620/620/620 621/621/621 653/653/653
f 620/620/620 653/653/653 652/652/652
f 621/621/621 622/622/622 654/654/654
f 621/621/621 654/654/654 653/653/653
f 622/622/622 623/623/623 655/655/655
f 622/622/622 655/655/655 654/654/654
f 623/623/623 624/624/624 656/656/656
f 623/623/623 656/656/656 655/655/655
f 624/624/624 625/625/625 657/657/657
f 624/624/624 657/657/657 656/656/656
f 625/625/625 626/626/626 658/658/658
f 625/625/625 658/658/658 657/657/657
f 626/626/626 627/627/627 659/659/659
f 626/626/626 659/659/659 658/658/658
f 627/627/627 628/628/628 660/660/660
f 627/627/627 660/660/660 659/659/659
f 628/628/628 629/629/629 661/661/661
f 628/628/628 661/661/661 660/660/660
f 629/629/629 630/630/630 662/662/662
f 629/629/629 662/662/662 661/661/661
f 630/630/630 631/631/631 663/663/663
f 630/630/630 663/663/663 662/662/662
f 631/631/631 632/632/632 664/664/664
f 631/631/631 664/664/664 663/663/663
f 632/632/632 633/633/633 665/665/665
f 632/632/632 665/665/665 664/664/664
f 633/633/633 634/634/634 666/666/666
f 633/633/633 666/666/666 665/665/665
f 634/634/634 635/635/635 667/667/667
f 634/634/634 667/667/667 666/666/666
f 635/635/635 636/636/636 668/668/668
f 635/635/635 668/668/668 667/667/667
f 636/636/636 637/637/637 669/669/669
f 636/636/636 669/669/669 668/668/668
f 637/637/637 638/638/638 670/670/670
f 637/637/637 670/670/670 669/669/669
f 638/638/638 639/639/639 671/671/671
f 638/638/638 671/671/671 670/670/670
f 639/639/639 640/640/640 672/672/672
f 639/639/639 672/672/672 671/671/671
f 640/640/640 609/609/609 641/641/641
f 640/640/640 641/641/641 672/672/672
f 641/641/641 642/642/642 674/674/674
f 641/641/641 674/674/674 673/673/673
f 642/642/642 643/643/643 675/675/675
f 642/642/642 675/675/675 674/674/674
f 643/643/643 644/644/644 676/676/676
f 643/643/643 676/676/676 675/675/675
f 644/644/644 645/645/645 677/677/677
f 644/644/644 677/677/677 676/676/676
f 645/645/645 646/646/646 678/678/678
f 645/645/645 678/678/678 677/677/677
f 646/646/646 647/647/647 679/679/679
f 646/646/646 679/679/679 678/678/678
f 647/647/647 648/648/648 680/680/680
f 647/647/647 680/680/680 679/679/679
f 648/648/648 649/649/649 681/681/681
f 648/648/648 681/681/681 680/680/680
f 649/649/649 650/650/650 682/682/682
f 649/649/649 682/682/682 681/681/681
f 650/650/650 651/651/651 683/683/683
f 650/650/650 683/683/683 682/682/682
f 651/651/651 652/652/652 684/684/684
f 651/651/651 684/684/684 683/683/683
f 652/652/652 653/653/653 685/685/685
f 652/652/652 685/685/685 684/684/684
f 653/653/653 654/654/654 686/686/686
f 653/653/653 686/686/686 685/685/685
f 654/654/654 655/655/655 687/687/687
f 654/654/654 687/687/687 686/686/686
f 655/655/655 656/656/656 688/688/688
f 655/655/655 688/688/688 687/687/687
f 656/656/656 657/657/657 689/689/689
f 656/656/656 689/689/689 688/688/688
f 657/657/657 658/658/658 690/690/690
f 657/657/657 690/690/690 689/689/689
f 658/658/658 659/659/659 691/691/691
f 658/658/658 691/691/691 690/690/690
f 659/659/659 660/660/660 692/692/692
f 659/659/659 692/692/692 691/691/691
f 660/660/660 661/661/661 693/693/693
f 660/660/660 693/693/693 692/692/692
f 661/661/661 662/662/662 694/694/694
f 661/661/661 694/694/694 693/693/693
f 662/662/662 663/663/663 695/695/695
f 662/662/662 695/695/695 694/694/694
f 663/663/663 664/664/664 696/696/696
f 663/663/663 696/696/696 695/695/695
f 664/664/664 665/665/665 697/697/697
f 664/664/664 697/697/697 696/696/696
f 665/665/665 666/666/666 698/698/698
f 665/665/665 698/698/698 697/697/697
f 666/666/666 667/667/667 699/699/699
f 666/666/666 699/699/699 698/698/698
f 667/667/667 668/668/668 700/700/700
f 667/667/667 700/700/700 699/699/699
f 668/668/668 669/669/669 701/701/701
f 668/668/668 701/701/701 700/700/700
f 669/669/669 670/670/670 702/702/702
f 669/669/669 702/702/702 701/701/701
f 670/670/670 671/671/671 703/703/703
f 670/670/670 703/703/703 702/702/702
f 671/671/671 672/672/672 704/704/704
f 671/671/671 704/704/704 703/703/703
f 672/672/672 641/641/641 673/673/673
f 672/672/672 673/673/673 704/704/704
f 673/673/673 674/674/674 706/706/706
f 673/673/673 706/706/706 705/705/705
f 674/674/674 675/675/675 707/707/707
f 674/674/674 707/707/707 706/706/706
f 675/675/675 676/676/676 708/708/708
f 675/675/675 708/708/708 707/707/707
f 676/676/676 677/677/677 709/709/709
f 676/676/676 709/709/709 708/708/708
f 677/677/677 678/678/678 710/710/710
f 677/677/677 710/710/710 709/709/709
f 678/678/678 679/679/679 711/711/711
f 678/678/678 711/711/711 710/710/710
f 679/679/679 680/680/680 712/712/712
f 679/679/679 712/712/712 711/711/711
f 680/680/680 681/681/681 713/713/713
f 680/680/680 713/713/713 712/712/712
f 681/681/681 682/682/682 714/714/714
f 681/681/681 714/714/714 713/713/713
f 682/682/682 683/683/683 715/715/715
f 682/682/682 715/715/715 714/714/714
f 683/683/683 684/684/684 716/716/716
f 683/683/683 716/716/716 715/715/715
f 684/684/684 685/685/685 717/717/717
f 684/684/684 717/717/717 716/716/716
f 685/685/685 686/686/686 718/718/718
f 685/685/685 718/718/718 717/717/717
f 686/686/686 687/687/687 719/719/719
f 686/686/686 719/719/719 718/718/718
f 687/687/687 688/688/688 720/720/720
f 687/687/687 720/720/720 719/719/719
f 688/688/688 689/689/689 721/721/721
f 688/688/688 721/721/721 720/720/720
f 689/689/689 690/690/690 722/722/722
f 689/689/689 722/722/722 721/721/721
f 690/690/690 691/691/691 723/723/723
f 690/690/690 723/723/723 722/722/722
f 691/691/691 692/692/692 724/724/724
f 691/691/691 724/724/724 723/723/723
f 692/692/692 693/693/693 725/725/725
f 692/692/692 725/725/725 724/724/724
f 693/693/693 694/694/694 726/726/726
f 693/693/693 726/726/726 725/725/725
f 694/694/694 695/695/695 727/727/727
f 694/694/694 727/727/727 726/726/726
f 695/695/695 696/696/696 728/728/728
f 695/695/695 728/728/728 727/727/727
f 696/696/696 697/697/697 729/729/729
f 696/696/696 729/729/729 728/728/728
f 697/697/697 698/698/698 730/730/730
f 697/697/697 730/730/730 729/729/729
f 698/698/698 699/699/699 731/731/731
f 698/698/698 731/731/731 730/730/730
f 699/699/699 700/700/700 732/732/732
f 699/699/699 732/732/732 731/731/731
f 700/700/700 701/701/701 733/733/733
f 700/700/700 733/733/733 732/732/732
f 701/701/701 702/702/702 734/734/734
f 701/701/701 734/734/734 733/733/733
f 702/702/702 703/703/703 735/735/735
f 702/702/702 735/735/735 734/734/734
f 703/703/703 704/704/704 736/736/736
f 703/703/703 736/736/736 735/735/735
f 704/704/704 673/673/673 705/705/705
f 704/704/704 705/705/705 736/736/736
f 705/705/705 706/706/706 738/738/738
f 705/705/705 738/738/738 737/737/737
f 706/706/706 707/707/707 739/739/739
f 706/706/706 739/739/739 738/738/738
f 707/707/707 708/708/708 740/740/740
f 707/707/707 740/740/740 739/739/739
f 708/708/708 709/709/709 741/741/741
f 708/708/708 741/741/741 740/740/740
f 709/709/709 710/710/710 742/742/742
f 709/709/709 742/742/742 741/741/741
f 710/710/710 711/711/711 743/743/743
f 710/710/710 743/743/743 742/742/742
f 711/711/711 712/712/712 744/744/744
f 711/711/711 744/744/744 743/743/743
f 712/712/712 713/713/713 745/745/745
f 712/712/712 745/745/745 744/744/744
f 713/713/713 714/714/714 746/746/746
f 713/713/713 746/746/746 745/745/745
f 714/714/714 715/715/715 747/747/747
f 714/714/714 747/747/747 746/746/746
f 715/715/715 716/716/716 748/748/748
f 715/715/715 748/748/748 747/747/747
f 716/716/716 717/717/717 749/749/749
f 716/716/716 749/749/749 748/748/748
f 717/717/717 718/718/718 750/750/750
f 717/717/717 750/750/750 749/749/749
f 718/718/718 719/719/719 751/751/751
f 718/718/718 751/751/751 750/750/750
f 719/719/719 720/720/720 752/752/752
f 719/719/719 752/752/752 751/751/751
f 720/720/720 721/721/721 753/753/753
f 720/720/720 753/753/753 752/752/752
f 721/721/721 722/722/722 754/754/754
f 721/721/721 754/754/754 753/753/753
f 722/722/722 723/723/723 755/755/755
f 722/722/722 755/755/755 754/754/754
f 723/723/723 724/724/724 756/756/756
f 723/723/723 756/756/756 755/755/755
f 724/724/724 725/725/725 757/757/757
f 724/724/724 757/757/757 756/756/756
f 725/725/725 726/726/726 758/758/758
f 725/725/725 758/758/758 757/757/757
f 726/726/726 727/727/727 759/759/759
f 726/726/726 759/759/759 758/758/758
f 727/727/727 728/728/728 760/760/760
f 727/727/727 760/760/760 759/759/759
f 728/728/728 729/729/729 761/761/761
f 728/728/728 761/761/761 760/760/760
f 729/729/729 730/730/730 762/762/762
f 729/729/729 762/762/762 761/761/761
f 730/730/730 731/731/731 763/763/763
f 730/730/730 763/763/763 762/762/762
f 731/731/731 732/732/732 764/764/764
f 731/731/731 764/764/764 763/763/763
f 732/732/732 733/733/733 765/765/765
f 732/732/732 765/765/765 764/764/764
f 733/733/733 734/734/734 766/766/766
f 733/733/733 766/766/766 765/765/765
f 734/734/734 735/735/735 767/767/767
f 734/734/734 767/767/767 766/766/766
f 735/735/735 736/736/736 768/768/768
f 735/735/735 768/768/768 767/767/767
f 736/736/736 705/705/705 737/737/737
f 736/736/736 737/737/737 768/768/768
f 769/769/769 2/2/2 1/1/1
f 769/769/769 3/3/3 2/2/2
f 769/769/769 4/4/4 3/3/3
f 769/769/769 5/5/5 4/4/4
f 769/769/769 6/6/6 5/5/5
f 769/769/769 7/7/7 6/6/6
f 769/769/769 8/8/8 7/7/7
f 769/769/769 9/9/9 8/8/8
f 769/769/769 10/10/10 9/9/9
f 769/769/769 11/11/11 10/10/10
f 769/769/769 12/12/12 11/11/11
f 769/769/769 13/13/13 12/12/12
f 769/769/769 14/14/14 13/13/13
f 769/769/769 15/15/15 14/14/14
f 769/769/769 16/16/16 15/15/15
f 769/769/769 17/17/17 16/16/16
f 769/769/769 18/18/18 17/17/17
f 769/769/769 19/19/19 18/18/18
f 769/769/769 20/20/20 19/19/19
f 769/769/769 21/21/21 20/20/20
f 769/769/769 22/22/22 21/21/21
f 769/769/769 23/23/23 22/22/22
f 769/769/769 24/24/24 23/23/23
f 769/769/769 25/25/25 24/24/24
f 769/769/769 26/26/26 25/25/25
f 769/769/769 27/27/27 26/26/26
f 769/769/769 28/28/28 27/27/27
f 769/769/769 29/29/29 28/28/28
f 769/769/769 30/30/30 29/29/29
f 769/769/769 31/31/31 30/30/30
f 769/769/769 32/32/32 31/31/31
f 769/769/769 1/1/1 32/32/32
f 770/770/770 737/737/737 738/738/738
f 770/770/770 738/738/738 739/739/739
f 770/770/770 739/739/739 740/740/740
f 770/770/770 740/740/740 741/741/741
f 770/770/770 741/741/741 742/742/742
f 770/770/770 742/742/742 743/743/743
f 770/770/770 743/743/743 744/744/744
f 770/770/770 744/744/744 745/745/745
f 770/770/770 745/745/745 746/746/746
f 770/770/770 746/746/746 747/747/747
f 770/770/770 747/747/747 748/748/748
f 770/770/770 748/748/748 749/749/749
f 770/770/770 749/749/749 750/750/750
f 770/770/770 750/750/750 751/751/751
f 770/770/770 751/751/751 752/752/752
f 770/770/770 752/752/752 753/753/753
f 770/770/770 753/753/753 754/754/754
f 770/770/770 754/754/754 755/755/755
f 770/770/770 755/755/755 756/756/756
f 770/770/770 756/756/756 757/757/757
f 770/770/770 757/757/757 758/758/758
f 770/770/770 758/758/758 759/759/759
f 770/770/770 759/759/759 760/760/760
f 770/770/770 760/760/760 761/761/761
f 770/770/770 761/761/761 762/762/762
f 770/770/770 762/762/762 763/763/763
f 770/770/770 763/763/763 764/764/764
f 770/770/770 764/764/764 765/765/765
f 770/770/770 765/765/765 766/766/766
f 770/770/770 766/766/766 767/767/767
f 770/770/770 767/767/767 768/768/768
f 770/770/770 768/768/768 737/737/737
