# procedural placeholder mesh: sheep_body
v 0.02173 0.63000 -0.56000
v 0.01528 0.63262 -0.56000
v 0.00976 0.63311 -0.56000
v 0.00499 0.63232 -0.56000
v 0.00116 0.63072 -0.56000
v -0.00162 0.62872 -0.56000
v -0.00335 0.62665 -0.56000
v -0.00412 0.62481 -0.56000
v -0.00408 0.62342 -0.56000
v -0.00340 0.62269 -0.56000
v -0.00227 0.62286 -0.56000
v -0.00098 0.62427 -0.56000
v -0.00000 0.62789 -0.56000
v -0.00061 0.63355 -0.56000
v -0.00282 0.63886 -0.56000
v -0.00627 0.64349 -0.56000
v -0.01055 0.64700 -0.56000
v -0.01517 0.64910 -0.56000
v -0.01964 0.64964 -0.56000
v -0.02349 0.64866 -0.56000
v -0.02629 0.64630 -0.56000
v -0.02771 0.64288 -0.56000
v -0.02754 0.63876 -0.56000
v -0.02572 0.63441 -0.56000
v -0.02210 0.63000 -0.56000
v -0.01821 0.62688 -0.56000
v -0.01498 0.62523 -0.56000
v -0.01216 0.62435 -0.56000
v -0.00979 0.62392 -0.56000
v -0.00794 0.62369 -0.56000
v -0.00658 0.62342 -0.56000
v -0.00563 0.62291 -0.56000
v -0.00497 0.62199 -0.56000
v -0.00441 0.62052 -0.56000
v -0.00369 0.61840 -0.56000
v -0.00248 0.61554 -0.56000
v -0.00000 0.61144 -0.56000
v 0.00393 0.60706 -0.56000
v 0.00825 0.60407 -0.56000
v 0.01286 0.60232 -0.56000
v 0.01747 0.60184 -0.56000
v 0.02176 0.60260 -0.56000
v 0.02549 0.60451 -0.56000
v 0.02841 0.60743 -0.56000
v 0.03029 0.61121 -0.56000
v 0.03088 0.61565 -0.56000
v 0.02991 0.62048 -0.56000
v 0.02711 0.62535 -0.56000
v 0.04424 0.63000 -0.54987
v 0.03751 0.63678 -0.54987
v 0.03150 0.64057 -0.54987
v 0.02664 0.64305 -0.54987
v 0.02331 0.64524 -0.54987
v 0.02140 0.64793 -0.54987
v 0.02039 0.65150 -0.54987
v 0.01952 0.65591 -0.54987
v 0.01804 0.66067 -0.54987
v 0.01550 0.66517 -0.54987
v 0.01177 0.66902 -0.54987
v 0.00690 0.67241 -0.54987
v 0.00000 0.67690 -0.54987
v -0.00867 0.68328 -0.54987
v -0.01782 0.68906 -0.54987
v -0.02811 0.69378 -0.54987
v -0.03921 0.69665 -0.54987
v -0.05050 0.69704 -0.54987
v -0.06123 0.69457 -0.54987
v -0.07058 0.68912 -0.54987
v -0.07776 0.68086 -0.54987
v -0.08205 0.67021 -0.54987
v -0.08294 0.65783 -0.54987
v -0.08016 0.64450 -0.54987
v -0.07333 0.63000 -0.54987
v -0.06546 0.61816 -0.54987
v -0.05879 0.61028 -0.54987
v -0.05267 0.60419 -0.54987
v -0.04700 0.59926 -0.54987
v -0.04170 0.59507 -0.54987
v -0.03663 0.59138 -0.54987
v -0.03161 0.58803 -0.54987
v -0.02649 0.58496 -0.54987
v -0.02109 0.58215 -0.54987
v -0.01521 0.57959 -0.54987
v -0.00858 0.57722 -0.54987
v -0.00000 0.57472 -0.54987
v 0.00933 0.57262 -0.54987
v 0.01744 0.57219 -0.54987
v 0.02492 0.57344 -0.54987
v 0.03155 0.57637 -0.54987
v 0.03708 0.58077 -0.54987
v 0.04147 0.58627 -0.54987
v 0.04482 0.59246 -0.54987
v 0.04733 0.59905 -0.54987
v 0.04906 0.60596 -0.54987
v 0.04973 0.61331 -0.54987
v 0.04862 0.62121 -0.54987
v 0.06451 0.63000 -0.54044
v 0.06338 0.64181 -0.54044
v 0.06121 0.65115 -0.54044
v 0.05906 0.65981 -0.54044
v 0.05774 0.66889 -0.54044
v 0.05749 0.67959 -0.54044
v 0.05761 0.69256 -0.54044
v 0.05640 0.70711 -0.54044
v 0.05200 0.72105 -0.54044
v 0.04341 0.73145 -0.54044
v 0.03108 0.73608 -0.54044
v 0.01655 0.73479 -0.54044
v 0.00000 0.72993 -0.54044
v -0.01551 0.72820 -0.54044
v -0.02941 0.73037 -0.54044
v -0.04450 0.73400 -0.54044
v -0.06092 0.73668 -0.54044
v -0.07794 0.73657 -0.54044
v -0.09454 0.73267 -0.54044
v -0.10968 0.72462 -0.54044
v -0.12225 0.71235 -0.54044
v -0.13098 0.69610 -0.54044
v -0.13470 0.67654 -0.54044
v -0.13282 0.65474 -0.54044
v -0.12513 0.63000 -0.54044
v -0.11576 0.60844 -0.54044
v -0.10751 0.59285 -0.54044
v -0.09940 0.57983 -0.54044
v -0.09120 0.56857 -0.54044
v -0.08262 0.55873 -0.54044
v -0.07339 0.55030 -0.54044
v -0.06332 0.54342 -0.54044
v -0.05246 0.53814 -0.54044
v -0.04093 0.53434 -0.54044
v -0.02874 0.53191 -0.54044
v -0.01566 0.53085 -0.54044
v -0.00000 0.53103 -0.54044
v 0.01554 0.53162 -0.54044
v 0.02834 0.53325 -0.54044
v 0.03986 0.53685 -0.54044
v 0.04952 0.54329 -0.54044
v 0.05641 0.55287 -0.54044
v 0.05999 0.56484 -0.54044
v 0.06074 0.57760 -0.54044
v 0.06016 0.58947 -0.54044
v 0.06003 0.59971 -0.54044
v 0.06127 0.60883 -0.54044
v 0.06333 0.61820 -0.54044
v 0.09469 0.63000 -0.53090
v 0.09847 0.64863 -0.53090
v 0.09935 0.66488 -0.53090
v 0.09612 0.67928 -0.53090
v 0.09060 0.69200 -0.53090
v 0.08622 0.70556 -0.53090
v 0.08425 0.72295 -0.53090
v 0.08225 0.74425 -0.53090
v 0.07607 0.76531 -0.53090
v 0.06309 0.77980 -0.53090
v 0.04407 0.78281 -0.53090
v 0.02240 0.77408 -0.53090
v 0.00000 0.75832 -0.53090
v -0.01878 0.75084 -0.53090
v -0.03572 0.75386 -0.53090
v -0.05506 0.76073 -0.53090
v -0.07660 0.76625 -0.53090
v -0.09882 0.76726 -0.53090
v -0.12042 0.76286 -0.53090
v -0.14072 0.75332 -0.53090
v -0.15890 0.73873 -0.53090
v -0.17297 0.71868 -0.53090
v -0.18040 0.69333 -0.53090
v -0.17993 0.66405 -0.53090
v -0.17149 0.63000 -0.53090
v -0.15931 0.59985 -0.53090
v -0.14725 0.57831 -0.53090
v -0.13571 0.56042 -0.53090
v -0.12545 0.54416 -0.53090
v -0.11543 0.52884 -0.53090
v -0.10378 0.51550 -0.53090
v -0.08966 0.50546 -0.53090
v -0.07389 0.49855 -0.53090
v -0.05769 0.49302 -0.53090
v -0.04109 0.48751 -0.53090
v -0.02288 0.48283 -0.53090
v -0.00000 0.48115 -0.53090
v 0.02295 0.48234 -0.53090
v 0.04197 0.48448 -0.53090
v 0.05991 0.48776 -0.53090
v 0.07626 0.49435 -0.53090
v 0.08890 0.50652 -0.53090
v 0.09561 0.52451 -0.53090
v 0.09609 0.54579 -0.53090
v 0.09285 0.56646 -0.53090
v 0.08984 0.58394 -0.53090
v 0.08952 0.59858 -0.53090
v 0.09144 0.61270 -0.53090
v 0.13446 0.63000 -0.52041
v 0.13693 0.65606 -0.52041
v 0.13827 0.67882 -0.52041
v 0.12973 0.69689 -0.52041
v 0.11449 0.70880 -0.52041
v 0.10205 0.71995 -0.52041
v 0.09701 0.73764 -0.52041
v 0.09545 0.76335 -0.52041
v 0.08974 0.79056 -0.52041
v 0.07508 0.80930 -0.52041
v 0.05240 0.81274 -0.52041
v 0.02652 0.80160 -0.52041
v 0.00000 0.78392 -0.52041
v -0.02302 0.77893 -0.52041
v -0.04447 0.78510 -0.52041
v -0.06863 0.79389 -0.52041
v -0.09495 0.79987 -0.52041
v -0.12143 0.79964 -0.52041
v -0.14646 0.79252 -0.52041
v -0.17019 0.78000 -0.52041
v -0.19290 0.76276 -0.52041
v -0.21168 0.73915 -0.52041
v -0.22164 0.70825 -0.52041
v -0.22155 0.67216 -0.52041
v -0.21274 0.63000 -0.52041
v -0.19611 0.59268 -0.52041
v -0.17669 0.56762 -0.52041
v -0.16020 0.54740 -0.52041
v -0.14994 0.52681 -0.52041
v -0.14230 0.50458 -0.52041
v -0.13092 0.48473 -0.52041
v -0.11317 0.47190 -0.52041
v -0.09213 0.46516 -0.52041
v -0.07202 0.45802 -0.52041
v -0.05286 0.44565 -0.52041
v -0.03069 0.43146 -0.52041
v -0.00000 0.42492 -0.52041
v 0.03084 0.43048 -0.52041
v 0.05497 0.43830 -0.52041
v 0.07750 0.44494 -0.52041
v 0.09911 0.45269 -0.52041
v 0.11774 0.46551 -0.52041
v 0.13027 0.48544 -0.52041
v 0.13533 0.51072 -0.52041
v 0.13554 0.53672 -0.52041
v 0.13591 0.55992 -0.52041
v 0.13808 0.58125 -0.52041
v 0.13796 0.60374 -0.52041
v 0.16981 0.63000 -0.50814
v 0.16738 0.66176 -0.50814
v 0.16944 0.68964 -0.50814
v 0.15824 0.71135 -0.50814
v 0.13731 0.72422 -0.50814
v 0.12018 0.73561 -0.50814
v 0.11331 0.75535 -0.50814
v 0.11150 0.78531 -0.50814
v 0.10480 0.81694 -0.50814
v 0.08738 0.83804 -0.50814
v 0.06090 0.84175 -0.50814
v 0.03118 0.83112 -0.50814
v 0.00000 0.81709 -0.50814
v -0.02875 0.81543 -0.50814
v -0.05434 0.81894 -0.50814
v -0.08092 0.82266 -0.50814
v -0.10959 0.82548 -0.50814
v -0.13913 0.82379 -0.50814
v -0.16678 0.81451 -0.50814
v -0.19280 0.79942 -0.50814
v -0.21926 0.78045 -0.50814
v -0.24177 0.75429 -0.50814
v -0.25142 0.71850 -0.50814
v -0.24961 0.67736 -0.50814
v -0.24486 0.63000 -0.50814
v -0.23035 0.58629 -0.50814
v -0.20697 0.55715 -0.50814
v -0.18714 0.53380 -0.50814
v -0.17725 0.50838 -0.50814
v -0.17194 0.47890 -0.50814
v -0.16059 0.45234 -0.50814
v -0.13828 0.43740 -0.50814
v -0.11054 0.43283 -0.50814
v -0.08556 0.42629 -0.50814
v -0.06375 0.40833 -0.50814
v -0.03792 0.38539 -0.50814
v -0.00000 0.37549 -0.50814
v 0.03771 0.38674 -0.50814
v 0.06603 0.40041 -0.50814
v 0.09161 0.41189 -0.50814
v 0.11528 0.42437 -0.50814
v 0.13542 0.44138 -0.50814
v 0.15008 0.46397 -0.50814
v 0.15883 0.49043 -0.50814
v 0.16445 0.51716 -0.50814
v 0.17220 0.54148 -0.50814
v 0.18199 0.56594 -0.50814
v 0.18292 0.59529 -0.50814
v 0.19124 0.63000 -0.49313
v 0.18540 0.66479 -0.49313
v 0.18887 0.69575 -0.49313
v 0.18091 0.72198 -0.49313
v 0.16235 0.74017 -0.49313
v 0.14444 0.75552 -0.49313
v 0.13461 0.77728 -0.49313
v 0.12961 0.80853 -0.49313
v 0.11950 0.84080 -0.49313
v 0.09805 0.86085 -0.49313
v 0.06755 0.86230 -0.49313
v 0.03463 0.85089 -0.49313
v 0.00000 0.84040 -0.49313
v -0.03302 0.84063 -0.49313
v -0.06068 0.83867 -0.49313
v -0.08733 0.83563 -0.49313
v -0.11703 0.83645 -0.49313
v -0.14966 0.83614 -0.49313
v -0.17996 0.82690 -0.49313
v -0.20741 0.81024 -0.49313
v -0.23673 0.79064 -0.49313
v -0.26206 0.76323 -0.49313
v -0.26853 0.72348 -0.49313
v -0.26184 0.67913 -0.49313
v -0.26438 0.63000 -0.49313
v -0.26196 0.58084 -0.49313
v -0.24308 0.54538 -0.49313
v -0.22272 0.51677 -0.49313
v -0.20979 0.48764 -0.49313
v -0.20189 0.45455 -0.49313
v -0.18844 0.42383 -0.49313
v -0.16215 0.40664 -0.49313
v -0.12835 0.40359 -0.49313
v -0.09766 0.40005 -0.49313
v -0.07176 0.38325 -0.49313
v -0.04239 0.35958 -0.49313
v -0.00000 0.34921 -0.49313
v 0.04237 0.35973 -0.49313
v 0.07526 0.37120 -0.49313
v 0.10525 0.38218 -0.49313
v 0.13088 0.39912 -0.49313
v 0.15007 0.42329 -0.49313
v 0.16311 0.45154 -0.49313
v 0.17234 0.48023 -0.49313
v 0.18045 0.50755 -0.49313
v 0.19113 0.53283 -0.49313
v 0.20471 0.55874 -0.49313
v 0.20817 0.59094 -0.49313
v 0.20111 0.63000 -0.47410
v 0.19585 0.66631 -0.47410
v 0.20058 0.69899 -0.47410
v 0.19995 0.73044 -0.47410
v 0.18906 0.75677 -0.47410
v 0.17146 0.77723 -0.47410
v 0.15666 0.79936 -0.47410
v 0.14659 0.82951 -0.47410
v 0.13207 0.86019 -0.47410
v 0.10615 0.87694 -0.47410
v 0.07187 0.87419 -0.47410
v 0.03664 0.86096 -0.47410
v 0.00000 0.85492 -0.47410
v -0.03635 0.85914 -0.47410
v -0.06566 0.85309 -0.47410
v -0.09235 0.84484 -0.47410
v -0.12389 0.84594 -0.47410
v -0.16082 0.84888 -0.47410
v -0.19380 0.83951 -0.47410
v -0.22063 0.81945 -0.47410
v -0.25063 0.79805 -0.47410
v -0.27838 0.76984 -0.47410
v -0.28142 0.72679 -0.47410
v -0.26780 0.67965 -0.47410
v -0.27662 0.63000 -0.47410
v -0.29171 0.57592 -0.47410
v -0.28388 0.53236 -0.47410
v -0.26486 0.49695 -0.47410
v -0.24557 0.46535 -0.47410
v -0.23020 0.43233 -0.47410
v -0.21216 0.40065 -0.47410
v -0.18312 0.38078 -0.47410
v -0.14508 0.37714 -0.47410
v -0.10872 0.37708 -0.47410
v -0.07778 0.36572 -0.47410
v -0.04504 0.34612 -0.47410
v -0.00000 0.33506 -0.47410
v 0.04600 0.34005 -0.47410
v 0.08359 0.34600 -0.47410
v 0.11834 0.35470 -0.47410
v 0.14770 0.37256 -0.47410
v 0.16738 0.40219 -0.47410
v 0.17929 0.43619 -0.47410
v 0.18961 0.46719 -0.47410
v 0.19930 0.49637 -0.47410
v 0.20599 0.52652 -0.47410
v 0.21231 0.55697 -0.47410
v 0.21428 0.59027 -0.47410
v 0.20541 0.63000 -0.45124
v 0.20428 0.66745 -0.45124
v 0.20937 0.70121 -0.45124
v 0.21549 0.73704 -0.45124
v 0.21091 0.76984 -0.45124
v 0.19204 0.79306 -0.45124
v 0.17279 0.81471 -0.45124
v 0.15963 0.84483 -0.45124
v 0.14219 0.87507 -0.45124
v 0.11258 0.88899 -0.45124
v 0.07509 0.88229 -0.45124
v 0.03804 0.86712 -0.45124
v 0.00000 0.86589 -0.45124
v -0.03972 0.87757 -0.45124
v -0.07194 0.87170 -0.45124
v -0.10047 0.86114 -0.45124
v -0.13497 0.86263 -0.45124
v -0.17602 0.86690 -0.45124
v -0.21015 0.85465 -0.45124
v -0.23318 0.82799 -0.45124
v -0.25997 0.80237 -0.45124
v -0.28936 0.77373 -0.45124
v -0.29414 0.73004 -0.45124
v -0.27954 0.68125 -0.45124
v -0.29088 0.63000 -0.45124
v -0.31736 0.57181 -0.45124
v -0.31775 0.52193 -0.45124
v -0.29830 0.48182 -0.45124
v -0.27389 0.44840 -0.45124
v -0.25192 0.41609 -0.45124
v -0.22788 0.38640 -0.45124
v -0.19639 0.36569 -0.45124
v -0.15771 0.35819 -0.45124
v -0.11938 0.35537 -0.45124
v -0.08378 0.34851 -0.45124
v -0.04744 0.33431 -0.45124
v -0.00000 0.32251 -0.45124
v 0.04924 0.32311 -0.45124
v 0.09009 0.32731 -0.45124
v 0.12760 0.33646 -0.45124
v 0.15970 0.35475 -0.45124
v 0.18326 0.38336 -0.45124
v 0.19807 0.41826 -0.45124
v 0.21351 0.44871 -0.45124
v 0.22794 0.47887 -0.45124
v 0.22757 0.51696 -0.45124
v 0.21598 0.55654 -0.45124
v 0.20970 0.59155 -0.45124
v 0.21439 0.63000 -0.42506
v 0.21487 0.66898 -0.42506
v 0.21986 0.70400 -0.42506
v 0.22708 0.74162 -0.42506
v 0.22060 0.77473 -0.42506
v 0.19892 0.79714 -0.42506
v 0.18003 0.82044 -0.42506
v 0.16856 0.85448 -0.42506
v 0.15099 0.88752 -0.42506
v 0.11983 0.90279 -0.42506
v 0.08031 0.89702 -0.42506
v 0.04076 0.88142 -0.42506
v 0.00000 0.88152 -0.42506
v -0.04377 0.89995 -0.42506
v -0.08037 0.89720 -0.42506
v -0.11208 0.88515 -0.42506
v -0.14829 0.88291 -0.42506
v -0.18962 0.88252 -0.42506
v -0.22141 0.86421 -0.42506
v -0.23888 0.83071 -0.42506
v -0.26006 0.80063 -0.42506
v -0.28888 0.77200 -0.42506
v -0.30212 0.73168 -0.42506
v -0.30084 0.68458 -0.42506
v -0.31453 0.63000 -0.42506
v -0.33850 0.56859 -0.42506
v -0.33472 0.51735 -0.42506
v -0.30856 0.47833 -0.42506
v -0.28503 0.44299 -0.42506
v -0.26446 0.40779 -0.42506
v -0.23465 0.38178 -0.42506
v -0.19804 0.36626 -0.42506
v -0.16367 0.35086 -0.42506
v -0.12863 0.33718 -0.42506
v -0.09098 0.32752 -0.42506
v -0.05098 0.31556 -0.42506
v -0.00000 0.30504 -0.42506
v 0.05211 0.30863 -0.42506
v 0.09391 0.31777 -0.42506
v 0.13147 0.33072 -0.42506
v 0.16489 0.34878 -0.42506
v 0.19219 0.37404 -0.42506
v 0.21212 0.40562 -0.42506
v 0.23246 0.43468 -0.42506
v 0.25291 0.46407 -0.42506
v 0.24921 0.50750 -0.42506
v 0.22237 0.55516 -0.42506
v 0.20988 0.59192 -0.42506
v 0.23213 0.63000 -0.39603
v 0.22681 0.67074 -0.39603
v 0.23318 0.70770 -0.39603
v 0.23671 0.74519 -0.39603
v 0.22146 0.77385 -0.39603
v 0.19772 0.79447 -0.39603
v 0.18245 0.82108 -0.39603
v 0.17280 0.85783 -0.39603
v 0.15553 0.89261 -0.39603
v 0.12632 0.91471 -0.39603
v 0.08814 0.92012 -0.39603
v 0.04587 0.91007 -0.39603
v 0.00000 0.90683 -0.39603
v -0.04812 0.92381 -0.39603
v -0.08816 0.92020 -0.39603
v -0.12155 0.90395 -0.39603
v -0.15651 0.89427 -0.39603
v -0.19392 0.88569 -0.39603
v -0.22147 0.86194 -0.39603
v -0.23651 0.82675 -0.39603
v -0.25546 0.79594 -0.39603
v -0.28051 0.76651 -0.39603
v -0.29911 0.72966 -0.39603
v -0.31686 0.68691 -0.39603
v -0.33454 0.63000 -0.39603
v -0.34914 0.56729 -0.39603
v -0.33567 0.51815 -0.39603
v -0.30064 0.48369 -0.39603
v -0.28273 0.44635 -0.39603
v -0.27057 0.40493 -0.39603
v -0.23710 0.38169 -0.39603
v -0.19416 0.37400 -0.39603
v -0.16345 0.35401 -0.39603
v -0.13435 0.32721 -0.39603
v -0.09744 0.30927 -0.39603
v -0.05444 0.29760 -0.39603
v -0.00000 0.29280 -0.39603
v 0.05351 0.30325 -0.39603
v 0.09568 0.31507 -0.39603
v 0.13398 0.32805 -0.39603
v 0.16870 0.34514 -0.39603
v 0.19747 0.36964 -0.39603
v 0.21643 0.40333 -0.39603
v 0.23174 0.43723 -0.39603
v 0.25016 0.46750 -0.39603
v 0.24716 0.50972 -0.39603
v 0.22148 0.55620 -0.39603
v 0.21949 0.59058 -0.39603
v 0.24975 0.63000 -0.36465
v 0.23569 0.67192 -0.36465
v 0.24591 0.71115 -0.36465
v 0.24670 0.74890 -0.36465
v 0.22500 0.77473 -0.36465
v 0.20198 0.79639 -0.36465
v 0.18761 0.82458 -0.36465
v 0.17337 0.85637 -0.36465
v 0.15329 0.88633 -0.36465
v 0.12800 0.91570 -0.36465
v 0.09453 0.93814 -0.36465
v 0.05120 0.93959 -0.36465
v 0.00000 0.93412 -0.36465
v -0.05173 0.94285 -0.36465
v -0.09260 0.93184 -0.36465
v -0.12532 0.90971 -0.36465
v -0.15791 0.89406 -0.36465
v -0.19046 0.87869 -0.36465
v -0.21421 0.85217 -0.36465
v -0.23176 0.82092 -0.36465
v -0.25473 0.79386 -0.36465
v -0.27429 0.76219 -0.36465
v -0.28619 0.72444 -0.36465
v -0.31035 0.68520 -0.36465
v -0.33002 0.63000 -0.36465
v -0.34292 0.56900 -0.36465
v -0.33234 0.52033 -0.36465
v -0.29790 0.48643 -0.36465
v -0.28378 0.44745 -0.36465
v -0.27763 0.40128 -0.36465
v -0.24445 0.37647 -0.36465
v -0.19773 0.37182 -0.36465
v -0.16523 0.35370 -0.36465
v -0.13748 0.32316 -0.36465
v -0.10077 0.30150 -0.36465
v -0.05567 0.29336 -0.36465
v -0.00000 0.29819 -0.36465
v 0.05282 0.31056 -0.36465
v 0.09641 0.31574 -0.36465
v 0.13740 0.32333 -0.36465
v 0.17297 0.34076 -0.36465
v 0.19986 0.36904 -0.36465
v 0.21234 0.40978 -0.36465
v 0.21555 0.45243 -0.36465
v 0.22348 0.48624 -0.36465
v 0.22073 0.52362 -0.36465
v 0.20820 0.56130 -0.36465
v 0.22941 0.58919 -0.36465
v 0.25081 0.63000 -0.32849
v 0.23322 0.67109 -0.32849
v 0.24541 0.71021 -0.32849
v 0.24423 0.74658 -0.32849
v 0.22478 0.77322 -0.32849
v 0.20956 0.80099 -0.32849
v 0.19662 0.83198 -0.32849
v 0.17542 0.85688 -0.32849
v 0.15025 0.87885 -0.32849
v 0.12663 0.90994 -0.32849
v 0.09643 0.94135 -0.32849
v 0.05339 0.94979 -0.32849
v 0.00000 0.94836 -0.32849
v -0.05455 0.95675 -0.32849
v -0.09670 0.94220 -0.32849
v -0.13022 0.91787 -0.32849
v -0.16149 0.89746 -0.32849
v -0.18723 0.87215 -0.32849
v -0.20350 0.83904 -0.32849
v -0.22198 0.81112 -0.32849
v -0.25113 0.79000 -0.32849
v -0.26968 0.75873 -0.32849
v -0.27352 0.71940 -0.32849
v -0.29084 0.68124 -0.32849
v -0.30719 0.63000 -0.32849
v -0.32747 0.57231 -0.32849
v -0.33453 0.52066 -0.32849
v -0.31297 0.48060 -0.32849
v -0.29575 0.44156 -0.32849
v -0.28568 0.39689 -0.32849
v -0.25814 0.36482 -0.32849
v -0.21435 0.35278 -0.32849
v -0.17570 0.33900 -0.32849
v -0.14140 0.31740 -0.32849
v -0.10217 0.30011 -0.32849
v -0.05569 0.29644 -0.32849
v -0.00000 0.30923 -0.32849
v 0.05197 0.31870 -0.32849
v 0.09723 0.31607 -0.32849
v 0.13872 0.32334 -0.32849
v 0.17114 0.34654 -0.32849
v 0.19514 0.37762 -0.32849
v 0.20694 0.41742 -0.32849
v 0.20678 0.46128 -0.32849
v 0.20873 0.49701 -0.32849
v 0.20620 0.53157 -0.32849
v 0.20191 0.56401 -0.32849
v 0.23201 0.58912 -0.32849
v 0.23263 0.63000 -0.28451
v 0.22465 0.66923 -0.28451
v 0.22404 0.70258 -0.28451
v 0.20843 0.72861 -0.28451
v 0.19416 0.75261 -0.28451
v 0.19517 0.78784 -0.28451
v 0.19430 0.82783 -0.28451
v 0.17773 0.85782 -0.28451
v 0.15348 0.88194 -0.28451
v 0.12922 0.91313 -0.28451
v 0.09685 0.93994 -0.28451
v 0.05255 0.94197 -0.28451
v 0.00000 0.94640 -0.28451
v -0.05718 0.96943 -0.28451
v -0.10432 0.96381 -0.28451
v -0.14299 0.94331 -0.28451
v -0.17451 0.91646 -0.28451
v -0.19182 0.87588 -0.28451
v -0.19767 0.83126 -0.28451
v -0.21289 0.80216 -0.28451
v -0.24543 0.78498 -0.28451
v -0.27245 0.75890 -0.28451
v -0.28486 0.72228 -0.28451
v -0.29505 0.68152 -0.28451
v -0.29968 0.63000 -0.28451
v -0.31553 0.57490 -0.28451
v -0.32666 0.52418 -0.28451
v -0.31714 0.47996 -0.28451
v -0.29453 0.44401 -0.28451
v -0.27393 0.40847 -0.28451
v -0.25392 0.37147 -0.28451
v -0.22309 0.34404 -0.28451
v -0.18437 0.32734 -0.28451
v -0.14411 0.31425 -0.28451
v -0.10331 0.29941 -0.28451
v -0.05727 0.29001 -0.28451
v -0.00000 0.30067 -0.28451
v 0.05384 0.31040 -0.28451
v 0.10015 0.30951 -0.28451
v 0.13847 0.32661 -0.28451
v 0.16455 0.35989 -0.28451
v 0.18762 0.38951 -0.28451
v 0.20713 0.41912 -0.28451
v 0.21477 0.45631 -0.28451
v 0.22060 0.49069 -0.28451
v 0.22296 0.52452 -0.28451
v 0.21434 0.56057 -0.28451
v 0.22236 0.59117 -0.28451
v 0.23503 0.63000 -0.23551
v 0.24196 0.67193 -0.23551
v 0.21606 0.69945 -0.23551
v 0.18337 0.71609 -0.23551
v 0.16943 0.73617 -0.23551
v 0.17239 0.76834 -0.23551
v 0.17523 0.80704 -0.23551
v 0.16736 0.84288 -0.23551
v 0.15017 0.87462 -0.23551
v 0.12771 0.90767 -0.23551
v 0.09545 0.93310 -0.23551
v 0.05216 0.93727 -0.23551
v 0.00000 0.94970 -0.23551
v -0.05919 0.97866 -0.23551
v -0.10875 0.97533 -0.23551
v -0.14977 0.95564 -0.23551
v -0.18304 0.92817 -0.23551
v -0.20352 0.88888 -0.23551
v -0.21733 0.84958 -0.23551
v -0.24039 0.82292 -0.23551
v -0.27045 0.79948 -0.23551
v -0.29306 0.76759 -0.23551
v -0.30764 0.72889 -0.23551
v -0.31059 0.68382 -0.23551
v -0.31386 0.63000 -0.23551
v -0.32070 0.57443 -0.23551
v -0.30548 0.53180 -0.23551
v -0.29178 0.49301 -0.23551
v -0.27539 0.45743 -0.23551
v -0.25534 0.42509 -0.23551
v -0.23591 0.39165 -0.23551
v -0.21113 0.36145 -0.23551
v -0.17854 0.33916 -0.23551
v -0.14091 0.32362 -0.23551
v -0.10173 0.30697 -0.23551
v -0.05764 0.29047 -0.23551
v -0.00000 0.29598 -0.23551
v 0.05452 0.30883 -0.23551
v 0.10161 0.30735 -0.23551
v 0.14102 0.32338 -0.23551
v 0.16725 0.35755 -0.23551
v 0.18973 0.38866 -0.23551
v 0.20526 0.42262 -0.23551
v 0.20395 0.46633 -0.23551
v 0.20569 0.50110 -0.23551
v 0.21540 0.52888 -0.23551
v 0.20891 0.56285 -0.23551
v 0.20652 0.59421 -0.23551
v 0.24748 0.63000 -0.18436
v 0.23957 0.67127 -0.18436
v 0.20963 0.69699 -0.18436
v 0.19894 0.72285 -0.18436
v 0.19386 0.75077 -0.18436
v 0.17659 0.77088 -0.18436
v 0.16013 0.79083 -0.18436
v 0.15219 0.82244 -0.18436
v 0.14070 0.85785 -0.18436
v 0.11981 0.88897 -0.18436
v 0.09001 0.91416 -0.18436
v 0.05114 0.92947 -0.18436
v 0.00000 0.95456 -0.18436
v -0.05941 0.97792 -0.18436
v -0.10603 0.96471 -0.18436
v -0.14422 0.94174 -0.18436
v -0.17911 0.92004 -0.18436
v -0.20737 0.89222 -0.18436
v -0.23288 0.86390 -0.18436
v -0.26354 0.84025 -0.18436
v -0.28799 0.80941 -0.18436
v -0.29719 0.76870 -0.18436
v -0.30284 0.72678 -0.18436
v -0.30696 0.68288 -0.18436
v -0.33258 0.63000 -0.18436
v -0.35013 0.56969 -0.18436
v -0.31991 0.52777 -0.18436
v -0.29605 0.49183 -0.18436
v -0.28311 0.45363 -0.18436
v -0.26614 0.41768 -0.18436
v -0.23890 0.39005 -0.18436
v -0.20664 0.36870 -0.18436
v -0.17637 0.34439 -0.18436
v -0.14269 0.32158 -0.18436
v -0.10244 0.30663 -0.18436
v -0.05697 0.29637 -0.18436
v -0.00000 0.30241 -0.18436
v 0.05283 0.32064 -0.18436
v 0.09666 0.32486 -0.18436
v 0.13567 0.33675 -0.18436
v 0.16620 0.36086 -0.18436
v 0.19294 0.38603 -0.18436
v 0.20713 0.42196 -0.18436
v 0.20195 0.46888 -0.18436
v 0.20498 0.50231 -0.18436
v 0.21841 0.52806 -0.18436
v 0.21207 0.56223 -0.18436
v 0.21174 0.59352 -0.18436
v 0.23435 0.63000 -0.13395
v 0.21795 0.66741 -0.13395
v 0.20823 0.69631 -0.13395
v 0.21856 0.73164 -0.13395
v 0.21427 0.76300 -0.13395
v 0.18574 0.77765 -0.13395
v 0.16197 0.79211 -0.13395
v 0.15369 0.82365 -0.13395
v 0.14370 0.86187 -0.13395
v 0.12311 0.89515 -0.13395
v 0.09214 0.91984 -0.13395
v 0.05185 0.93255 -0.13395
v 0.00000 0.95312 -0.13395
v -0.05606 0.95713 -0.13395
v -0.09389 0.92533 -0.13395
v -0.12668 0.90284 -0.13395
v -0.16568 0.89735 -0.13395
v -0.20211 0.88466 -0.13395
v -0.22921 0.85940 -0.13395
v -0.25283 0.83098 -0.13395
v -0.27292 0.79941 -0.13395
v -0.28749 0.76370 -0.13395
v -0.30190 0.72613 -0.13395
v -0.32091 0.68508 -0.13395
v -0.35306 0.63000 -0.13395
v -0.35662 0.56879 -0.13395
v -0.33239 0.52416 -0.13395
v -0.31012 0.48578 -0.13395
v -0.28809 0.45117 -0.13395
v -0.26339 0.42062 -0.13395
v -0.23446 0.39535 -0.13395
v -0.20706 0.36911 -0.13395
v -0.18394 0.33320 -0.13395
v -0.15303 0.30041 -0.13395
v -0.10845 0.28885 -0.13395
v -0.05803 0.29138 -0.13395
v -0.00000 0.29696 -0.13395
v 0.05452 0.31186 -0.13395
v 0.09579 0.32870 -0.13395
v 0.13130 0.34720 -0.13395
v 0.16479 0.36409 -0.13395
v 0.19849 0.37990 -0.13395
v 0.21946 0.41037 -0.13395
v 0.22352 0.45231 -0.13395
v 0.23590 0.48357 -0.13395
v 0.24814 0.51460 -0.13395
v 0.23093 0.55647 -0.13395
v 0.21873 0.59246 -0.13395
v 0.23783 0.63004 -0.08690
v 0.25146 0.67317 -0.08690
v 0.25004 0.70959 -0.08690
v 0.23723 0.74027 -0.08690
v 0.21880 0.76574 -0.08690
v 0.20461 0.79256 -0.08690
v 0.19134 0.82138 -0.08690
v 0.17067 0.84490 -0.08690
v 0.14602 0.86547 -0.08690
v 0.12172 0.89197 -0.08690
v 0.08959 0.91161 -0.08690
v 0.04878 0.91443 -0.08690
v 0.00000 0.93604 -0.08690
v -0.05320 0.94021 -0.08690
v -0.08604 0.90047 -0.08690
v -0.11537 0.87833 -0.08690
v -0.15766 0.88423 -0.08690
v -0.20281 0.88537 -0.08690
v -0.23384 0.86388 -0.08690
v -0.25174 0.83000 -0.08690
v -0.27128 0.79830 -0.08690
v -0.29682 0.76796 -0.08690
v -0.31644 0.73072 -0.08690
v -0.33872 0.68813 -0.08690
v -0.37242 0.63004 -0.08690
v -0.36545 0.56736 -0.08690
v -0.34752 0.51947 -0.08690
v -0.32574 0.47867 -0.08690
v -0.29621 0.44632 -0.08690
v -0.26756 0.41752 -0.08690
v -0.24047 0.38957 -0.08690
v -0.21690 0.35697 -0.08690
v -0.19331 0.31836 -0.08690
v -0.15789 0.29026 -0.08690
v -0.10917 0.28692 -0.08690
v -0.05714 0.29688 -0.08690
v -0.00000 0.29817 -0.08690
v 0.05615 0.30264 -0.08690
v 0.09763 0.32318 -0.08690
v 0.13140 0.34726 -0.08690
v 0.16578 0.36275 -0.08690
v 0.20328 0.37412 -0.08690
v 0.22885 0.40118 -0.08690
v 0.23528 0.44316 -0.08690
v 0.24490 0.47815 -0.08690
v 0.25163 0.51311 -0.08690
v 0.23004 0.55685 -0.08690
v 0.21471 0.59321 -0.08690
v 0.25910 0.63074 -0.04075
v 0.28463 0.67955 -0.04075
v 0.27728 0.71896 -0.04075
v 0.24255 0.74345 -0.04075
v 0.21680 0.76520 -0.04075
v 0.21728 0.80332 -0.04075
v 0.20996 0.84069 -0.04075
v 0.17805 0.85490 -0.04075
v 0.14535 0.86508 -0.04075
v 0.11988 0.88872 -0.04075
v 0.08503 0.89799 -0.04075
v 0.04386 0.88646 -0.04075
v 0.00000 0.90914 -0.04075
v -0.05072 0.92647 -0.04075
v -0.08554 0.89959 -0.04075
v -0.11722 0.88300 -0.04075
v -0.15884 0.88683 -0.04075
v -0.20332 0.88671 -0.04075
v -0.23393 0.86467 -0.04075
v -0.25029 0.82954 -0.04075
v -0.27479 0.80117 -0.04075
v -0.31053 0.77503 -0.04075
v -0.32781 0.73504 -0.04075
v -0.33893 0.68887 -0.04075
v -0.37550 0.63074 -0.04075
v -0.38421 0.56484 -0.04075
v -0.37071 0.51279 -0.04075
v -0.34138 0.47211 -0.04075
v -0.30786 0.43979 -0.04075
v -0.28096 0.40757 -0.04075
v -0.25340 0.37733 -0.04075
v -0.22513 0.34731 -0.04075
v -0.19435 0.31739 -0.04075
v -0.15383 0.29970 -0.04075
v -0.10594 0.29778 -0.04075
v -0.05651 0.30123 -0.04075
v -0.00000 0.30067 -0.04075
v 0.05522 0.30878 -0.04075
v 0.09586 0.32943 -0.04075
v 0.12934 0.35240 -0.04075
v 0.16291 0.36808 -0.04075
v 0.20092 0.37778 -0.04075
v 0.23101 0.39973 -0.04075
v 0.23947 0.44052 -0.04075
v 0.24477 0.47892 -0.04075
v 0.25155 0.51385 -0.04075
v 0.23592 0.55568 -0.04075
v 0.22565 0.59204 -0.04075
v 0.26636 0.63218 0.00542
v 0.27604 0.67952 0.00542
v 0.27909 0.72098 0.00542
v 0.25998 0.75298 0.00542
v 0.23313 0.77677 0.00542
v 0.21964 0.80664 0.00542
v 0.20249 0.83467 0.00542
v 0.17514 0.85268 0.00542
v 0.15203 0.87730 0.00542
v 0.12759 0.90675 0.00542
v 0.08810 0.90908 0.00542
v 0.04420 0.88986 0.00542
v 0.00000 0.89490 0.00542
v -0.04492 0.89409 0.00542
v -0.07743 0.87553 0.00542
v -0.11165 0.87245 0.00542
v -0.15462 0.88147 0.00542
v -0.19849 0.88207 0.00542
v -0.22810 0.86028 0.00542
v -0.24348 0.82558 0.00542
v -0.26797 0.79838 0.00542
v -0.30458 0.77371 0.00542
v -0.32567 0.73580 0.00542
v -0.33964 0.69043 0.00542
v -0.36641 0.63218 0.00542
v -0.37477 0.56790 0.00542
v -0.36977 0.51453 0.00542
v -0.34891 0.47005 0.00542
v -0.31992 0.43375 0.00542
v -0.29044 0.40148 0.00542
v -0.25774 0.37444 0.00542
v -0.22572 0.34800 0.00542
v -0.19299 0.32102 0.00542
v -0.15230 0.30442 0.00542
v -0.10597 0.29910 0.00542
v -0.05736 0.29775 0.00542
v -0.00000 0.30187 0.00542
v 0.05378 0.31864 0.00542
v 0.09464 0.33473 0.00542
v 0.13119 0.34986 0.00542
v 0.16459 0.36681 0.00542
v 0.19799 0.38292 0.00542
v 0.22457 0.40761 0.00542
v 0.23103 0.44868 0.00542
v 0.23678 0.48532 0.00542
v 0.25326 0.51449 0.00542
v 0.24959 0.55277 0.00542
v 0.24325 0.59046 0.00542
v 0.26099 0.63419 0.05102
v 0.26026 0.67883 0.05102
v 0.27436 0.72148 0.05102
v 0.27559 0.76225 0.05102
v 0.25012 0.78933 0.05102
v 0.22062 0.80943 0.05102
v 0.19723 0.83142 0.05102
v 0.17620 0.85602 0.05102
v 0.15310 0.88103 0.05102
v 0.12329 0.89950 0.05102
v 0.08488 0.90097 0.05102
v 0.04385 0.88985 0.05102
v 0.00000 0.88417 0.05102
v -0.04144 0.87581 0.05102
v -0.07489 0.86958 0.05102
v -0.11217 0.87559 0.05102
v -0.15495 0.88402 0.05102
v -0.19568 0.88055 0.05102
v -0.22355 0.85774 0.05102
v -0.23945 0.82439 0.05102
v -0.25846 0.79450 0.05102
v -0.28166 0.76507 0.05102
v -0.30658 0.73174 0.05102
v -0.34922 0.69409 0.05102
v -0.38165 0.63419 0.05102
v -0.36966 0.57079 0.05102
v -0.36550 0.51790 0.05102
v -0.36262 0.46569 0.05102
v -0.34342 0.42119 0.05102
v -0.30723 0.39016 0.05102
v -0.26523 0.36896 0.05102
v -0.22727 0.34806 0.05102
v -0.19228 0.32418 0.05102
v -0.15243 0.30616 0.05102
v -0.10729 0.29697 0.05102
v -0.05854 0.29285 0.05102
v -0.00000 0.29602 0.05102
v 0.05450 0.31645 0.05102
v 0.09489 0.33594 0.05102
v 0.13131 0.35162 0.05102
v 0.16394 0.36987 0.05102
v 0.19582 0.38766 0.05102
v 0.22300 0.41120 0.05102
v 0.23176 0.45010 0.05102
v 0.23953 0.48563 0.05102
v 0.25879 0.51394 0.05102
v 0.25541 0.55293 0.05102
v 0.24587 0.59202 0.05102
v 0.25834 0.63660 0.09548
v 0.25823 0.68089 0.09548
v 0.25589 0.71802 0.09548
v 0.25438 0.75481 0.09548
v 0.23631 0.78317 0.09548
v 0.21365 0.80630 0.09548
v 0.19647 0.83307 0.09548
v 0.17183 0.85293 0.09548
v 0.13725 0.85789 0.09548
v 0.10820 0.86944 0.09548
v 0.08169 0.89336 0.09548
v 0.04502 0.89911 0.09548
v 0.00000 0.88404 0.09548
v -0.04264 0.88523 0.09548
v -0.08327 0.89833 0.09548
v -0.12639 0.90859 0.09548
v -0.16731 0.90636 0.09548
v -0.20137 0.89012 0.09548
v -0.22803 0.86463 0.09548
v -0.25234 0.83704 0.09548
v -0.27446 0.80683 0.09548
v -0.28139 0.76736 0.09548
v -0.28904 0.72856 0.09548
v -0.33570 0.69417 0.09548
v -0.38041 0.63660 0.09548
v -0.36651 0.57374 0.09548
v -0.35476 0.52373 0.09548
v -0.35114 0.47343 0.09548
v -0.33298 0.43007 0.09548
v -0.29694 0.40074 0.09548
v -0.25864 0.37796 0.09548
v -0.22194 0.35718 0.09548
v -0.18503 0.33828 0.09548
v -0.14620 0.32198 0.09548
v -0.10476 0.30733 0.09548
v -0.05835 0.29637 0.09548
v -0.00000 0.29388 0.09548
v 0.05598 0.31019 0.09548
v 0.09725 0.33095 0.09548
v 0.13327 0.34980 0.09548
v 0.16620 0.36863 0.09548
v 0.20181 0.38253 0.09548
v 0.23677 0.39983 0.09548
v 0.25026 0.43782 0.09548
v 0.25272 0.47986 0.09548
v 0.26041 0.51559 0.09548
v 0.24730 0.55792 0.09548
v 0.23306 0.59663 0.09548
v 0.25199 0.63923 0.13820
v 0.26476 0.68464 0.13820
v 0.25153 0.71926 0.13820
v 0.24543 0.75328 0.13820
v 0.22986 0.78180 0.13820
v 0.21178 0.80745 0.13820
v 0.19619 0.83542 0.13820
v 0.16343 0.84499 0.13820
v 0.12240 0.83658 0.13820
v 0.10095 0.85649 0.13820
v 0.08472 0.90551 0.13820
v 0.04859 0.92253 0.13820
v 0.00000 0.89759 0.13820
v -0.04336 0.89205 0.13820
v -0.08585 0.90907 0.13820
v -0.13354 0.92661 0.13820
v -0.17864 0.92724 0.13820
v -0.21342 0.90792 0.13820
v -0.24132 0.88055 0.13820
v -0.27228 0.85550 0.13820
v -0.29963 0.82507 0.13820
v -0.30169 0.77942 0.13820
v -0.29490 0.73306 0.13820
v -0.31836 0.69383 0.13820
v -0.34902 0.63923 0.13820
v -0.34620 0.57985 0.13820
v -0.33262 0.53340 0.13820
v -0.31890 0.49105 0.13820
v -0.29500 0.45626 0.13820
v -0.26271 0.43056 0.13820
v -0.23712 0.40211 0.13820
v -0.21295 0.37113 0.13820
v -0.18075 0.34781 0.13820
v -0.14268 0.33219 0.13820
v -0.10187 0.31904 0.13820
v -0.05614 0.31192 0.13820
v -0.00000 0.31391 0.13820
v 0.05530 0.31679 0.13820
v 0.10117 0.32124 0.13820
v 0.14080 0.33623 0.13820
v 0.17316 0.36004 0.13820
v 0.20808 0.37726 0.13820
v 0.24547 0.39376 0.13820
v 0.25856 0.43386 0.13820
v 0.25274 0.48247 0.13820
v 0.25127 0.52247 0.13820
v 0.23413 0.56474 0.13820
v 0.21446 0.60245 0.13820
v 0.24070 0.64228 0.17952
v 0.26253 0.68734 0.17952
v 0.25851 0.72460 0.17952
v 0.25746 0.76202 0.17952
v 0.23784 0.78992 0.17952
v 0.21532 0.81346 0.17952
v 0.19807 0.84052 0.17952
v 0.16551 0.85083 0.17952
v 0.12633 0.84613 0.17952
v 0.10293 0.86397 0.17952
v 0.08223 0.90094 0.17952
v 0.04701 0.91662 0.17952
v 0.00000 0.90799 0.17952
v -0.04464 0.90281 0.17952
v -0.08739 0.91719 0.17952
v -0.13913 0.94195 0.17952
v -0.19095 0.95041 0.17952
v -0.22717 0.92852 0.17952
v -0.24838 0.89088 0.17952
v -0.27000 0.85692 0.17952
v -0.29023 0.82244 0.17952
v -0.29544 0.77968 0.17952
v -0.30345 0.73891 0.17952
v -0.32798 0.69858 0.17952
v -0.34085 0.64228 0.17952
v -0.33599 0.58460 0.17952
v -0.31863 0.54081 0.17952
v -0.29866 0.50338 0.17952
v -0.27476 0.47172 0.17952
v -0.24553 0.44708 0.17952
v -0.22235 0.41973 0.17952
v -0.20424 0.38491 0.17952
v -0.17908 0.35329 0.17952
v -0.14413 0.33183 0.17952
v -0.10255 0.31967 0.17952
v -0.05533 0.31938 0.17952
v -0.00000 0.32997 0.17952
v 0.05365 0.32919 0.17952
v 0.10001 0.32768 0.17952
v 0.13805 0.34494 0.17952
v 0.16648 0.37363 0.17952
v 0.19936 0.39107 0.17952
v 0.23783 0.40424 0.17952
v 0.25344 0.44079 0.17952
v 0.25026 0.48692 0.17952
v 0.25381 0.52424 0.17952
v 0.23936 0.56605 0.17952
v 0.20931 0.60635 0.17952
v 0.23695 0.64653 0.22106
v 0.24267 0.68834 0.22106
v 0.24296 0.72419 0.22106
v 0.24881 0.76269 0.22106
v 0.23446 0.79263 0.22106
v 0.21469 0.81786 0.22106
v 0.19922 0.84668 0.22106
v 0.17613 0.86931 0.22106
v 0.14482 0.88112 0.22106
v 0.11261 0.89000 0.22106
v 0.07991 0.89887 0.22106
v 0.04509 0.91064 0.22106
v 0.00000 0.92423 0.22106
v -0.04760 0.92538 0.22106
v -0.09252 0.93868 0.22106
v -0.14689 0.96413 0.22106
v -0.20160 0.97310 0.22106
v -0.23750 0.94694 0.22106
v -0.25325 0.90097 0.22106
v -0.26633 0.85907 0.22106
v -0.27568 0.81832 0.22106
v -0.27362 0.77427 0.22106
v -0.28767 0.73848 0.22106
v -0.32205 0.70202 0.22106
v -0.33436 0.64653 0.22106
v -0.32749 0.59010 0.22106
v -0.30346 0.54952 0.22106
v -0.27470 0.51828 0.22106
v -0.25460 0.48788 0.22106
v -0.23717 0.45726 0.22106
v -0.21689 0.42862 0.22106
v -0.19529 0.39951 0.22106
v -0.17091 0.36968 0.22106
v -0.14004 0.34375 0.22106
v -0.10141 0.32629 0.22106
v -0.05542 0.32190 0.22106
v -0.00000 0.32955 0.22106
v 0.05314 0.33524 0.22106
v 0.09543 0.34519 0.22106
v 0.12983 0.36582 0.22106
v 0.16083 0.38600 0.22106
v 0.19832 0.39568 0.22106
v 0.23437 0.41106 0.22106
v 0.24672 0.44964 0.22106
v 0.24865 0.49158 0.22106
v 0.26161 0.52439 0.22106
v 0.25465 0.56513 0.22106
v 0.22466 0.60782 0.22106
v 0.23284 0.65178 0.26162
v 0.22281 0.69042 0.26162
v 0.22535 0.72427 0.26162
v 0.23856 0.76386 0.26162
v 0.23700 0.80040 0.26162
v 0.22180 0.82991 0.26162
v 0.20401 0.85805 0.26162
v 0.18518 0.88749 0.26162
v 0.15854 0.91022 0.26162
v 0.12272 0.91879 0.26162
v 0.08539 0.92313 0.26162
v 0.04814 0.93555 0.26162
v 0.00000 0.94242 0.26162
v -0.04820 0.93593 0.26162
v -0.09285 0.94684 0.26162
v -0.14469 0.96661 0.26162
v -0.19603 0.97133 0.26162
v -0.23250 0.94773 0.26162
v -0.25439 0.90898 0.26162
v -0.27596 0.87340 0.26162
v -0.28898 0.83300 0.26162
v -0.27787 0.78233 0.26162
v -0.27060 0.73883 0.26162
v -0.28685 0.70152 0.26162
v -0.29989 0.65178 0.26162
v -0.30702 0.59854 0.26162
v -0.29249 0.55769 0.26162
v -0.26021 0.52953 0.26162
v -0.23637 0.50356 0.26162
v -0.22809 0.46861 0.26162
v -0.21894 0.43042 0.26162
v -0.19693 0.40112 0.26162
v -0.16515 0.38257 0.26162
v -0.13029 0.36830 0.26162
v -0.09333 0.35521 0.26162
v -0.05205 0.34493 0.26162
v -0.00000 0.33533 0.26162
v 0.05435 0.33139 0.26162
v 0.09722 0.34282 0.26162
v 0.13509 0.35784 0.26162
v 0.17555 0.36561 0.26162
v 0.21795 0.37435 0.26162
v 0.24337 0.40572 0.26162
v 0.24419 0.45568 0.26162
v 0.24296 0.49942 0.26162
v 0.25585 0.53158 0.26162
v 0.25751 0.56894 0.26162
v 0.23941 0.61027 0.26162
v 0.21468 0.65778 0.29984
v 0.22087 0.69640 0.29984
v 0.23311 0.73339 0.29984
v 0.24636 0.77449 0.29984
v 0.24755 0.81430 0.29984
v 0.23208 0.84571 0.29984
v 0.20961 0.87147 0.29984
v 0.18569 0.89610 0.29984
v 0.15630 0.91469 0.29984
v 0.12234 0.92618 0.29984
v 0.08759 0.93843 0.29984
v 0.04867 0.94706 0.29984
v 0.00000 0.93721 0.29984
v -0.04603 0.93141 0.29984
v -0.09005 0.94633 0.29984
v -0.13724 0.95888 0.29984
v -0.17966 0.95309 0.29984
v -0.20944 0.92660 0.29984
v -0.23018 0.89244 0.29984
v -0.25479 0.86410 0.29984
v -0.27668 0.83272 0.29984
v -0.27706 0.78903 0.29984
v -0.26811 0.74474 0.29984
v -0.26996 0.70498 0.29984
v -0.27982 0.65778 0.29984
v -0.29523 0.60616 0.29984
v -0.29397 0.56242 0.29984
v -0.27243 0.52872 0.29984
v -0.24536 0.50263 0.29984
v -0.22771 0.47339 0.29984
v -0.21551 0.43808 0.29984
v -0.19443 0.40823 0.29984
v -0.16037 0.39418 0.29984
v -0.12220 0.38968 0.29984
v -0.08554 0.38370 0.29984
v -0.04803 0.37229 0.29984
v -0.00000 0.35117 0.29984
v 0.05430 0.33502 0.29984
v 0.09825 0.34296 0.29984
v 0.13704 0.35713 0.29984
v 0.17846 0.36445 0.29984
v 0.21845 0.37741 0.29984
v 0.23978 0.41333 0.29984
v 0.24169 0.46207 0.29984
v 0.24133 0.50518 0.29984
v 0.24995 0.53937 0.29984
v 0.25143 0.57623 0.29984
v 0.23172 0.61726 0.29984
v 0.20967 0.66426 0.33437
v 0.24012 0.70665 0.33437
v 0.24859 0.74567 0.33437
v 0.24801 0.78288 0.33437
v 0.24471 0.82049 0.33437
v 0.23286 0.85465 0.33437
v 0.21148 0.88195 0.33437
v 0.18214 0.90030 0.33437
v 0.14902 0.91158 0.33437
v 0.11714 0.92375 0.33437
v 0.08404 0.93616 0.33437
v 0.04518 0.93541 0.33437
v 0.00000 0.92140 0.33437
v -0.04377 0.92697 0.33437
v -0.08663 0.94455 0.33437
v -0.12860 0.94913 0.33437
v -0.16228 0.93358 0.33437
v -0.18384 0.90251 0.33437
v -0.19685 0.86689 0.33437
v -0.21138 0.83708 0.33437
v -0.22887 0.81038 0.33437
v -0.24251 0.78025 0.33437
v -0.25476 0.74769 0.33437
v -0.26740 0.71147 0.33437
v -0.27983 0.66426 0.33437
v -0.28895 0.61325 0.33437
v -0.28296 0.57159 0.33437
v -0.27083 0.53471 0.33437
v -0.25327 0.50256 0.33437
v -0.22943 0.47667 0.33437
v -0.20492 0.45333 0.33437
v -0.18010 0.43085 0.33437
v -0.15123 0.41328 0.33437
v -0.11863 0.40146 0.33437
v -0.08457 0.39066 0.33437
v -0.04730 0.38035 0.33437
v -0.00000 0.36797 0.33437
v 0.05068 0.36009 0.33437
v 0.09067 0.37091 0.33437
v 0.12506 0.38723 0.33437
v 0.16153 0.39618 0.33437
v 0.19814 0.40749 0.33437
v 0.22473 0.43293 0.33437
v 0.23716 0.47035 0.33437
v 0.24337 0.50888 0.33437
v 0.24923 0.54505 0.33437
v 0.24235 0.58489 0.33437
v 0.21505 0.62629 0.33437
v 0.22284 0.67099 0.36390
v 0.25560 0.71658 0.36390
v 0.24946 0.75354 0.36390
v 0.23810 0.78606 0.36390
v 0.23543 0.82286 0.36390
v 0.23075 0.86161 0.36390
v 0.21288 0.89240 0.36390
v 0.18175 0.90897 0.36390
v 0.14734 0.91806 0.36390
v 0.11491 0.92819 0.36390
v 0.08021 0.93320 0.36390
v 0.04194 0.92530 0.36390
v 0.00000 0.91637 0.36390
v -0.04204 0.92591 0.36390
v -0.08059 0.93444 0.36390
v -0.11498 0.92835 0.36390
v -0.14213 0.90932 0.36390
v -0.16213 0.88329 0.36390
v -0.17633 0.85439 0.36390
v -0.18697 0.82545 0.36390
v -0.19566 0.79721 0.36390
v -0.20795 0.77149 0.36390
v -0.23153 0.74761 0.36390
v -0.25720 0.71687 0.36390
v -0.27483 0.67099 0.36390
v -0.28122 0.62083 0.36390
v -0.26757 0.58245 0.36390
v -0.25413 0.54818 0.36390
v -0.24665 0.51188 0.36390
v -0.23089 0.48025 0.36390
v -0.20494 0.45784 0.36390
v -0.17669 0.43963 0.36390
v -0.14881 0.42145 0.36390
v -0.11960 0.40330 0.36390
v -0.08630 0.38888 0.36390
v -0.04743 0.38338 0.36390
v -0.00000 0.38657 0.36390
v 0.04629 0.39030 0.36390
v 0.08322 0.39896 0.36390
v 0.11719 0.40868 0.36390
v 0.15285 0.41469 0.36390
v 0.18846 0.42422 0.36390
v 0.21575 0.44660 0.36390
v 0.23092 0.48022 0.36390
v 0.23829 0.51728 0.36390
v 0.23981 0.55509 0.36390
v 0.22706 0.59586 0.36390
v 0.20620 0.63421 0.36390
v 0.22867 0.67935 0.39019
v 0.24883 0.72436 0.39019
v 0.23679 0.75880 0.39019
v 0.22747 0.79081 0.39019
v 0.22917 0.82924 0.39019
v 0.22821 0.87050 0.39019
v 0.21165 0.90254 0.39019
v 0.18110 0.91978 0.39019
v 0.14685 0.92902 0.39019
v 0.11231 0.93421 0.39019
v 0.07580 0.93058 0.39019
v 0.03934 0.92124 0.39019
v 0.00000 0.92015 0.39019
v -0.04023 0.92671 0.39019
v -0.07318 0.92188 0.39019
v -0.09930 0.90470 0.39019
v -0.12006 0.88348 0.39019
v -0.13993 0.86512 0.39019
v -0.16055 0.84865 0.39019
v -0.17745 0.82798 0.39019
v -0.18504 0.80037 0.39019
v -0.19057 0.77273 0.39019
v -0.21088 0.75010 0.39019
v -0.24024 0.72280 0.39019
v -0.26018 0.67935 0.39019
v -0.27248 0.63007 0.39019
v -0.26616 0.59005 0.39019
v -0.25057 0.55657 0.39019
v -0.24174 0.52125 0.39019
v -0.23256 0.48457 0.39019
v -0.21312 0.45462 0.39019
v -0.18536 0.43327 0.39019
v -0.15444 0.41678 0.39019
v -0.12216 0.40214 0.39019
v -0.08686 0.39146 0.39019
v -0.04674 0.39196 0.39019
v -0.00000 0.40393 0.39019
v 0.04387 0.40960 0.39019
v 0.08132 0.40984 0.39019
v 0.11849 0.41046 0.39019
v 0.15560 0.41481 0.39019
v 0.18833 0.42933 0.39019
v 0.21071 0.45716 0.39019
v 0.22179 0.49358 0.39019
v 0.22488 0.53227 0.39019
v 0.22035 0.57138 0.39019
v 0.20737 0.60978 0.39019
v 0.20112 0.64298 0.39019
v 0.21417 0.68936 0.41456
v 0.22800 0.73138 0.41456
v 0.22361 0.76580 0.41456
v 0.22035 0.79937 0.41456
v 0.22226 0.83747 0.41456
v 0.21973 0.87688 0.41456
v 0.20335 0.90784 0.41456
v 0.17480 0.92581 0.41456
v 0.14104 0.93368 0.41456
v 0.10524 0.93268 0.41456
v 0.06964 0.92453 0.41456
v 0.03666 0.91901 0.41456
v 0.00000 0.92443 0.41456
v -0.03804 0.92767 0.41456
v -0.06694 0.91541 0.41456
v -0.08761 0.89192 0.41456
v -0.10252 0.86696 0.41456
v -0.11837 0.84947 0.41456
v -0.14007 0.83985 0.41456
v -0.16331 0.82873 0.41456
v -0.17682 0.80719 0.41456
v -0.18065 0.77955 0.41456
v -0.19334 0.75545 0.41456
v -0.21937 0.72978 0.41456
v -0.23849 0.68936 0.41456
v -0.25562 0.64226 0.41456
v -0.26812 0.59771 0.41456
v -0.26204 0.55853 0.41456
v -0.24656 0.52506 0.41456
v -0.23106 0.49217 0.41456
v -0.21302 0.46049 0.41456
v -0.18829 0.43466 0.41456
v -0.15729 0.41690 0.41456
v -0.12276 0.40551 0.41456
v -0.08568 0.40004 0.41456
v -0.04552 0.40418 0.41456
v -0.00000 0.41659 0.41456
v 0.04311 0.41931 0.41456
v 0.08132 0.41476 0.41456
v 0.11943 0.41322 0.41456
v 0.15500 0.42085 0.41456
v 0.18371 0.44087 0.41456
v 0.20217 0.47214 0.41456
v 0.21005 0.51010 0.41456
v 0.20838 0.55050 0.41456
v 0.19892 0.59005 0.41456
v 0.18859 0.62489 0.41456
v 0.19097 0.65417 0.41456
v 0.19469 0.69984 0.43675
v 0.21231 0.73987 0.43675
v 0.21341 0.77449 0.43675
v 0.20901 0.80661 0.43675
v 0.20706 0.84103 0.43675
v 0.20274 0.87688 0.43675
v 0.18764 0.90613 0.43675
v 0.16120 0.92296 0.43675
v 0.12849 0.92759 0.43675
v 0.09450 0.92342 0.43675
v 0.06292 0.91726 0.43675
v 0.03393 0.91734 0.43675
v 0.00000 0.92471 0.43675
v -0.03529 0.92603 0.43675
v -0.06216 0.91464 0.43675
v -0.08155 0.89277 0.43675
v -0.09389 0.86627 0.43675
v -0.10427 0.84416 0.43675
v -0.11970 0.83144 0.43675
v -0.14067 0.82268 0.43675
v -0.15751 0.80724 0.43675
v -0.16392 0.78358 0.43675
v -0.17192 0.75997 0.43675
v -0.19238 0.73611 0.43675
v -0.21072 0.69984 0.43675
v -0.22666 0.65710 0.43675
v -0.25100 0.61204 0.43675
v -0.26134 0.56633 0.43675
v -0.24784 0.53084 0.43675
v -0.22321 0.50492 0.43675
v -0.19897 0.48109 0.43675
v -0.17541 0.45705 0.43675
v -0.14871 0.43624 0.43675
v -0.11750 0.42185 0.43675
v -0.08225 0.41563 0.43675
v -0.04371 0.41963 0.43675
v -0.00000 0.43154 0.43675
v 0.04118 0.43586 0.43675
v 0.07686 0.43425 0.43675
v 0.11156 0.43588 0.43675
v 0.14359 0.44531 0.43675
v 0.17046 0.46390 0.43675
v 0.18943 0.49157 0.43675
v 0.19767 0.52722 0.43675
v 0.19403 0.56753 0.43675
v 0.18283 0.60643 0.43675
v 0.17383 0.63903 0.43675
v 0.17613 0.66663 0.43675
v 0.18432 0.70961 0.45650
v 0.19934 0.74820 0.45650
v 0.19594 0.77998 0.45650
v 0.18809 0.80827 0.45650
v 0.18537 0.83940 0.45650
v 0.18184 0.87266 0.45650
v 0.16799 0.89925 0.45650
v 0.14303 0.91288 0.45650
v 0.11297 0.91523 0.45650
v 0.08368 0.91291 0.45650
v 0.05723 0.91265 0.45650
v 0.03148 0.91684 0.45650
v 0.00000 0.92188 0.45650
v -0.03212 0.92102 0.45650
v -0.05746 0.91347 0.45650
v -0.07745 0.89777 0.45650
v -0.09054 0.87441 0.45650
v -0.09844 0.84952 0.45650
v -0.10692 0.83031 0.45650
v -0.11988 0.81710 0.45650
v -0.13297 0.80270 0.45650
v -0.13950 0.78279 0.45650
v -0.14462 0.76155 0.45650
v -0.15955 0.74050 0.45650
v -0.17931 0.70961 0.45650
v -0.19548 0.67176 0.45650
v -0.21928 0.63085 0.45650
v -0.23758 0.58498 0.45650
v -0.23225 0.54699 0.45650
v -0.20794 0.52316 0.45650
v -0.18039 0.50597 0.45650
v -0.15700 0.48648 0.45650
v -0.13488 0.46411 0.45650
v -0.10914 0.44447 0.45650
v -0.07773 0.43381 0.45650
v -0.04158 0.43593 0.45650
v -0.00000 0.44989 0.45650
v 0.03770 0.46148 0.45650
v 0.06858 0.46627 0.45650
v 0.09850 0.47032 0.45650
v 0.12771 0.47715 0.45650
v 0.15478 0.48963 0.45650
v 0.17591 0.51102 0.45650
v 0.18608 0.54275 0.45650
v 0.18352 0.58111 0.45650
v 0.17344 0.61862 0.45650
v 0.16525 0.65025 0.45650
v 0.16702 0.67727 0.45650
v 0.17194 0.71749 0.47357
v 0.17649 0.75266 0.47357
v 0.16926 0.78005 0.47357
v 0.16366 0.80584 0.47357
v 0.16391 0.83560 0.47357
v 0.16129 0.86633 0.47357
v 0.14772 0.88911 0.47357
v 0.12460 0.89974 0.47357
v 0.09875 0.90246 0.47357
v 0.07483 0.90459 0.47357
v 0.05264 0.90971 0.47357
v 0.02922 0.91540 0.47357
v 0.00000 0.91666 0.47357
v -0.02886 0.91297 0.47357
v -0.05202 0.90746 0.47357
v -0.07182 0.89706 0.47357
v -0.08626 0.87907 0.47357
v -0.09474 0.85607 0.47357
v -0.10029 0.83401 0.47357
v -0.10668 0.81594 0.47357
v -0.11317 0.79904 0.47357
v -0.11583 0.78002 0.47357
v -0.11702 0.76074 0.47357
v -0.12660 0.74272 0.47357
v -0.14872 0.71749 0.47357
v -0.17158 0.68330 0.47357
v -0.19283 0.64621 0.47357
v -0.20895 0.60469 0.47357
v -0.20749 0.56798 0.47357
v -0.18860 0.54345 0.47357
v -0.16411 0.52683 0.47357
v -0.14276 0.50869 0.47357
v -0.12380 0.48560 0.47357
v -0.10197 0.46255 0.47357
v -0.07382 0.44795 0.47357
v -0.03979 0.44796 0.47357
v -0.00000 0.46443 0.47357
v 0.03446 0.48405 0.47357
v 0.06084 0.49532 0.47357
v 0.08641 0.50144 0.47357
v 0.11288 0.50605 0.47357
v 0.13905 0.51411 0.47357
v 0.16061 0.53090 0.47357
v 0.17222 0.55856 0.47357
v 0.17222 0.59339 0.47357
v 0.16519 0.62831 0.47357
v 0.15915 0.65866 0.47357
v 0.16085 0.68544 0.47357
v 0.14692 0.72276 0.48781
v 0.14494 0.75249 0.48781
v 0.14099 0.77641 0.48781
v 0.14139 0.80134 0.48781
v 0.14425 0.82977 0.48781
v 0.14134 0.85704 0.48781
v 0.12816 0.87605 0.48781
v 0.10789 0.88522 0.48781
v 0.08648 0.88953 0.48781
v 0.06681 0.89473 0.48781
v 0.04761 0.90175 0.48781
v 0.02636 0.90661 0.48781
v 0.00000 0.90481 0.48781
v -0.02527 0.89900 0.48781
v -0.04542 0.89348 0.48781
v -0.06328 0.88565 0.48781
v -0.07763 0.87246 0.48781
v -0.08729 0.85419 0.48781
v -0.09311 0.83412 0.48781
v -0.09691 0.81482 0.48781
v -0.09853 0.79585 0.48781
v -0.09633 0.77630 0.48781
v -0.09286 0.75810 0.48781
v -0.09762 0.74278 0.48781
v -0.12115 0.72276 0.48781
v -0.15301 0.69137 0.48781
v -0.17555 0.65596 0.48781
v -0.18760 0.61850 0.48781
v -0.18506 0.58547 0.48781
v -0.16972 0.56152 0.48781
v -0.14958 0.54386 0.48781
v -0.13106 0.52541 0.48781
v -0.11407 0.50278 0.48781
v -0.09444 0.47967 0.48781
v -0.06885 0.46394 0.48781
v -0.03733 0.46244 0.48781
v -0.00000 0.47894 0.48781
v 0.03164 0.50211 0.48781
v 0.05459 0.51755 0.48781
v 0.07631 0.52635 0.48781
v 0.09907 0.53172 0.48781
v 0.12201 0.53904 0.48781
v 0.14141 0.55363 0.48781
v 0.15289 0.57752 0.48781
v 0.15498 0.60779 0.48781
v 0.15088 0.63890 0.48781
v 0.14630 0.66709 0.48781
v 0.14529 0.69296 0.48781
v 0.11149 0.72689 0.49983
v 0.11092 0.75032 0.49983
v 0.11426 0.77166 0.49983
v 0.12009 0.79561 0.49983
v 0.12369 0.82136 0.49983
v 0.11986 0.84413 0.49983
v 0.10767 0.85948 0.49983
v 0.09065 0.86744 0.49983
v 0.07305 0.87193 0.49983
v 0.05646 0.87653 0.49983
v 0.03986 0.88118 0.49983
v 0.02171 0.88278 0.49983
v 0.00000 0.87846 0.49983
v -0.02023 0.87217 0.49983
v -0.03618 0.86694 0.49983
v -0.05060 0.86100 0.49983
v -0.06316 0.85230 0.49983
v -0.07301 0.84008 0.49983
v -0.07975 0.82510 0.49983
v -0.08320 0.80827 0.49983
v -0.08247 0.78988 0.49983
v -0.07693 0.77091 0.49983
v -0.06983 0.75425 0.49983
v -0.07056 0.74179 0.49983
v -0.09293 0.72689 0.49983
v -0.13011 0.69941 0.49983
v -0.15562 0.66591 0.49983
v -0.16646 0.63163 0.49983
v -0.16308 0.60232 0.49983
v -0.14980 0.58036 0.49983
v -0.13280 0.56334 0.49983
v -0.11635 0.54649 0.49983
v -0.10053 0.52729 0.49983
v -0.08262 0.50793 0.49983
v -0.06014 0.49411 0.49983
v -0.03278 0.49148 0.49983
v -0.00000 0.50397 0.49983
v 0.02828 0.52384 0.49983
v 0.04852 0.53908 0.49983
v 0.06694 0.54947 0.49983
v 0.08550 0.55712 0.49983
v 0.10368 0.56614 0.49983
v 0.11890 0.58046 0.49983
v 0.12818 0.60150 0.49983
v 0.13037 0.62731 0.49983
v 0.12711 0.65415 0.49983
v 0.12154 0.67926 0.49983
v 0.11607 0.70237 0.49983
v 0.07678 0.73038 0.51037
v 0.08142 0.74816 0.51037
v 0.09028 0.76695 0.51037
v 0.09824 0.78850 0.51037
v 0.10098 0.81011 0.51037
v 0.09641 0.82787 0.51037
v 0.08559 0.83934 0.51037
v 0.07150 0.84499 0.51037
v 0.05690 0.84718 0.51037
v 0.04289 0.84789 0.51037
v 0.02919 0.84720 0.51037
v 0.01528 0.84384 0.51037
v 0.00000 0.83681 0.51037
v -0.01354 0.83088 0.51037
v -0.02418 0.82712 0.51037
v -0.03411 0.82385 0.51037
v -0.04350 0.81966 0.51037
v -0.05181 0.81342 0.51037
v -0.05818 0.80445 0.51037
v -0.06139 0.79245 0.51037
v -0.06006 0.77780 0.51037
v -0.05391 0.76227 0.51037
v -0.04610 0.74905 0.51037
v -0.04470 0.74014 0.51037
v -0.06270 0.73038 0.51037
v -0.09741 0.70911 0.51037
v -0.12340 0.68039 0.51037
v -0.13565 0.65013 0.51037
v -0.13467 0.62404 0.51037
v -0.12479 0.60418 0.51037
v -0.11103 0.58903 0.51037
v -0.09660 0.57554 0.51037
v -0.08213 0.56179 0.51037
v -0.06639 0.54849 0.51037
v -0.04796 0.53848 0.51037
v -0.02632 0.53498 0.51037
v -0.00000 0.54037 0.51037
v 0.02414 0.55118 0.51037
v 0.04223 0.56138 0.51037
v 0.05837 0.57045 0.51037
v 0.07356 0.57939 0.51037
v 0.08732 0.59042 0.51037
v 0.09803 0.60558 0.51037
v 0.10384 0.62537 0.51037
v 0.10388 0.64835 0.51037
v 0.09880 0.67193 0.51037
v 0.09055 0.69370 0.51037
v 0.08187 0.71250 0.51037
v 0.05023 0.73353 0.52011
v 0.05791 0.74674 0.52011
v 0.06767 0.76217 0.52011
v 0.07455 0.77961 0.52011
v 0.07585 0.79610 0.52011
v 0.07126 0.80882 0.52011
v 0.06226 0.81635 0.52011
v 0.05103 0.81898 0.52011
v 0.03937 0.81795 0.52011
v 0.02825 0.81439 0.52011
v 0.01801 0.80882 0.52011
v 0.00875 0.80136 0.52011
v 0.00000 0.79217 0.52011
v -0.00679 0.78619 0.52011
v -0.01197 0.78356 0.52011
v -0.01705 0.78234 0.52011
v -0.02230 0.78136 0.52011
v -0.02743 0.77945 0.52011
v -0.03162 0.77559 0.52011
v -0.03370 0.76913 0.52011
v -0.03248 0.76033 0.52011
v -0.02779 0.75071 0.52011
v -0.02180 0.74275 0.52011
v -0.01985 0.73806 0.52011
v -0.03108 0.73353 0.52011
v -0.05607 0.72074 0.52011
v -0.07741 0.70077 0.52011
v -0.09021 0.67777 0.52011
v -0.09353 0.65637 0.52011
v -0.08958 0.63889 0.52011
v -0.08142 0.62523 0.52011
v -0.07139 0.61399 0.52011
v -0.06044 0.60392 0.52011
v -0.04848 0.59475 0.52011
v -0.03501 0.58719 0.52011
v -0.01951 0.58226 0.52011
v -0.00000 0.58058 0.52011
v 0.01954 0.58201 0.52011
v 0.03532 0.58588 0.52011
v 0.04947 0.59194 0.52011
v 0.06200 0.60058 0.52011
v 0.07224 0.61256 0.52011
v 0.07906 0.62838 0.52011
v 0.08134 0.64759 0.52011
v 0.07859 0.66870 0.52011
v 0.07138 0.68941 0.52011
v 0.06169 0.70742 0.52011
v 0.05294 0.72145 0.52011
v 0.02992 0.73664 0.52976
v 0.03726 0.74572 0.52976
v 0.04484 0.75693 0.52976
v 0.04943 0.76930 0.52976
v 0.04975 0.78052 0.52976
v 0.04610 0.78871 0.52976
v 0.03965 0.79302 0.52976
v 0.03177 0.79352 0.52976
v 0.02363 0.79081 0.52976
v 0.01600 0.78561 0.52976
v 0.00938 0.77857 0.52976
v 0.00406 0.77028 0.52976
v 0.00000 0.76104 0.52976
v -0.00220 0.75484 0.52976
v -0.00345 0.75205 0.52976
v -0.00468 0.75097 0.52976
v -0.00616 0.75075 0.52976
v -0.00777 0.75055 0.52976
v -0.00909 0.74956 0.52976
v -0.00943 0.74729 0.52976
v -0.00811 0.74379 0.52976
v -0.00490 0.73988 0.52976
v -0.00074 0.73697 0.52976
v 0.00182 0.73619 0.52976
v -0.00213 0.73664 0.52976
v -0.01505 0.73297 0.52976
v -0.02844 0.72377 0.52976
v -0.03895 0.71090 0.52976
v -0.04502 0.69693 0.52976
v -0.04687 0.68370 0.52976
v -0.04548 0.67197 0.52976
v -0.04187 0.66167 0.52976
v -0.03672 0.65245 0.52976
v -0.03024 0.64409 0.52976
v -0.02238 0.63659 0.52976
v -0.01285 0.63012 0.52976
v -0.00000 0.62438 0.52976
v 0.01399 0.62064 0.52976
v 0.02595 0.62068 0.52976
v 0.03671 0.62428 0.52976
v 0.04581 0.63160 0.52976
v 0.05252 0.64261 0.52976
v 0.05605 0.65693 0.52976
v 0.05581 0.67359 0.52976
v 0.05175 0.69099 0.52976
v 0.04468 0.70711 0.52976
v 0.03651 0.72012 0.52976
v 0.03024 0.72926 0.52976
v 0.01108 0.74000 0.54000
v 0.01711 0.74470 0.54000
v 0.02251 0.75146 0.54000
v 0.02563 0.75905 0.54000
v 0.02605 0.76586 0.54000
v 0.02417 0.77072 0.54000
v 0.02072 0.77316 0.54000
v 0.01646 0.77316 0.54000
v 0.01202 0.77102 0.54000
v 0.00788 0.76715 0.54000
v 0.00437 0.76200 0.54000
v 0.00171 0.75599 0.54000
v 0.00000 0.74915 0.54000
v -0.00041 0.74385 0.54000
v -0.00016 0.74080 0.54000
v 0.00029 0.73900 0.54000
v 0.00077 0.73801 0.54000
v 0.00127 0.73744 0.54000
v 0.00193 0.73691 0.54000
v 0.00306 0.73612 0.54000
v 0.00500 0.73504 0.54000
v 0.00802 0.73404 0.54000
v 0.01198 0.73390 0.54000
v 0.01598 0.73562 0.54000
v 0.01773 0.74000 0.54000
v 0.01386 0.74380 0.54000
v 0.00733 0.74373 0.54000
v 0.00038 0.74028 0.54000
v -0.00567 0.73438 0.54000
v -0.01021 0.72702 0.54000
v -0.01313 0.71900 0.54000
v -0.01449 0.71082 0.54000
v -0.01442 0.70280 0.54000
v -0.01302 0.69518 0.54000
v -0.01031 0.68814 0.54000
v -0.00623 0.68186 0.54000
v -0.00000 0.67595 0.54000
v 0.00733 0.67164 0.54000
v 0.01378 0.67069 0.54000
v 0.01952 0.67280 0.54000
v 0.02408 0.67789 0.54000
v 0.02698 0.68566 0.54000
v 0.02781 0.69551 0.54000
v 0.02637 0.70648 0.54000
v 0.02284 0.71733 0.54000
v 0.01791 0.72669 0.54000
v 0.01290 0.73343 0.54000
v 0.00977 0.73732 0.54000
v 0.00000 0.63000 -0.56000
v 0.00000 0.74000 0.54000
vn 0.2574 0.3399 -0.9045
vn 0.1842 0.4811 -0.8571
vn 0.0859 0.5970 -0.7976
vn -0.0104 0.6388 -0.7693
vn -0.0646 0.5984 -0.7986
vn -0.0419 0.4738 -0.8796
vn 0.0457 0.3083 -0.9502
vn 0.1297 0.1877 -0.9736
vn 0.1771 0.1356 -0.9748
vn 0.2100 0.1227 -0.9700
vn 0.2602 0.1283 -0.9570
vn 0.3255 0.1581 -0.9322
vn 0.3928 0.2080 -0.8958
vn 0.3565 0.2548 -0.8989
vn 0.2426 0.2640 -0.9335
vn 0.1459 0.2493 -0.9574
vn 0.0656 0.2210 -0.9731
vn 0.0015 0.1860 -0.9826
vn -0.0492 0.1475 -0.9878
vn -0.0895 0.1066 -0.9903
vn -0.1213 0.0628 -0.9906
vn -0.1456 0.0156 -0.9892
vn -0.1620 -0.0354 -0.9862
vn -0.1694 -0.0894 -0.9815
vn -0.1627 -0.1291 -0.9782
vn -0.1486 -0.1620 -0.9755
vn -0.1331 -0.1883 -0.9730
vn -0.1169 -0.2032 -0.9721
vn -0.1053 -0.2068 -0.9727
vn -0.1018 -0.2012 -0.9742
vn -0.1075 -0.1907 -0.9757
vn -0.1209 -0.1806 -0.9761
vn -0.1379 -0.1757 -0.9747
vn -0.1536 -0.1787 -0.9718
vn -0.1634 -0.1902 -0.9681
vn -0.1622 -0.2105 -0.9641
vn -0.1550 -0.2307 -0.9606
vn -0.1156 -0.2423 -0.9633
vn -0.0515 -0.2424 -0.9688
vn 0.0102 -0.2311 -0.9729
vn 0.0686 -0.2115 -0.9750
vn 0.1220 -0.1853 -0.9751
vn 0.1692 -0.1535 -0.9736
vn 0.2098 -0.1154 -0.9709
vn 0.2441 -0.0678 -0.9674
vn 0.2719 -0.0048 -0.9623
vn 0.2908 0.0808 -0.9534
vn 0.2944 0.2019 -0.9341
vn 0.3902 0.2380 -0.8894
vn 0.2950 0.3077 -0.9046
vn 0.2225 0.3075 -0.9252
vn 0.1909 0.2496 -0.9493
vn 0.1987 0.1584 -0.9672
vn 0.2197 0.0824 -0.9721
vn 0.2218 0.0536 -0.9736
vn 0.1953 0.0637 -0.9787
vn 0.1502 0.0902 -0.9845
vn 0.1012 0.1176 -0.9879
vn 0.0627 0.1406 -0.9881
vn 0.0531 0.1614 -0.9855
vn 0.0999 0.1889 -0.9769
vn 0.1460 0.2245 -0.9635
vn 0.1331 0.2472 -0.9598
vn 0.0906 0.2496 -0.9641
vn 0.0360 0.2345 -0.9714
vn -0.0184 0.2074 -0.9781
vn -0.0670 0.1725 -0.9827
vn -0.1080 0.1318 -0.9854
vn -0.1412 0.0865 -0.9862
vn -0.1665 0.0375 -0.9853
vn -0.1829 -0.0137 -0.9830
vn -0.1884 -0.0640 -0.9800
vn -0.1824 -0.0986 -0.9783
vn -0.1695 -0.1206 -0.9781
vn -0.1542 -0.1343 -0.9789
vn -0.1398 -0.1423 -0.9799
vn -0.1270 -0.1470 -0.9810
vn -0.1154 -0.1511 -0.9818
vn -0.1048 -0.1563 -0.9821
vn -0.0949 -0.1631 -0.9820
vn -0.0856 -0.1717 -0.9814
vn -0.0763 -0.1823 -0.9803
vn -0.0665 -0.1950 -0.9785
vn -0.0565 -0.2108 -0.9759
vn -0.0556 -0.2303 -0.9715
vn -0.0391 -0.2493 -0.9676
vn 0.0110 -0.2557 -0.9667
vn 0.0751 -0.2492 -0.9655
vn 0.1514 -0.2313 -0.9610
vn 0.2376 -0.2052 -0.9494
vn 0.3299 -0.1757 -0.9275
vn 0.4198 -0.1488 -0.8953
vn 0.4927 -0.1245 -0.8613
vn 0.5328 -0.0841 -0.8420
vn 0.5307 -0.0012 -0.8476
vn 0.4801 0.1230 -0.8685
vn 0.3437 0.0020 -0.9391
vn 0.2860 0.0542 -0.9567
vn 0.2425 0.0798 -0.9669
vn 0.2300 0.0786 -0.9700
vn 0.2496 0.0489 -0.9671
vn 0.2790 0.0171 -0.9601
vn 0.2780 0.0181 -0.9604
vn 0.2330 0.0516 -0.9711
vn 0.1609 0.0959 -0.9823
vn 0.0809 0.1367 -0.9873
vn 0.0037 0.1714 -0.9852
vn -0.0561 0.2028 -0.9776
vn -0.0423 0.2342 -0.9713
vn 0.0332 0.2730 -0.9614
vn 0.0843 0.3008 -0.9500
vn 0.0720 0.2993 -0.9514
vn 0.0249 0.2774 -0.9604
vn -0.0294 0.2446 -0.9692
vn -0.0783 0.2060 -0.9754
vn -0.1186 0.1621 -0.9796
vn -0.1505 0.1126 -0.9822
vn -0.1745 0.0594 -0.9829
vn -0.1899 0.0062 -0.9818
vn -0.1957 -0.0423 -0.9797
vn -0.1915 -0.0741 -0.9787
vn -0.1833 -0.0939 -0.9786
vn -0.1756 -0.1077 -0.9786
vn -0.1671 -0.1155 -0.9791
vn -0.1549 -0.1221 -0.9804
vn -0.1367 -0.1329 -0.9817
vn -0.1139 -0.1485 -0.9823
vn -0.0911 -0.1651 -0.9821
vn -0.0722 -0.1783 -0.9813
vn -0.0557 -0.1861 -0.9809
vn -0.0362 -0.1900 -0.9811
vn -0.0128 -0.1922 -0.9813
vn 0.0005 -0.1954 -0.9807
vn 0.0106 -0.1999 -0.9798
vn 0.0350 -0.1963 -0.9799
vn 0.0754 -0.1787 -0.9810
vn 0.1313 -0.1458 -0.9806
vn 0.1976 -0.1000 -0.9752
vn 0.2676 -0.0473 -0.9624
vn 0.3312 -0.0018 -0.9435
vn 0.3755 0.0108 -0.9267
vn 0.3951 -0.0236 -0.9184
vn 0.3977 -0.0626 -0.9154
vn 0.3832 -0.0491 -0.9223
vn 0.2768 -0.0446 -0.9599
vn 0.2715 -0.0250 -0.9621
vn 0.2451 0.0432 -0.9685
vn 0.2311 0.1095 -0.9668
vn 0.2678 0.1253 -0.9553
vn 0.3672 0.0738 -0.9272
vn 0.4313 0.0350 -0.9015
vn 0.3837 0.0709 -0.9207
vn 0.2582 0.1436 -0.9554
vn 0.1076 0.2129 -0.9711
vn -0.0414 0.2665 -0.9629
vn -0.1601 0.3022 -0.9397
vn -0.1499 0.3254 -0.9336
vn -0.0133 0.3512 -0.9362
vn 0.1019 0.3645 -0.9256
vn 0.0987 0.3539 -0.9301
vn 0.0381 0.3247 -0.9451
vn -0.0317 0.2871 -0.9574
vn -0.0895 0.2492 -0.9643
vn -0.1333 0.2075 -0.9691
vn -0.1686 0.1534 -0.9737
vn -0.1982 0.0883 -0.9762
vn -0.2194 0.0230 -0.9754
vn -0.2286 -0.0344 -0.9729
vn -0.2263 -0.0782 -0.9709
vn -0.2246 -0.1163 -0.9675
vn -0.2314 -0.1457 -0.9619
vn -0.2398 -0.1455 -0.9599
vn -0.2314 -0.1343 -0.9636
vn -0.1968 -0.1427 -0.9700
vn -0.1484 -0.1717 -0.9739
vn -0.1060 -0.2040 -0.9732
vn -0.0869 -0.2217 -0.9712
vn -0.0869 -0.2172 -0.9722
vn -0.0728 -0.2026 -0.9766
vn -0.0311 -0.1917 -0.9810
vn 0.0068 -0.1882 -0.9821
vn 0.0241 -0.1938 -0.9807
vn 0.0353 -0.2001 -0.9791
vn 0.0589 -0.1924 -0.9796
vn 0.1060 -0.1609 -0.9813
vn 0.1668 -0.1079 -0.9801
vn 0.2245 -0.0446 -0.9734
vn 0.2622 0.0098 -0.9650
vn 0.2682 0.0303 -0.9629
vn 0.2517 0.0118 -0.9677
vn 0.2429 -0.0115 -0.9700
vn 0.2563 -0.0223 -0.9664
vn 0.2933 0.0032 -0.9560
vn 0.3187 -0.0293 -0.9474
vn 0.2936 0.0628 -0.9539
vn 0.2443 0.2050 -0.9478
vn 0.2492 0.2805 -0.9269
vn 0.3974 0.2016 -0.8952
vn 0.5547 0.0696 -0.8291
vn 0.5424 0.0802 -0.8363
vn 0.3899 0.1896 -0.9011
vn 0.1632 0.3047 -0.9384
vn -0.0611 0.3720 -0.9262
vn -0.1919 0.3761 -0.9065
vn -0.1436 0.3511 -0.9253
vn -0.0019 0.3430 -0.9393
vn 0.0998 0.3683 -0.9244
vn 0.1018 0.3915 -0.9145
vn 0.0359 0.3827 -0.9232
vn -0.0535 0.3455 -0.9369
vn -0.1261 0.3078 -0.9431
vn -0.1735 0.2739 -0.9460
vn -0.2144 0.2155 -0.9527
vn -0.2601 0.1266 -0.9572
vn -0.3004 0.0367 -0.9531
vn -0.3145 -0.0313 -0.9487
vn -0.2933 -0.0918 -0.9516
vn -0.2725 -0.1607 -0.9486
vn -0.2760 -0.2124 -0.9374
vn -0.3076 -0.1833 -0.9337
vn -0.3216 -0.1238 -0.9388
vn -0.2736 -0.1283 -0.9532
vn -0.1878 -0.1863 -0.9644
vn -0.1106 -0.2499 -0.9619
vn -0.0935 -0.2812 -0.9551
vn -0.1431 -0.2638 -0.9539
vn -0.1539 -0.2335 -0.9601
vn -0.0766 -0.2217 -0.9721
vn 0.0102 -0.2180 -0.9759
vn 0.0592 -0.2246 -0.9726
vn 0.0758 -0.2427 -0.9671
vn 0.0893 -0.2573 -0.9622
vn 0.1372 -0.2453 -0.9597
vn 0.2152 -0.1912 -0.9577
vn 0.2868 -0.1075 -0.9519
vn 0.3165 -0.0357 -0.9479
vn 0.2962 -0.0134 -0.9550
vn 0.2559 -0.0250 -0.9664
vn 0.2400 -0.0087 -0.9707
vn 0.2565 0.0340 -0.9660
vn 0.4289 0.0895 -0.8989
vn 0.4809 -0.0144 -0.8766
vn 0.4479 0.0779 -0.8907
vn 0.3255 0.2851 -0.9015
vn 0.2550 0.3668 -0.8947
vn 0.3570 0.2597 -0.8973
vn 0.5243 0.0960 -0.8461
vn 0.5596 0.0909 -0.8237
vn 0.4443 0.2250 -0.8671
vn 0.2010 0.3972 -0.8955
vn -0.0689 0.4995 -0.8636
vn -0.1920 0.4961 -0.8468
vn -0.1160 0.4439 -0.8886
vn -0.0078 0.4240 -0.9056
vn 0.0524 0.4816 -0.8748
vn 0.0756 0.5694 -0.8186
vn 0.0249 0.6006 -0.7992
vn -0.1026 0.5446 -0.8324
vn -0.2175 0.4739 -0.8533
vn -0.2764 0.4342 -0.8574
vn -0.3279 0.3527 -0.8764
vn -0.4124 0.1928 -0.8904
vn -0.5071 0.0380 -0.8611
vn -0.5433 -0.0214 -0.8393
vn -0.4492 -0.0805 -0.8898
vn -0.3454 -0.1764 -0.9217
vn -0.2957 -0.2349 -0.9260
vn -0.3146 -0.1885 -0.9303
vn -0.3615 -0.1060 -0.9263
vn -0.3426 -0.1135 -0.9326
vn -0.2370 -0.2107 -0.9484
vn -0.1114 -0.3166 -0.9420
vn -0.0754 -0.3704 -0.9258
vn -0.1880 -0.3566 -0.9151
vn -0.2722 -0.3314 -0.9033
vn -0.1604 -0.3465 -0.9242
vn 0.0128 -0.3445 -0.9387
vn 0.1141 -0.3316 -0.9365
vn 0.1408 -0.3297 -0.9335
vn 0.1642 -0.3328 -0.9286
vn 0.2395 -0.3318 -0.9124
vn 0.3646 -0.3014 -0.8810
vn 0.4818 -0.2228 -0.8475
vn 0.5189 -0.1376 -0.8437
vn 0.4722 -0.1191 -0.8734
vn 0.4005 -0.1372 -0.9059
vn 0.3743 -0.0628 -0.9252
vn 0.3884 0.0875 -0.9173
vn 0.7117 0.2048 -0.6720
vn 0.7514 0.0061 -0.6599
vn 0.7116 0.0321 -0.7018
vn 0.5099 0.2786 -0.8139
vn 0.3404 0.3732 -0.8630
vn 0.3691 0.2950 -0.8813
vn 0.5226 0.1562 -0.8381
vn 0.5948 0.1522 -0.7894
vn 0.5049 0.3272 -0.7988
vn 0.2187 0.5887 -0.7782
vn -0.1221 0.7359 -0.6660
vn -0.2190 0.7390 -0.6371
vn -0.0930 0.6720 -0.7347
vn -0.0409 0.6272 -0.7778
vn -0.0696 0.6942 -0.7164
vn 0.0002 0.8157 -0.5784
vn 0.0301 0.8448 -0.5343
vn -0.1257 0.7632 -0.6338
vn -0.3144 0.6481 -0.6937
vn -0.3981 0.6167 -0.6791
vn -0.4670 0.5371 -0.7025
vn -0.6175 0.2609 -0.7421
vn -0.7657 -0.0217 -0.6428
vn -0.8457 -0.0001 -0.5336
vn -0.6971 0.0302 -0.7163
vn -0.4692 -0.1174 -0.8753
vn -0.3418 -0.2127 -0.9154
vn -0.3232 -0.1992 -0.9251
vn -0.3813 -0.1402 -0.9138
vn -0.4155 -0.1484 -0.8974
vn -0.3221 -0.2777 -0.9050
vn -0.1363 -0.4308 -0.8921
vn -0.0451 -0.5064 -0.8611
vn -0.1791 -0.5143 -0.8387
vn -0.3701 -0.5189 -0.7705
vn -0.2815 -0.6059 -0.7441
vn -0.0071 -0.6275 -0.7786
vn 0.1485 -0.5539 -0.8192
vn 0.1704 -0.4846 -0.8580
vn 0.2192 -0.4250 -0.8783
vn 0.3422 -0.3590 -0.8683
vn 0.4937 -0.2987 -0.8167
vn 0.6087 -0.2493 -0.7532
vn 0.6477 -0.2052 -0.7337
vn 0.6486 -0.1997 -0.7345
vn 0.6680 -0.2642 -0.6957
vn 0.7318 -0.1878 -0.6552
vn 0.7386 0.1418 -0.6591
vn 0.9246 0.2164 -0.3134
vn 0.9129 0.0036 -0.4081
vn 0.8845 -0.0816 -0.4594
vn 0.7372 0.1484 -0.6592
vn 0.5070 0.3536 -0.7861
vn 0.4524 0.3762 -0.8086
vn 0.5833 0.2710 -0.7657
vn 0.6605 0.2625 -0.7035
vn 0.5463 0.4797 -0.6866
vn 0.1695 0.7877 -0.5923
vn -0.2029 0.8909 -0.4062
vn -0.2111 0.9035 -0.3730
vn -0.0016 0.8488 -0.5288
vn -0.0379 0.7563 -0.6531
vn -0.1843 0.7401 -0.6468
vn -0.0715 0.8249 -0.5607
vn 0.0550 0.8526 -0.5197
vn -0.1009 0.7870 -0.6087
vn -0.3695 0.6607 -0.6534
vn -0.4955 0.6599 -0.5648
vn -0.5602 0.6583 -0.5029
vn -0.7566 0.3159 -0.5725
vn -0.8472 -0.0980 -0.5221
vn -0.8974 -0.0102 -0.4411
vn -0.8135 0.2037 -0.5448
vn -0.6282 0.0272 -0.7775
vn -0.4581 -0.1803 -0.8704
vn -0.3960 -0.2454 -0.8849
vn -0.4324 -0.2379 -0.8697
vn -0.4972 -0.2597 -0.8279
vn -0.4476 -0.4100 -0.7947
vn -0.2121 -0.5997 -0.7716
vn -0.0394 -0.6588 -0.7513
vn -0.1095 -0.6576 -0.7454
vn -0.3312 -0.6809 -0.6532
vn -0.3193 -0.7806 -0.5373
vn -0.0632 -0.8281 -0.5570
vn 0.1083 -0.7524 -0.6497
vn 0.1552 -0.6730 -0.7232
vn 0.2576 -0.5908 -0.7646
vn 0.4321 -0.4488 -0.7822
vn 0.5744 -0.2968 -0.7629
vn 0.6184 -0.2395 -0.7485
vn 0.5995 -0.2145 -0.7711
vn 0.6316 -0.1356 -0.7634
vn 0.7761 -0.0956 -0.6233
vn 0.9603 -0.1120 -0.2556
vn 0.9873 0.1089 -0.1161
vn 0.9717 0.0953 -0.2160
vn 0.9421 -0.0368 -0.3334
vn 0.9237 -0.1520 -0.3517
vn 0.8943 0.0195 -0.4470
vn 0.7460 0.3727 -0.5519
vn 0.6300 0.5317 -0.5661
vn 0.7253 0.4106 -0.5525
vn 0.7557 0.3667 -0.5425
vn 0.5652 0.5978 -0.5684
vn 0.1017 0.8538 -0.5106
vn -0.2495 0.8848 -0.3936
vn -0.1801 0.9060 -0.3831
vn 0.1284 0.8688 -0.4782
vn 0.0455 0.7805 -0.6236
vn -0.1971 0.7007 -0.6857
vn -0.1117 0.7507 -0.6511
vn 0.0443 0.8216 -0.5683
vn -0.1208 0.8062 -0.5792
vn -0.4925 0.6591 -0.5684
vn -0.6687 0.6337 -0.3889
vn -0.6682 0.7189 -0.1916
vn -0.8623 0.4367 -0.2563
vn -0.8942 -0.0590 -0.4437
vn -0.8219 -0.0125 -0.5695
vn -0.7783 0.2576 -0.5727
vn -0.7615 0.1511 -0.6303
vn -0.6899 -0.1930 -0.6977
vn -0.6202 -0.3717 -0.6908
vn -0.6012 -0.4019 -0.6907
vn -0.6080 -0.4602 -0.6470
vn -0.5712 -0.6492 -0.5023
vn -0.3716 -0.8299 -0.4162
vn -0.1416 -0.8310 -0.5380
vn -0.1009 -0.7535 -0.6497
vn -0.2232 -0.7343 -0.6411
vn -0.2565 -0.7946 -0.5502
vn -0.0850 -0.8573 -0.5078
vn 0.0770 -0.8588 -0.5064
vn 0.1697 -0.8542 -0.4915
vn 0.3227 -0.8131 -0.4845
vn 0.5378 -0.6568 -0.5286
vn 0.6814 -0.4209 -0.5987
vn 0.6738 -0.3251 -0.6636
vn 0.6075 -0.3053 -0.7333
vn 0.6545 -0.1035 -0.7490
vn 0.7857 0.1554 -0.5987
vn 0.9476 0.1887 -0.2579
vn 0.9974 0.0661 -0.0297
vn 0.9292 -0.0012 -0.3696
vn 0.9263 -0.0690 -0.3703
vn 0.9217 -0.1402 -0.3618
vn 0.9493 0.0404 -0.3119
vn 0.8694 0.4543 -0.1944
vn 0.7680 0.6251 -0.1393
vn 0.8699 0.4460 -0.2108
vn 0.8753 0.3897 -0.2864
vn 0.6594 0.6424 -0.3906
vn 0.1544 0.8542 -0.4965
vn -0.2046 0.8169 -0.5393
vn -0.1590 0.7953 -0.5850
vn 0.1682 0.8004 -0.5754
vn 0.1259 0.7836 -0.6083
vn -0.1877 0.7266 -0.6609
vn -0.1859 0.7610 -0.6216
vn -0.0495 0.8735 -0.4843
vn -0.2444 0.8972 -0.3678
vn -0.6973 0.6720 -0.2493
vn -0.8383 0.5401 -0.0746
vn -0.7460 0.6555 0.1175
vn -0.8289 0.5350 0.1636
vn -0.9727 0.1756 -0.1519
vn -0.8439 0.0806 -0.5304
vn -0.7912 0.2316 -0.5660
vn -0.8738 0.1350 -0.4671
vn -0.8999 -0.3284 -0.2869
vn -0.8518 -0.5150 -0.0962
vn -0.8492 -0.4873 -0.2033
vn -0.7089 -0.6262 -0.3245
vn -0.5058 -0.8513 -0.1392
vn -0.4475 -0.8911 0.0749
vn -0.4088 -0.9016 -0.1412
vn -0.2593 -0.8383 -0.4796
vn -0.2069 -0.7818 -0.5882
vn -0.1896 -0.8174 -0.5440
vn -0.0408 -0.8914 -0.4513
vn 0.1279 -0.9275 -0.3512
vn 0.2429 -0.9343 -0.2610
vn 0.3741 -0.9031 -0.2108
vn 0.5641 -0.7919 -0.2338
vn 0.7538 -0.5848 -0.2996
vn 0.8166 -0.4756 -0.3271
vn 0.7926 -0.5158 -0.3251
vn 0.9082 -0.1829 -0.3766
vn 0.9039 0.2992 -0.3056
vn 0.9148 0.3460 -0.2084
vn 0.9660 0.0371 -0.2557
vn 0.8961 -0.0162 -0.4436
vn 0.9296 -0.0524 -0.3649
vn 0.9245 -0.1059 -0.3661
vn 0.9320 0.1863 -0.3109
vn 0.8104 0.5731 -0.1219
vn 0.7861 0.6156 -0.0558
vn 0.9072 0.4124 -0.0829
vn 0.9230 0.3825 -0.0430
vn 0.7900 0.6109 -0.0518
vn 0.4034 0.8654 -0.2971
vn -0.0452 0.8285 -0.5581
vn -0.1309 0.7412 -0.6584
vn 0.0998 0.7647 -0.6367
vn 0.1044 0.8248 -0.5556
vn -0.2507 0.8285 -0.5007
vn -0.3376 0.8516 -0.4011
vn -0.2428 0.9479 -0.2065
vn -0.4301 0.9024 0.0267
vn -0.7725 0.6162 0.1535
vn -0.8627 0.4874 0.1348
vn -0.8071 0.5697 0.1547
vn -0.8050 0.5144 0.2957
vn -0.8735 0.4044 0.2711
vn -0.9565 0.2854 -0.0608
vn -0.9466 0.2429 -0.2119
vn -0.9876 0.0424 -0.1508
vn -0.8791 -0.4766 -0.0023
vn -0.8271 -0.5438 0.1424
vn -0.9365 -0.3486 0.0375
vn -0.7787 -0.5996 -0.1848
vn -0.3666 -0.9195 -0.1419
vn -0.3805 -0.9236 0.0471
vn -0.6108 -0.7912 0.0309
vn -0.5113 -0.8329 -0.2117
vn -0.2815 -0.8881 -0.3633
vn -0.1281 -0.9466 -0.2958
vn 0.0435 -0.9902 -0.1329
vn 0.1828 -0.9819 -0.0502
vn 0.2613 -0.9611 -0.0891
vn 0.3783 -0.9138 -0.1481
vn 0.5638 -0.8117 -0.1527
vn 0.8020 -0.5902 -0.0918
vn 0.9138 -0.3964 0.0884
vn 0.8321 -0.4141 0.3689
vn 0.8611 -0.1934 0.4702
vn 0.9153 0.2621 0.3058
vn 0.9657 0.2413 0.0957
vn 0.9450 -0.1277 -0.3012
vn 0.9762 -0.0217 -0.2159
vn 0.9888 -0.0017 -0.1490
vn 0.9825 -0.1154 -0.1462
vn 0.9456 0.2947 -0.1378
vn 0.7787 0.6169 -0.1148
vn 0.7920 0.5766 -0.2009
vn 0.8583 0.4714 -0.2026
vn 0.8660 0.4999 -0.0138
vn 0.8042 0.5764 0.1450
vn 0.6648 0.7458 0.0424
vn 0.2446 0.9303 -0.2733
vn -0.0582 0.8793 -0.4726
vn 0.0347 0.8523 -0.5219
vn -0.0140 0.8854 -0.4646
vn -0.3726 0.8578 -0.3540
vn -0.4849 0.8411 -0.2395
vn -0.4577 0.8878 -0.0483
vn -0.5958 0.7717 0.2227
vn -0.7425 0.5674 0.3561
vn -0.7747 0.5688 0.2764
vn -0.8189 0.5587 0.1313
vn -0.8984 0.3895 0.2028
vn -0.8385 0.3952 0.3753
vn -0.8430 0.3618 0.3980
vn -0.9018 0.2683 0.3388
vn -0.9727 0.0753 0.2193
vn -0.8960 -0.4436 -0.0201
vn -0.8187 -0.5522 -0.1575
vn -0.9529 -0.2561 -0.1627
vn -0.8453 -0.4701 -0.2539
vn -0.3418 -0.8697 -0.3560
vn -0.2538 -0.9021 -0.3491
vn -0.5819 -0.7776 -0.2381
vn -0.5928 -0.7940 -0.1350
vn -0.3063 -0.9458 -0.1078
vn -0.0125 -0.9999 0.0118
vn 0.1211 -0.9768 0.1768
vn 0.1405 -0.9735 0.1804
vn 0.1725 -0.9841 0.0429
vn 0.3625 -0.9316 -0.0288
vn 0.6094 -0.7927 0.0136
vn 0.8627 -0.5009 0.0690
vn 0.9692 -0.1932 0.1527
vn 0.9186 -0.1592 0.3618
vn 0.8450 -0.1009 0.5251
vn 0.8742 0.1481 0.4624
vn 0.9462 -0.1209 0.3001
vn 0.9011 -0.4288 -0.0647
vn 0.9849 -0.0486 0.1661
vn 0.9813 0.1010 0.1640
vn 0.9473 -0.0622 0.3143
vn 0.8574 0.2585 0.4450
vn 0.8267 0.4250 0.3687
vn 0.9138 0.3942 0.0978
vn 0.8584 0.5017 -0.1070
vn 0.7439 0.6605 -0.1018
vn 0.7618 0.6478 -0.0029
vn 0.7364 0.6755 0.0381
vn 0.4127 0.9102 0.0350
vn 0.0696 0.9973 -0.0239
vn 0.1031 0.9768 -0.1877
vn -0.0340 0.9353 -0.3522
vn -0.3915 0.8195 -0.4185
vn -0.5305 0.7396 -0.4142
vn -0.6506 0.7041 -0.2845
vn -0.8319 0.5546 0.0206
vn -0.8228 0.4977 0.2744
vn -0.6696 0.6774 0.3046
vn -0.7261 0.6706 0.1520
vn -0.9402 0.3405 -0.0065
vn -0.9640 0.2650 0.0196
vn -0.9229 0.3212 0.2125
vn -0.8915 0.2945 0.3442
vn -0.9215 0.2197 0.3202
vn -0.9793 -0.1739 0.1040
vn -0.8519 -0.4981 -0.1617
vn -0.9328 -0.3472 -0.0970
vn -0.9165 -0.3994 0.0247
vn -0.5560 -0.8155 -0.1605
vn -0.2647 -0.8907 -0.3695
vn -0.3924 -0.8484 -0.3553
vn -0.4823 -0.8600 -0.1668
vn -0.2701 -0.9596 -0.0788
vn 0.0730 -0.9947 -0.0719
vn 0.1804 -0.9836 -0.0020
vn 0.0812 -0.9965 0.0220
vn 0.1274 -0.9918 -0.0067
vn 0.4376 -0.8954 0.0822
vn 0.6621 -0.7189 0.2119
vn 0.8460 -0.4966 0.1939
vn 0.9837 -0.1725 0.0510
vn 0.9984 -0.0546 -0.0129
vn 0.9991 -0.0412 -0.0020
vn 0.9925 0.1225 -0.0062
vn 0.9645 -0.2593 0.0510
vn 0.8313 -0.5335 0.1558
vn 0.9888 -0.1227 0.0852
vn 0.9605 0.2756 0.0394
vn 0.8959 0.2862 0.3399
vn 0.7440 0.3611 0.5622
vn 0.8058 0.1897 0.5610
vn 0.9081 0.0464 0.4162
vn 0.9240 0.2473 0.2915
vn 0.8011 0.5809 0.1443
vn 0.7543 0.6558 0.0300
vn 0.7124 0.7016 0.0132
vn 0.3734 0.9257 0.0603
vn 0.1164 0.9899 0.0814
vn 0.2453 0.9693 -0.0137
vn 0.1226 0.9760 -0.1803
vn -0.3044 0.8937 -0.3297
vn -0.5302 0.7490 -0.3974
vn -0.7352 0.5594 -0.3828
vn -0.8981 0.3247 -0.2965
vn -0.9004 0.3562 -0.2497
vn -0.6875 0.6923 -0.2193
vn -0.6253 0.7610 -0.1729
vn -0.8443 0.4821 -0.2340
vn -0.9302 0.2018 -0.3068
vn -0.9579 0.1709 -0.2307
vn -0.9777 0.1942 -0.0798
vn -0.9736 0.1787 0.1420
vn -0.9449 -0.0153 0.3271
vn -0.8830 -0.3818 0.2731
vn -0.8392 -0.4857 0.2448
vn -0.8356 -0.4175 0.3569
vn -0.7291 -0.5872 0.3517
vn -0.4925 -0.8593 0.1378
vn -0.3552 -0.9347 -0.0109
vn -0.3696 -0.9289 0.0215
vn -0.3043 -0.9519 0.0358
vn 0.0155 -0.9979 -0.0635
vn 0.1946 -0.9735 -0.1200
vn 0.0830 -0.9904 -0.1107
vn 0.1804 -0.9772 -0.1117
vn 0.5911 -0.8051 -0.0496
vn 0.7615 -0.6440 0.0738
vn 0.8204 -0.5549 0.1377
vn 0.9535 -0.2812 0.1088
vn 0.9888 -0.1280 0.0768
vn 0.9898 -0.1411 0.0211
vn 0.9908 0.1035 -0.0870
vn 0.9978 0.0393 -0.0533
vn 0.8956 -0.4252 0.1309
vn 0.9548 -0.2953 -0.0327
vn 0.9329 0.3499 -0.0852
vn 0.7532 0.6578 -0.0092
vn 0.7461 0.6657 0.0138
vn 0.9372 0.3379 0.0867
vn 0.9656 0.0208 0.2591
vn 0.9287 0.0801 0.3620
vn 0.8722 0.3393 0.3522
vn 0.8008 0.5385 0.2622
vn 0.7070 0.6679 0.2327
vn 0.4040 0.8893 0.2144
vn 0.2069 0.9745 0.0865
vn 0.3145 0.9486 -0.0346
vn 0.1845 0.9823 -0.0320
vn -0.2711 0.9625 0.0066
vn -0.5237 0.8519 -0.0083
vn -0.7438 0.6608 -0.1003
vn -0.8700 0.4299 -0.2413
vn -0.7960 0.4415 -0.4141
vn -0.6417 0.5853 -0.4956
vn -0.6907 0.5989 -0.4053
vn -0.8647 0.4399 -0.2424
vn -0.9637 0.1996 -0.1771
vn -0.9645 0.1607 -0.2094
vn -0.9316 0.1202 -0.3431
vn -0.9425 -0.1033 -0.3178
vn -0.9613 -0.2752 0.0165
vn -0.9212 -0.3298 0.2063
vn -0.8694 -0.4701 0.1520
vn -0.8287 -0.5406 0.1451
vn -0.7687 -0.5847 0.2590
vn -0.6361 -0.7141 0.2923
vn -0.4684 -0.8642 0.1837
vn -0.3659 -0.9263 0.0898
vn -0.3379 -0.9360 0.0987
vn -0.0810 -0.9927 0.0892
vn 0.1928 -0.9799 0.0515
vn 0.1201 -0.9873 0.1041
vn 0.1529 -0.9778 0.1431
vn 0.5771 -0.8139 0.0671
vn 0.7821 -0.6224 -0.0315
vn 0.8644 -0.4992 -0.0607
vn 0.9839 -0.1789 0.0035
vn 0.9938 -0.0500 0.0990
vn 0.9637 -0.2204 0.1510
vn 0.9971 -0.0118 0.0746
vn 0.9909 0.1328 0.0205
vn 0.9008 -0.4319 0.0451
vn 0.9567 -0.2849 0.0592
vn 0.9277 0.3548 0.1163
vn 0.8631 0.5050 0.0012
vn 0.8745 0.3867 -0.2928
vn 0.7628 0.5077 -0.4004
vn 0.8039 0.5581 -0.2057
vn 0.9506 0.2969 0.0902
vn 0.9520 0.2594 0.1625
vn 0.8810 0.4560 0.1261
vn 0.7354 0.6677 0.1151
vn 0.4892 0.8611 0.1386
vn 0.3564 0.9300 0.0902
vn 0.3249 0.9434 0.0674
vn 0.0561 0.9699 0.2371
vn -0.3278 0.8428 0.4269
vn -0.4056 0.8003 0.4416
vn -0.5537 0.7789 0.2946
vn -0.7502 0.6575 0.0703
vn -0.7518 0.6553 -0.0727
vn -0.7329 0.6725 -0.1028
vn -0.8726 0.4835 -0.0696
vn -0.9617 0.2737 -0.0178
vn -0.9782 0.2066 -0.0208
vn -0.9448 0.3036 -0.1231
vn -0.9342 0.2550 -0.2497
vn -0.9356 -0.1305 -0.3282
vn -0.8114 -0.4990 -0.3044
vn -0.8801 -0.4338 -0.1929
vn -0.9009 -0.4236 -0.0946
vn -0.8010 -0.5951 -0.0657
vn -0.6891 -0.7244 -0.0184
vn -0.6730 -0.7397 0.0004
vn -0.6115 -0.7843 -0.1044
vn -0.3981 -0.8920 -0.2143
vn -0.2379 -0.9595 -0.1507
vn -0.0635 -0.9979 -0.0161
vn 0.2033 -0.9791 -0.0034
vn 0.2493 -0.9669 0.0538
vn 0.1893 -0.9575 0.2177
vn 0.4311 -0.8711 0.2353
vn 0.6474 -0.7595 0.0630
vn 0.8199 -0.5591 -0.1234
vn 0.9699 -0.1514 -0.1905
vn 0.9730 -0.0275 -0.2294
vn 0.9230 -0.2346 -0.3049
vn 0.9616 -0.0349 -0.2722
vn 0.9739 0.1551 -0.1657
vn 0.9242 -0.3794 -0.0441
vn 0.9750 -0.2066 -0.0817
vn 0.9456 0.2776 -0.1694
vn 0.9385 0.2140 -0.2710
vn 0.9579 0.0871 -0.2736
vn 0.8159 0.4703 -0.3364
vn 0.5645 0.7148 -0.4127
vn 0.7358 0.5495 -0.3958
vn 0.9250 0.3302 -0.1882
vn 0.9037 0.4250 -0.0512
vn 0.7315 0.6818 -0.0115
vn 0.4370 0.8976 0.0588
vn 0.3517 0.9251 0.1429
vn 0.2367 0.9572 0.1664
vn -0.2276 0.9162 0.3297
vn -0.4724 0.7164 0.5133
vn -0.2613 0.7904 0.5541
vn -0.2244 0.8962 0.3827
vn -0.5542 0.8229 0.1255
vn -0.7590 0.6503 0.0318
vn -0.7784 0.6136 0.1327
vn -0.8446 0.5145 0.1482
vn -0.9333 0.3591 0.0104
vn -0.9244 0.3603 -0.1250
vn -0.8707 0.4124 -0.2679
vn -0.9153 0.2399 -0.3236
vn -0.9656 -0.1221 -0.2297
vn -0.8340 -0.4871 -0.2593
vn -0.8000 -0.5292 -0.2826
vn -0.8145 -0.5544 -0.1708
vn -0.7575 -0.6504 -0.0560
vn -0.7051 -0.7074 -0.0496
vn -0.7522 -0.6438 -0.1409
vn -0.7166 -0.6557 -0.2375
vn -0.4267 -0.8602 -0.2793
vn -0.0830 -0.9783 -0.1896
vn 0.0214 -0.9986 -0.0478
vn 0.1502 -0.9857 -0.0766
vn 0.3319 -0.9298 -0.1589
vn 0.3904 -0.9195 -0.0453
vn 0.4189 -0.9040 0.0855
vn 0.4479 -0.8937 0.0266
vn 0.6603 -0.7378 -0.1402
vn 0.9226 -0.2942 -0.2495
vn 0.9370 -0.1508 -0.3151
vn 0.8864 -0.2705 -0.3757
vn 0.9493 0.0747 -0.3054
vn 0.9285 0.3292 -0.1716
vn 0.9873 -0.1323 -0.0881
vn 0.8782 -0.4087 -0.2484
vn 0.8632 -0.0021 -0.5049
vn 0.7771 0.3010 -0.5528
vn 0.8596 0.3932 -0.3262
vn 0.9192 0.3651 -0.1479
vn 0.8121 0.4530 -0.3677
vn 0.6249 0.5786 -0.5241
vn 0.6482 0.6546 -0.3891
vn 0.7569 0.6457 -0.1009
vn 0.6238 0.7767 0.0869
vn 0.2492 0.9293 0.2728
vn 0.2770 0.8668 0.4146
vn 0.2591 0.8873 0.3815
vn -0.3218 0.9038 0.2822
vn -0.6486 0.7300 0.2156
vn -0.2238 0.9471 0.2301
vn 0.0322 0.9881 0.1502
vn -0.3245 0.9453 0.0345
vn -0.7697 0.6365 -0.0481
vn -0.8366 0.5475 -0.0179
vn -0.7783 0.6241 -0.0691
vn -0.8447 0.4893 -0.2170
vn -0.8887 0.3995 -0.2250
vn -0.8594 0.4789 -0.1789
vn -0.9299 0.2426 -0.2765
vn -0.9276 -0.1652 -0.3351
vn -0.8362 -0.4231 -0.3488
vn -0.7647 -0.5577 -0.3227
vn -0.7254 -0.6336 -0.2690
vn -0.7066 -0.6637 -0.2454
vn -0.7213 -0.6484 -0.2435
vn -0.7728 -0.5935 -0.2249
vn -0.7101 -0.6885 -0.1471
vn -0.3684 -0.9293 -0.0262
vn 0.0169 -0.9989 0.0426
vn 0.0749 -0.9946 0.0725
vn 0.0737 -0.9950 0.0679
vn 0.2824 -0.9593 0.0027
vn 0.4968 -0.8678 -0.0113
vn 0.4828 -0.8749 0.0389
vn 0.3495 -0.9358 0.0466
vn 0.5161 -0.8557 -0.0367
vn 0.9028 -0.4037 -0.1480
vn 0.9714 -0.1718 -0.1637
vn 0.9630 -0.2426 -0.1173
vn 0.9871 0.1408 -0.0764
vn 0.9179 0.3902 -0.0724
vn 0.9794 -0.1612 -0.1219
vn 0.8517 -0.4955 -0.1704
vn 0.9515 -0.1933 -0.2393
vn 0.8139 0.4344 -0.3858
vn 0.6379 0.6973 -0.3269
vn 0.8930 0.4206 -0.1598
vn 0.9731 0.2129 -0.0878
vn 0.7723 0.6131 -0.1663
vn 0.4786 0.8543 -0.2028
vn 0.5673 0.7977 -0.2045
vn 0.4510 0.8789 -0.1551
vn -0.0180 0.9997 0.0177
vn 0.1130 0.9559 0.2710
vn 0.3012 0.8452 0.4415
vn -0.1140 0.8745 0.4713
vn -0.5255 0.8102 0.2598
vn -0.1734 0.9824 0.0688
vn 0.0538 0.9984 0.0201
vn -0.2772 0.9598 0.0447
vn -0.7701 0.6338 0.0725
vn -0.8312 0.5486 0.0902
vn -0.6830 0.7294 0.0381
vn -0.7931 0.6038 -0.0799
vn -0.9344 0.3313 -0.1305
vn -0.9060 0.4229 -0.0188
vn -0.9395 0.3363 0.0655
vn -0.9953 -0.0609 -0.0750
vn -0.8842 -0.3960 -0.2479
vn -0.7512 -0.5942 -0.2872
vn -0.7048 -0.6544 -0.2739
vn -0.7036 -0.6628 -0.2561
vn -0.6983 -0.6818 -0.2182
vn -0.7103 -0.6902 -0.1382
vn -0.5880 -0.8088 -0.0105
vn -0.2688 -0.9570 0.1089
vn -0.0055 -0.9940 0.1094
vn 0.0616 -0.9970 0.0467
vn 0.0984 -0.9921 0.0781
vn 0.2584 -0.9556 0.1418
vn 0.4752 -0.8747 0.0954
vn 0.5065 -0.8616 0.0339
vn 0.3627 -0.9291 0.0714
vn 0.4406 -0.8880 0.1314
vn 0.8664 -0.4884 0.1040
vn 0.9846 -0.1650 0.0579
vn 0.9717 -0.2317 0.0470
vn 0.9961 0.0643 -0.0610
vn 0.9331 0.3129 -0.1776
vn 0.9446 -0.2241 -0.2396
vn 0.9357 -0.3527 -0.0066
vn 0.9595 -0.2323 0.1590
vn 0.9860 0.1663 -0.0106
vn 0.6898 0.6435 -0.3319
vn 0.6918 0.6302 -0.3525
vn 0.8988 0.4292 -0.0897
vn 0.7927 0.6031 0.0885
vn 0.6234 0.7816 0.0227
vn 0.6532 0.7529 -0.0811
vn 0.4184 0.9030 -0.0976
vn -0.1442 0.9859 -0.0845
vn -0.1720 0.9849 -0.0205
vn 0.0844 0.9698 0.2289
vn -0.1039 0.9038 0.4151
vn -0.2825 0.9023 0.3255
vn 0.0155 0.9919 0.1259
vn 0.0764 0.9953 0.0590
vn -0.2834 0.9540 0.0974
vn -0.7699 0.6249 0.1296
vn -0.8446 0.5147 0.1472
vn -0.6722 0.7071 0.2195
vn -0.6949 0.6630 0.2787
vn -0.8757 0.4658 0.1272
vn -0.9199 0.3668 -0.1387
vn -0.9673 0.2510 -0.0354
vn -0.9877 0.0316 0.1530
vn -0.9747 -0.2215 0.0316
vn -0.8325 -0.5004 -0.2377
vn -0.6844 -0.6370 -0.3547
vn -0.6369 -0.7148 -0.2888
vn -0.6237 -0.7686 -0.1426
vn -0.6406 -0.7678 -0.0130
vn -0.5272 -0.8479 0.0561
vn -0.2626 -0.9635 0.0530
vn -0.0674 -0.9977 -0.0077
vn 0.0379 -0.9962 -0.0787
vn 0.1812 -0.9819 -0.0544
vn 0.3104 -0.9486 0.0623
vn 0.3905 -0.9164 0.0883
vn 0.4555 -0.8900 0.0187
vn 0.4472 -0.8943 0.0158
vn 0.5247 -0.8469 0.0868
vn 0.8723 -0.4766 0.1096
vn 0.9812 -0.1721 0.0877
vn 0.9422 -0.3274 0.0719
vn 0.9896 -0.1379 -0.0405
vn 0.9705 0.1885 -0.1501
vn 0.9741 -0.1569 -0.1625
vn 0.9784 -0.1963 0.0650
vn 0.9691 -0.1280 0.2110
vn 0.9498 -0.1249 0.2868
vn 0.9117 0.3983 0.1012
vn 0.6603 0.7453 -0.0923
vn 0.7176 0.6949 -0.0470
vn 0.7333 0.6780 0.0506
vn 0.6258 0.7677 0.1380
vn 0.5911 0.7570 0.2783
vn 0.4237 0.8506 0.3113
vn -0.0476 0.9932 0.1066
vn -0.2538 0.9665 -0.0391
vn -0.0843 0.9954 0.0453
vn -0.0724 0.9973 0.0113
vn -0.0408 0.9741 -0.2225
vn 0.0949 0.9475 -0.3052
vn 0.0120 0.9738 -0.2271
vn -0.3459 0.9326 -0.1033
vn -0.7501 0.6569 -0.0766
vn -0.8623 0.4830 -0.1519
vn -0.8457 0.5302 -0.0617
vn -0.7742 0.5776 0.2588
vn -0.6867 0.6490 0.3274
vn -0.8178 0.5723 0.0604
vn -0.9806 0.1447 -0.1323
vn -0.9939 -0.1015 0.0422
vn -0.9818 -0.0711 0.1760
vn -0.9574 -0.2832 0.0554
vn -0.7737 -0.6271 -0.0897
vn -0.5783 -0.8116 -0.0830
vn -0.4992 -0.8664 -0.0114
vn -0.5296 -0.8426 0.0978
vn -0.4889 -0.8499 0.1965
vn -0.3163 -0.9303 0.1857
vn -0.1504 -0.9853 0.0807
vn -0.0178 -0.9995 -0.0262
vn 0.1940 -0.9760 -0.0992
vn 0.3786 -0.9196 -0.1045
vn 0.4147 -0.9085 -0.0512
vn 0.4402 -0.8978 -0.0114
vn 0.4613 -0.8871 -0.0149
vn 0.5270 -0.8469 -0.0710
vn 0.8451 -0.5057 -0.1733
vn 0.9654 -0.1750 -0.1933
vn 0.9397 -0.3169 -0.1282
vn 0.9851 -0.1699 -0.0277
vn 0.9825 0.1837 0.0312
vn 0.9897 -0.1223 0.0740
vn 0.9509 -0.2907 0.1062
vn 0.9970 0.0766 -0.0122
vn 0.9772 -0.0031 0.2121
vn 0.9140 0.2432 0.3247
vn 0.7570 0.6083 0.2387
vn 0.7585 0.6420 0.1120
vn 0.6663 0.7437 0.0547
vn 0.3394 0.9192 0.1995
vn 0.3729 0.8213 0.4318
vn 0.6076 0.6940 0.3863
vn 0.3599 0.9330 -0.0013
vn -0.2033 0.9446 -0.2577
vn -0.1450 0.9764 -0.1600
vn 0.1434 0.9774 -0.1551
vn 0.2117 0.9137 -0.3468
vn 0.0794 0.8710 -0.4848
vn -0.1763 0.8490 -0.4981
vn -0.4715 0.7882 -0.3956
vn -0.6492 0.6776 -0.3456
vn -0.7142 0.5409 -0.4443
vn -0.8269 0.3064 -0.4716
vn -0.9471 0.1885 -0.2599
vn -0.8066 0.5788 0.1204
vn -0.6972 0.6478 0.3069
vn -0.9121 0.2329 0.3373
vn -0.9397 -0.2150 0.2662
vn -0.9140 -0.1495 0.3770
vn -0.8381 -0.2133 0.5021
vn -0.6660 -0.4922 0.5605
vn -0.5218 -0.6713 0.5263
vn -0.4938 -0.7687 0.4064
vn -0.4744 -0.8353 0.2778
vn -0.4236 -0.8639 0.2725
vn -0.3433 -0.8886 0.3043
vn -0.2355 -0.9289 0.2859
vn -0.0893 -0.9621 0.2578
vn 0.0964 -0.9804 0.1719
vn 0.3188 -0.9469 -0.0424
vn 0.4276 -0.8816 -0.1998
vn 0.4754 -0.8572 -0.1980
vn 0.4384 -0.8885 -0.1358
vn 0.4129 -0.8977 -0.1535
vn 0.7545 -0.5964 -0.2740
vn 0.9533 -0.1354 -0.2701
vn 0.9832 -0.1140 -0.1422
vn 0.9981 0.0352 0.0502
vn 0.9369 0.3037 0.1728
vn 0.9355 -0.1970 0.2934
vn 0.8386 -0.4970 0.2230
vn 0.9992 0.0206 -0.0342
vn 0.9747 0.1936 -0.1114
vn 0.9452 0.3193 -0.0677
vn 0.8294 0.5578 -0.0305
vn 0.8256 0.5632 -0.0361
vn 0.6078 0.7903 -0.0773
vn 0.0844 0.9961 -0.0276
vn 0.2397 0.9633 0.1210
vn 0.8184 0.5513 0.1620
vn 0.7182 0.6952 0.0316
vn -0.0710 0.9726 -0.2214
vn -0.2725 0.9161 -0.2940
vn 0.1441 0.9662 -0.2136
vn 0.3576 0.9127 -0.1977
vn 0.1811 0.9214 -0.3438
vn -0.2180 0.8448 -0.4887
vn -0.5618 0.6914 -0.4542
vn -0.6653 0.6731 -0.3228
vn -0.7090 0.6612 -0.2454
vn -0.9082 0.3490 -0.2310
vn -0.9705 0.0201 -0.2404
vn -0.9373 0.2443 -0.2487
vn -0.8548 0.5176 0.0362
vn -0.8942 0.2511 0.3705
vn -0.8937 -0.1795 0.4111
vn -0.8534 -0.2773 0.4414
vn -0.7599 -0.3291 0.5606
vn -0.5925 -0.4995 0.6321
vn -0.5291 -0.5617 0.6361
vn -0.6194 -0.5492 0.5611
vn -0.6274 -0.6820 0.3758
vn -0.4778 -0.8587 0.1854
vn -0.3375 -0.9336 0.1208
vn -0.2053 -0.9638 0.1700
vn -0.0345 -0.9578 0.2854
vn 0.0179 -0.9291 0.3695
vn 0.0940 -0.9630 0.2524
vn 0.2936 -0.9554 0.0302
vn 0.5137 -0.8572 -0.0373
vn 0.5083 -0.8605 0.0350
vn 0.3956 -0.9150 0.0798
vn 0.7393 -0.6732 0.0173
vn 0.9941 -0.0956 -0.0519
vn 0.9991 0.0335 -0.0260
vn 0.9840 0.1773 0.0158
vn 0.8996 0.4320 0.0637
vn 0.9339 -0.2175 0.2838
vn 0.8264 -0.5138 0.2303
vn 0.9426 -0.1865 0.2770
vn 0.9912 0.0778 0.1068
vn 0.9505 0.3019 -0.0734
vn 0.7857 0.6000 -0.1504
vn 0.8022 0.5828 -0.1295
vn 0.6586 0.7269 -0.1946
vn 0.1451 0.9232 -0.3559
vn 0.1192 0.8829 -0.4542
vn 0.6709 0.6904 -0.2706
vn 0.7121 0.6990 0.0659
vn 0.1788 0.9828 0.0461
vn -0.1741 0.9478 -0.2672
vn 0.0925 0.9285 -0.3596
vn 0.3718 0.8800 -0.2957
vn 0.2697 0.8984 -0.3466
vn -0.1752 0.8590 -0.4811
vn -0.6667 0.5978 -0.4451
vn -0.8336 0.4966 -0.2419
vn -0.8525 0.5213 0.0398
vn -0.9089 0.3020 0.2876
vn -0.9367 0.1605 0.3111
vn -0.9327 0.3532 0.0734
vn -0.9317 0.3575 -0.0646
vn -0.9880 0.1158 0.1026
vn -0.9404 -0.2216 0.2581
vn -0.8277 -0.4035 0.3900
vn -0.7485 -0.4314 0.5037
vn -0.6710 -0.5564 0.4901
vn -0.6489 -0.6449 0.4039
vn -0.7520 -0.5365 0.3831
vn -0.7611 -0.5309 0.3726
vn -0.6200 -0.7311 0.2847
vn -0.3961 -0.9072 0.1414
vn -0.1581 -0.9852 0.0658
vn 0.0687 -0.9944 0.0797
vn 0.0819 -0.9808 0.1770
vn 0.0268 -0.9614 0.2740
vn 0.2100 -0.9238 0.3201
vn 0.5035 -0.8065 0.3100
vn 0.5262 -0.8057 0.2719
vn 0.3892 -0.8865 0.2505
vn 0.6747 -0.6889 0.2650
vn 0.9744 -0.1569 0.1611
vn 0.9991 -0.0318 0.0290
vn 0.9830 0.1244 -0.1353
vn 0.8578 0.4687 -0.2109
vn 0.9963 0.0202 -0.0836
vn 0.9658 -0.2372 0.1044
vn 0.9152 -0.1430 0.3768
vn 0.9277 -0.0875 0.3628
vn 0.9760 0.0908 0.1979
vn 0.8505 0.5227 -0.0587
vn 0.8117 0.5632 -0.1545
vn 0.7986 0.5672 -0.2014
vn 0.4646 0.7674 -0.4418
vn 0.1727 0.7740 -0.6092
vn 0.2345 0.7717 -0.5912
vn 0.3973 0.8421 -0.3646
vn 0.2821 0.9347 -0.2162
vn 0.0489 0.9571 -0.2858
vn 0.1172 0.9332 -0.3396
vn 0.3411 0.8958 -0.2849
vn 0.2847 0.9279 -0.2406
vn -0.1733 0.9511 -0.2558
vn -0.7619 0.6014 -0.2404
vn -0.9047 0.3650 -0.2196
vn -0.9322 0.3097 -0.1871
vn -0.9956 0.0941 -0.0013
vn -0.9610 0.0862 0.2627
vn -0.8026 0.4364 0.4068
vn -0.8143 0.3898 0.4301
vn -0.9161 0.0851 0.3917
vn -0.9132 -0.2529 0.3194
vn -0.7622 -0.5478 0.3449
vn -0.7002 -0.5302 0.4781
vn -0.7555 -0.4303 0.4941
vn -0.8076 -0.5083 0.2989
vn -0.7942 -0.5951 0.1233
vn -0.7522 -0.6217 0.2185
vn -0.6252 -0.6758 0.3904
vn -0.4452 -0.7731 0.4517
vn -0.2321 -0.8844 0.4050
vn -0.0105 -0.9683 0.2495
vn 0.1019 -0.9941 0.0384
vn 0.1439 -0.9896 0.0045
vn 0.2971 -0.9483 0.1113
vn 0.4530 -0.8880 0.0796
vn 0.4220 -0.8996 -0.1126
vn 0.4269 -0.8883 -0.1694
vn 0.7807 -0.6248 0.0106
vn 0.9746 -0.1743 0.1408
vn 0.9765 -0.1683 0.1348
vn 0.9969 -0.0774 -0.0142
vn 0.8961 0.3814 -0.2273
vn 0.9225 0.2727 -0.2731
vn 0.9905 0.0606 0.1237
vn 0.9849 -0.0122 0.1726
vn 0.9689 -0.1935 0.1541
vn 0.9893 -0.1307 0.0652
vn 0.9341 0.3057 -0.1845
vn 0.7960 0.5175 -0.3141
vn 0.8045 0.5359 -0.2561
vn 0.6883 0.6768 -0.2613
vn 0.3808 0.8428 -0.3804
vn 0.1912 0.8698 -0.4548
vn 0.2006 0.8674 -0.4555
vn 0.1496 0.9232 -0.3540
vn 0.0315 0.9808 -0.1926
vn 0.0872 0.9875 -0.1313
vn 0.2916 0.9527 -0.0856
vn 0.2230 0.9730 0.0601
vn -0.1944 0.9351 0.2963
vn -0.6687 0.6290 0.3965
vn -0.8306 0.4720 0.2955
vn -0.9041 0.4165 0.0959
vn -0.9970 0.0517 -0.0581
vn -0.9847 -0.1693 -0.0402
vn -0.9698 0.1400 0.1998
vn -0.8149 0.3278 0.4779
vn -0.8302 0.1802 0.5276
vn -0.9107 -0.0729 0.4065
vn -0.8223 -0.5389 0.1830
vn -0.6979 -0.7078 0.1097
vn -0.8514 -0.4787 0.2142
vn -0.9319 -0.2841 0.2253
vn -0.8743 -0.4686 0.1266
vn -0.6459 -0.7551 0.1121
vn -0.4356 -0.8452 0.3098
vn -0.3271 -0.7913 0.5166
vn -0.2499 -0.7673 0.5906
vn -0.1916 -0.8300 0.5239
vn -0.1032 -0.9540 0.2814
vn 0.0973 -0.9950 0.0238
vn 0.3017 -0.9522 -0.0483
vn 0.3015 -0.9475 -0.1070
vn 0.2629 -0.9363 -0.2328
vn 0.5183 -0.8080 -0.2801
vn 0.9183 -0.3719 -0.1360
vn 0.9990 -0.0429 0.0115
vn 0.9821 -0.1450 0.1204
vn 0.9623 -0.2023 0.1817
vn 0.9698 0.2399 0.0447
vn 0.9313 0.3619 -0.0399
vn 0.9864 -0.0013 0.1644
vn 0.9837 -0.1476 -0.1026
vn 0.9633 -0.2252 -0.1463
vn 0.9843 -0.1631 -0.0668
vn 0.9692 0.1884 -0.1588
vn 0.7973 0.5220 -0.3030
vn 0.6996 0.6595 -0.2750
vn 0.6266 0.7722 -0.1054
vn 0.4591 0.8883 0.0132
vn 0.3138 0.9490 -0.0291
vn 0.1991 0.9758 -0.0908
vn -0.0105 0.9999 0.0133
vn -0.0658 0.9857 0.1554
vn 0.1024 0.9893 0.1035
vn 0.2538 0.9655 0.0577
vn 0.0713 0.9691 0.2362
vn -0.3178 0.7804 0.5384
vn -0.5648 0.4763 0.6738
vn -0.5874 0.3859 0.7114
vn -0.5638 0.4093 0.7173
vn -0.7266 0.2338 0.6461
vn -0.9154 -0.0604 0.3979
vn -0.9859 -0.0391 0.1626
vn -0.9684 0.1963 0.1539
vn -0.9439 0.2307 0.2364
vn -0.9547 0.1004 0.2802
vn -0.9362 -0.2912 0.1967
vn -0.7708 -0.6340 -0.0622
vn -0.7540 -0.6361 -0.1636
vn -0.8972 -0.4376 0.0595
vn -0.8418 -0.4378 0.3159
vn -0.5893 -0.7006 0.4023
vn -0.2870 -0.8838 0.3695
vn -0.1914 -0.9056 0.3786
vn -0.2289 -0.8733 0.4300
vn -0.2833 -0.8386 0.4653
vn -0.2549 -0.8507 0.4597
vn -0.0321 -0.9090 0.4157
vn 0.2610 -0.8849 0.3857
vn 0.2524 -0.8813 0.3994
vn 0.2191 -0.8847 0.4114
vn 0.5131 -0.7530 0.4120
vn 0.9075 -0.3244 0.2670
vn 0.9961 -0.0360 0.0801
vn 0.9958 -0.0882 0.0241
vn 0.9835 -0.1252 0.1309
vn 0.9532 0.2466 0.1752
vn 0.9137 0.3677 0.1732
vn 0.9696 -0.2438 -0.0225
vn 0.9244 -0.3056 -0.2285
vn 0.9783 -0.0814 -0.1907
vn 0.9981 -0.0178 0.0594
vn 0.9838 0.1476 0.1014
vn 0.8762 0.4713 -0.1010
vn 0.6357 0.7302 -0.2503
vn 0.4514 0.8743 -0.1783
vn 0.3698 0.9287 -0.0284
vn 0.3157 0.9473 0.0541
vn 0.1325 0.9816 0.1376
vn -0.1101 0.9623 0.2488
vn -0.0668 0.9608 0.2691
vn 0.1796 0.9690 0.1698
vn 0.2102 0.9547 0.2106
vn -0.1016 0.8899 0.4447
vn -0.4476 0.6330 0.6316
vn -0.6308 0.3825 0.6751
vn -0.6474 0.2906 0.7046
vn -0.5468 0.3178 0.7746
vn -0.5119 0.2906 0.8084
vn -0.6236 0.2371 0.7449
vn -0.8324 0.2486 0.4953
vn -0.9518 0.2582 0.1654
vn -0.9781 0.1987 0.0625
vn -0.9773 0.0363 0.2087
vn -0.8921 -0.1892 0.4102
vn -0.8600 -0.3703 0.3513
vn -0.8055 -0.5877 0.0757
vn -0.7333 -0.6799 0.0090
vn -0.7028 -0.6614 0.2619
vn -0.5682 -0.6860 0.4544
vn -0.3978 -0.8187 0.4142
vn -0.2869 -0.9290 0.2335
vn -0.2374 -0.9630 0.1273
vn -0.2048 -0.9474 0.2458
vn -0.1764 -0.8558 0.4863
vn -0.0101 -0.7796 0.6262
vn 0.2292 -0.7259 0.6485
vn 0.2410 -0.7308 0.6387
vn 0.1897 -0.7417 0.6433
vn 0.3684 -0.6633 0.6514
vn 0.7308 -0.4301 0.5300
vn 0.9455 -0.1829 0.2694
vn 0.9863 -0.1075 0.1251
vn 0.9864 0.0196 0.1632
vn 0.9242 0.3345 0.1844
vn 0.9450 0.2842 0.1621
vn 0.9108 -0.4129 -0.0085
vn 0.9558 -0.2922 -0.0322
vn 0.9847 0.1629 0.0615
vn 0.9617 0.1216 0.2456
vn 0.9682 0.0805 0.2367
vn 0.9417 0.3358 0.0207
vn 0.6630 0.7083 -0.2424
vn 0.3588 0.8782 -0.3161
vn 0.2553 0.9298 -0.2649
vn 0.1911 0.9734 -0.1268
vn -0.0068 0.9979 0.0644
vn -0.1454 0.9784 0.1473
vn -0.0292 0.9974 0.0665
vn 0.1546 0.9836 0.0926
vn 0.0312 0.9219 0.3861
vn -0.2476 0.7084 0.6610
vn -0.4305 0.5166 0.7402
vn -0.5888 0.4117 0.6956
vn -0.7436 0.3414 0.5749
vn -0.7992 0.2845 0.5294
vn -0.7241 0.2932 0.6243
vn -0.6241 0.4312 0.6517
vn -0.6565 0.5392 0.5275
vn -0.8273 0.4226 0.3701
vn -0.9357 0.2361 0.2622
vn -0.9693 -0.0390 0.2428
vn -0.8910 -0.3034 0.3378
vn -0.8721 -0.2574 0.4161
vn -0.8948 -0.3225 0.3088
vn -0.7894 -0.6124 0.0426
vn -0.6145 -0.7826 -0.0997
vn -0.5556 -0.8308 -0.0321
vn -0.5136 -0.8562 0.0564
vn -0.4136 -0.9090 0.0519
vn -0.2263 -0.9719 0.0650
vn -0.0161 -0.9718 0.2352
vn 0.0190 -0.8717 0.4897
vn 0.0515 -0.7877 0.6139
vn 0.1798 -0.8076 0.5616
vn 0.2208 -0.8805 0.4194
vn 0.2302 -0.8996 0.3712
vn 0.4341 -0.7900 0.4329
vn 0.7276 -0.5186 0.4491
vn 0.8858 -0.2492 0.3914
vn 0.9232 -0.0816 0.3756
vn 0.9127 0.1123 0.3928
vn 0.8935 0.3101 0.3249
vn 0.9778 0.0487 0.2039
vn 0.8177 -0.4269 0.3862
vn 0.8974 -0.1726 0.4061
vn 0.9139 0.2345 0.3314
vn 0.9428 0.1124 0.3137
vn 0.9591 0.0152 0.2825
vn 0.9559 0.2456 0.1608
vn 0.7234 0.6862 -0.0767
vn 0.3603 0.9013 -0.2406
vn 0.1718 0.9563 -0.2366
vn 0.0275 0.9954 -0.0916
vn -0.1208 0.9905 0.0655
vn -0.1044 0.9929 0.0571
vn 0.0200 0.9959 -0.0883
vn 0.0072 1.0000 -0.0056
vn -0.2861 0.8818 0.3749
vn -0.4523 0.6071 0.6534
vn -0.4517 0.4866 0.7478
vn -0.4474 0.5179 0.7291
vn -0.5808 0.5665 0.5846
vn -0.8320 0.4123 0.3711
vn -0.9261 0.2169 0.3088
vn -0.8244 0.4201 0.3794
vn -0.6525 0.6503 0.3892
vn -0.7385 0.4997 0.4526
vn -0.8291 0.2956 0.4746
vn -0.9286 0.1040 0.3561
vn -0.9605 -0.2730 0.0538
vn -0.9344 -0.3535 -0.0437
vn -0.9586 -0.2638 0.1070
vn -0.8994 -0.4161 0.1340
vn -0.7194 -0.6929 -0.0484
vn -0.5250 -0.8299 -0.1889
vn -0.4343 -0.8891 -0.1446
vn -0.3483 -0.9370 0.0286
vn -0.1354 -0.9673 0.2144
vn 0.1125 -0.9301 0.3498
vn 0.1335 -0.8811 0.4537
vn 0.0402 -0.8801 0.4731
vn 0.0388 -0.9415 0.3349
vn 0.1228 -0.9785 0.1654
vn 0.2919 -0.9432 0.1584
vn 0.5754 -0.7613 0.2989
vn 0.8003 -0.4372 0.4104
vn 0.8746 -0.1659 0.4557
vn 0.8664 0.0162 0.4991
vn 0.8385 0.1597 0.5210
vn 0.8505 0.1967 0.4878
vn 0.8802 -0.1789 0.4395
vn 0.6932 -0.3597 0.6246
vn 0.7862 -0.1385 0.6023
vn 0.8799 0.1394 0.4542
vn 0.9116 0.0622 0.4063
vn 0.8987 0.0140 0.4382
vn 0.8748 0.2198 0.4318
vn 0.7083 0.6360 0.3062
vn 0.3648 0.9237 0.1173
vn 0.0930 0.9931 0.0713
vn -0.0884 0.9869 0.1348
vn -0.1492 0.9744 0.1683
vn -0.0141 0.9961 0.0866
vn 0.0775 0.9963 -0.0384
vn -0.1086 0.9941 -0.0015
vn -0.5286 0.8255 0.1976
vn -0.7211 0.5675 0.3975
vn -0.6679 0.4854 0.5642
vn -0.4644 0.6003 0.6512
vn -0.3611 0.7080 0.6070
vn -0.5747 0.6061 0.5500
vn -0.8359 0.2718 0.4769
vn -0.8588 0.2576 0.4427
vn -0.6969 0.5644 0.4425
vn -0.6797 0.4820 0.5529
vn -0.7165 0.2977 0.6309
vn -0.7759 0.2662 0.5719
vn -0.9531 0.0607 0.2965
vn -0.9435 -0.3185 -0.0919
vn -0.8990 -0.4379 0.0042
vn -0.8234 -0.4320 0.3679
vn -0.6828 -0.5176 0.5157
vn -0.5421 -0.6956 0.4715
vn -0.3884 -0.8404 0.3779
vn -0.2346 -0.8986 0.3708
vn -0.0396 -0.8991 0.4358
vn 0.1522 -0.8627 0.4822
vn 0.1500 -0.8486 0.5073
vn 0.0026 -0.8584 0.5130
vn -0.0400 -0.8670 0.4967
vn 0.0863 -0.8572 0.5077
vn 0.3094 -0.7700 0.5580
vn 0.5673 -0.5772 0.5874
vn 0.7708 -0.3211 0.5502
vn 0.8664 -0.0763 0.4935
vn 0.8722 0.1091 0.4768
vn 0.8447 0.2024 0.4955
vn 0.8335 0.1168 0.5400
vn 0.7617 -0.2429 0.6006
vn 0.6827 -0.3445 0.6444
vn 0.7541 -0.1648 0.6357
vn 0.8171 0.0775 0.5712
vn 0.8004 0.0757 0.5947
vn 0.7649 0.0498 0.6423
vn 0.7247 0.2007 0.6592
vn 0.5876 0.5287 0.6125
vn 0.2983 0.8222 0.4847
vn 0.0331 0.9217 0.3866
vn -0.1065 0.9402 0.3236
vn -0.0892 0.9692 0.2296
vn 0.0718 0.9907 0.1158
vn 0.1064 0.9898 0.0947
vn -0.1243 0.9835 0.1314
vn -0.5489 0.8265 0.1251
vn -0.8219 0.5588 0.1106
vn -0.8898 0.4155 0.1888
vn -0.7528 0.5410 0.3749
vn -0.4401 0.7245 0.5304
vn -0.4227 0.6455 0.6361
vn -0.6170 0.3448 0.7075
vn -0.6966 0.1826 0.6939
vn -0.6343 0.3818 0.6722
vn -0.5874 0.4118 0.6967
vn -0.6193 0.2724 0.7363
vn -0.6437 0.2953 0.7060
vn -0.7167 0.2631 0.6458
vn -0.8186 -0.0607 0.5712
vn -0.7247 -0.4633 0.5101
vn -0.5543 -0.5162 0.6529
vn -0.4590 -0.4251 0.7802
vn -0.4029 -0.4303 0.8078
vn -0.3359 -0.5392 0.7723
vn -0.2174 -0.6835 0.6968
vn -0.0290 -0.7785 0.6269
vn 0.1576 -0.7861 0.5976
vn 0.1675 -0.7514 0.6382
vn 0.0391 -0.6964 0.7166
vn -0.0029 -0.6356 0.7720
vn 0.0783 -0.5855 0.8069
vn 0.2227 -0.5312 0.8175
vn 0.4240 -0.4497 0.7861
vn 0.6667 -0.2937 0.6850
vn 0.8478 -0.0562 0.5273
vn 0.9018 0.1561 0.4030
vn 0.8985 0.2433 0.3653
vn 0.8912 0.1106 0.4399
vn 0.7707 -0.2549 0.5840
vn 0.7069 -0.2987 0.6412
vn 0.6898 -0.1169 0.7145
vn 0.6673 0.0976 0.7384
vn 0.6488 0.0919 0.7553
vn 0.6492 0.0569 0.7585
vn 0.6216 0.1802 0.7623
vn 0.4847 0.4590 0.7446
vn 0.2318 0.7167 0.6577
vn 0.0332 0.8358 0.5480
vn -0.0262 0.9063 0.4217
vn 0.0395 0.9686 0.2454
vn 0.1124 0.9843 0.1364
vn 0.0656 0.9734 0.2196
vn -0.1110 0.9425 0.3153
vn -0.4273 0.8618 0.2734
vn -0.7560 0.6416 0.1297
vn -0.9166 0.3954 0.0597
vn -0.9298 0.3445 0.1299
vn -0.7705 0.5285 0.3565
vn -0.5597 0.5621 0.6090
vn -0.5625 0.3271 0.7593
vn -0.5838 0.1454 0.7988
vn -0.5414 0.2462 0.8039
vn -0.5010 0.3666 0.7840
vn -0.5589 0.3027 0.7720
vn -0.6183 0.3036 0.7250
vn -0.6248 0.3006 0.7206
vn -0.6019 0.0856 0.7940
vn -0.5055 -0.2501 0.8258
vn -0.3729 -0.4550 0.8087
vn -0.3437 -0.4387 0.8303
vn -0.3756 -0.3840 0.8435
vn -0.3764 -0.4263 0.8226
vn -0.2932 -0.5692 0.7682
vn -0.0846 -0.7284 0.6799
vn 0.1710 -0.7730 0.6109
vn 0.2435 -0.7045 0.6667
vn 0.1386 -0.5963 0.7907
vn 0.0605 -0.5136 0.8559
vn 0.0734 -0.4756 0.8766
vn 0.1508 -0.4594 0.8753
vn 0.3041 -0.4277 0.8512
vn 0.5440 -0.3156 0.7775
vn 0.7823 -0.0893 0.6165
vn 0.8967 0.1408 0.4196
vn 0.9254 0.2407 0.2926
vn 0.9408 0.1112 0.3203
vn 0.8280 -0.2366 0.5083
vn 0.6034 -0.1482 0.7835
vn 0.5342 -0.0210 0.8451
vn 0.5156 0.0913 0.8519
vn 0.5550 0.0551 0.8300
vn 0.5898 0.0340 0.8068
vn 0.5550 0.1666 0.8150
vn 0.4062 0.4170 0.8131
vn 0.1988 0.6320 0.7490
vn 0.0844 0.7460 0.6605
vn 0.1070 0.8252 0.5546
vn 0.1652 0.8935 0.4175
vn 0.0989 0.9244 0.3684
vn -0.0238 0.8856 0.4638
vn -0.1266 0.8174 0.5620
vn -0.2777 0.7639 0.5826
vn -0.5515 0.6637 0.5053
vn -0.8141 0.4522 0.3644
vn -0.9167 0.2839 0.2811
vn -0.8967 0.2761 0.3460
vn -0.7685 0.3128 0.5581
vn -0.6480 0.1881 0.7381
vn -0.5787 0.0588 0.8134
vn -0.5074 0.1429 0.8498
vn -0.4508 0.3569 0.8182
vn -0.5157 0.4001 0.7576
vn -0.6368 0.3724 0.6751
vn -0.6589 0.3119 0.6845
vn -0.5809 0.1154 0.8058
vn -0.4559 -0.1485 0.8776
vn -0.3420 -0.3618 0.8673
vn -0.3271 -0.4316 0.8407
vn -0.4052 -0.3963 0.8239
vn -0.4468 -0.4009 0.7998
vn -0.3758 -0.5122 0.7723
vn -0.1527 -0.6781 0.7189
vn 0.1710 -0.7517 0.6369
vn 0.3348 -0.6872 0.6447
vn 0.2784 -0.5781 0.7670
vn 0.1513 -0.4956 0.8553
vn 0.0902 -0.4614 0.8826
vn 0.1113 -0.4461 0.8881
vn 0.2186 -0.4072 0.8868
vn 0.4042 -0.3012 0.8637
vn 0.6144 -0.1189 0.7800
vn 0.7705 0.0757 0.6330
vn 0.8463 0.1773 0.5024
vn 0.8582 0.0923 0.5050
vn 0.7432 -0.1236 0.6576
vn 0.4197 -0.0258 0.9073
vn 0.3982 0.0094 0.9173
vn 0.4348 0.0280 0.9001
vn 0.5062 -0.0120 0.8624
vn 0.5316 0.0108 0.8469
vn 0.4686 0.1546 0.8698
vn 0.3238 0.3562 0.8765
vn 0.1752 0.5123 0.8407
vn 0.1217 0.5830 0.8033
vn 0.1571 0.6023 0.7826
vn 0.1558 0.6151 0.7729
vn 0.0365 0.6150 0.7877
vn -0.0743 0.5815 0.8101
vn -0.1243 0.5405 0.8321
vn -0.1679 0.5037 0.8474
vn -0.2896 0.4603 0.8392
vn -0.4848 0.3765 0.7894
vn -0.6633 0.2664 0.6993
vn -0.7483 0.1801 0.6385
vn -0.7324 0.1109 0.6717
vn -0.6594 0.0047 0.7518
vn -0.5771 -0.0775 0.8130
vn -0.4919 0.0224 0.8704
vn -0.4113 0.3463 0.8431
vn -0.4484 0.4873 0.7493
vn -0.5765 0.4493 0.6825
vn -0.6424 0.3019 0.7044
vn -0.5704 0.0896 0.8165
vn -0.4383 -0.1248 0.8901
vn -0.3345 -0.2854 0.8981
vn -0.3140 -0.3535 0.8812
vn -0.3675 -0.3344 0.8678
vn -0.3892 -0.3195 0.8640
vn -0.3152 -0.3682 0.8747
vn -0.1422 -0.4581 0.8775
vn 0.1075 -0.5307 0.8407
vn 0.3016 -0.5410 0.7851
vn 0.3414 -0.5012 0.7952
vn 0.2398 -0.4605 0.8547
vn 0.1366 -0.4347 0.8902
vn 0.1139 -0.4031 0.9080
vn 0.1771 -0.3426 0.9227
vn 0.2954 -0.2417 0.9243
vn 0.4293 -0.1106 0.8964
vn 0.5425 0.0205 0.8398
vn 0.6034 0.1011 0.7910
vn 0.5883 0.0825 0.8044
vn 0.4991 0.0034 0.8665
vn 0.3257 0.0095 0.9454
vn 0.3430 -0.0289 0.9389
vn 0.4064 -0.0643 0.9114
vn 0.4629 -0.0692 0.8837
vn 0.4543 0.0053 0.8908
vn 0.3710 0.1447 0.9173
vn 0.2454 0.2912 0.9247
vn 0.1365 0.3883 0.9114
vn 0.0928 0.4127 0.9061
vn 0.0912 0.3906 0.9160
vn 0.0598 0.3654 0.9289
vn -0.0201 0.3446 0.9385
vn -0.0749 0.3256 0.9426
vn -0.0936 0.3120 0.9455
vn -0.1031 0.3016 0.9478
vn -0.1464 0.2882 0.9463
vn -0.2354 0.2588 0.9368
vn -0.3494 0.2099 0.9132
vn -0.4555 0.1401 0.8791
vn -0.5242 0.0413 0.8506
vn -0.5431 -0.0821 0.8356
vn -0.5175 -0.1731 0.8380
vn -0.4589 -0.0947 0.8834
vn -0.3733 0.3171 0.8719
vn -0.3710 0.5200 0.7694
vn -0.4450 0.4484 0.7752
vn -0.4792 0.2572 0.8392
vn -0.4353 0.0610 0.8982
vn -0.3501 -0.1014 0.9312
vn -0.2759 -0.2105 0.9378
vn -0.2471 -0.2538 0.9351
vn -0.2578 -0.2411 0.9356
vn -0.2532 -0.2233 0.9413
vn -0.1979 -0.2345 0.9518
vn -0.0965 -0.2683 0.9585
vn 0.0402 -0.3097 0.9500
vn 0.1755 -0.3503 0.9200
vn 0.2675 -0.3782 0.8863
vn 0.2552 -0.3914 0.8841
vn 0.1875 -0.3880 0.9024
vn 0.1572 -0.3523 0.9226
vn 0.1918 -0.2830 0.9397
vn 0.2647 -0.1898 0.9455
vn 0.3447 -0.0863 0.9347
vn 0.4086 0.0120 0.9126
vn 0.4354 0.0822 0.8965
vn 0.4141 0.1008 0.9046
vn 0.3611 0.0671 0.9301
vn 0.3213 -0.0050 0.9470
vn 0.3523 -0.1123 0.9291
vn 0.4060 -0.1484 0.9017
vn 0.4239 -0.0958 0.9006
vn 0.3836 0.0141 0.9234
vn 0.2946 0.1431 0.9449
vn 0.1841 0.2560 0.9490
vn 0.0863 0.3242 0.9420
vn 0.0276 0.3367 0.9412
vn -0.0021 0.3131 0.9497
vn -0.0364 0.2832 0.9584
vn -0.0836 0.2561 0.9630
vn -0.0972 0.2332 0.9676
vn -0.0846 0.2214 0.9715
vn -0.0726 0.2197 0.9729
vn -0.0824 0.2193 0.9722
vn -0.1242 0.2090 0.9700
vn -0.1934 0.1801 0.9644
vn -0.2787 0.1232 0.9524
vn -0.3651 0.0285 0.9305
vn -0.4307 -0.0982 0.8972
vn -0.4533 -0.2107 0.8661
vn -0.4268 -0.1787 0.8865
vn -0.3492 0.2861 0.8923
vn -0.3182 0.5408 0.7787
vn -0.3484 0.4258 0.8350
vn -0.3367 0.2220 0.9151
vn -0.2968 0.0650 0.9527
vn -0.2482 -0.0517 0.9673
vn -0.2042 -0.1328 0.9699
vn -0.1786 -0.1743 0.9684
vn -0.1726 -0.1806 0.9683
vn -0.1646 -0.1755 0.9706
vn -0.1332 -0.1798 0.9746
vn -0.0766 -0.1965 0.9775
vn -0.0009 -0.2225 0.9749
vn 0.0785 -0.2580 0.9629
vn 0.1551 -0.3015 0.9408
vn 0.1982 -0.3396 0.9195
vn 0.2055 -0.3498 0.9140
vn 0.2151 -0.3150 0.9244
vn 0.2499 -0.2416 0.9376
vn 0.3014 -0.1491 0.9418
vn 0.3533 -0.0518 0.9341
vn 0.3920 0.0413 0.9190
vn 0.4049 0.1173 0.9068
vn 0.3853 0.1534 0.9099
vn 0.3432 0.1128 0.9324
vn 0.3729 -0.0583 0.9260
vn 0.3895 -0.2125 0.8962
vn 0.4135 -0.1995 0.8884
vn 0.3982 -0.0976 0.9121
vn 0.3408 0.0288 0.9397
vn 0.2513 0.1532 0.9557
vn 0.1421 0.2598 0.9551
vn 0.0301 0.3316 0.9429
vn -0.0641 0.3578 0.9316
vn -0.1343 0.3466 0.9284
vn -0.1906 0.3161 0.9294
vn -0.2353 0.2772 0.9315
vn -0.2131 0.2379 0.9476
vn -0.1450 0.2167 0.9654
vn -0.0844 0.2180 0.9723
vn -0.0557 0.2261 0.9725
vn -0.0719 0.2245 0.9718
vn -0.1313 0.1979 0.9714
vn -0.2217 0.1339 0.9659
vn -0.3234 0.0255 0.9459
vn -0.4100 -0.1207 0.9041
vn -0.4519 -0.2670 0.8512
vn -0.4362 -0.2914 0.8513
vn -0.3589 0.2809 0.8901
vn -0.2997 0.6442 0.7037
vn -0.3289 0.4824 0.8118
vn -0.3003 0.2467 0.9214
vn -0.2541 0.0966 0.9623
vn -0.2124 -0.0007 0.9772
vn -0.1783 -0.0674 0.9817
vn -0.1548 -0.1107 0.9817
vn -0.1424 -0.1342 0.9807
vn -0.1332 -0.1468 0.9802
vn -0.1155 -0.1584 0.9806
vn -0.0841 -0.1742 0.9811
vn -0.0420 -0.1954 0.9798
vn 0.0023 -0.2235 0.9747
vn 0.0517 -0.2566 0.9651
vn 0.1062 -0.2797 0.9542
vn 0.1609 -0.2764 0.9475
vn 0.2172 -0.2394 0.9463
vn 0.2742 -0.1743 0.9458
vn 0.3288 -0.0928 0.9398
vn 0.3780 -0.0028 0.9258
vn 0.4174 0.0915 0.9041
vn 0.4389 0.1809 0.8801
vn 0.4325 0.2339 0.8707
vn 0.3975 0.1620 0.9032
vn 0.4255 -0.1516 0.8921
vn 0.4235 -0.3007 0.8545
vn 0.4349 -0.2303 0.8705
vn 0.4086 -0.0973 0.9075
vn 0.3466 0.0424 0.9371
vn 0.2526 0.1788 0.9509
vn 0.1244 0.3072 0.9435
vn -0.0354 0.4126 0.9102
vn -0.2091 0.4737 0.8555
vn -0.3733 0.4818 0.7928
vn -0.5136 0.4443 0.7340
vn -0.6247 0.3736 0.6856
vn -0.6302 0.2983 0.7168
vn -0.5180 0.2545 0.8167
vn -0.3318 0.2604 0.9067
vn -0.1443 0.2973 0.9438
vn -0.0704 0.3170 0.9458
vn -0.1320 0.2803 0.9508
vn -0.2827 0.1596 0.9458
vn -0.4465 -0.0459 0.8936
vn -0.5480 -0.2998 0.7809
vn -0.5438 -0.5500 0.6338
vn -0.4279 -0.7513 0.5024
vn -0.2858 -0.3707 0.8837
vn -0.1409 0.9895 0.0316
vn -0.3718 0.8131 0.4479
vn -0.3994 0.4506 0.7984
vn -0.3355 0.2117 0.9179
vn -0.2781 0.0798 0.9572
vn -0.2363 0.0002 0.9717
vn -0.2074 -0.0520 0.9769
vn -0.1878 -0.0882 0.9782
vn -0.1722 -0.1153 0.9783
vn -0.1539 -0.1385 0.9783
vn -0.1287 -0.1605 0.9786
vn -0.0970 -0.1820 0.9785
vn -0.0631 -0.2023 0.9773
vn -0.0197 -0.2181 0.9757
vn 0.0434 -0.2189 0.9748
vn 0.1137 -0.2007 0.9730
vn 0.1854 -0.1635 0.9690
vn 0.2547 -0.1099 0.9607
vn 0.3205 -0.0424 0.9463
vn 0.3829 0.0391 0.9230
vn 0.4401 0.1360 0.8876
vn 0.4832 0.2415 0.8415
vn 0.4958 0.3129 0.8101
vn 0.4679 0.1925 0.8625
vn 0.3531 -0.1680 0.9204
vn 0.3361 -0.3071 0.8904
vn 0.3350 -0.2110 0.9183
vn 0.3027 -0.0920 0.9486
vn 0.2512 0.0124 0.9679
vn 0.1837 0.1065 0.9772
vn 0.0941 0.1977 0.9757
vn -0.0286 0.2883 0.9571
vn -0.1939 0.3718 0.9078
vn -0.3995 0.4293 0.8100
vn -0.6170 0.4337 0.6567
vn -0.8021 0.3679 0.4704
vn -0.9051 0.2617 0.3350
vn -0.9428 0.1527 0.2962
vn -0.9432 0.0676 0.3252
vn -0.8877 0.0701 0.4551
vn -0.7006 0.1956 0.6862
vn -0.5802 0.1984 0.7899
vn -0.7368 -0.1484 0.6597
vn -0.7514 -0.4940 0.4373
vn -0.6335 -0.7135 0.2993
vn -0.4305 -0.8681 0.2469
vn -0.1047 -0.9548 0.2782
vn 0.5095 -0.7957 0.3277
vn 0.7908 0.5561 -0.2556
vn 0.0025 0.9226 -0.3859
vn -0.4278 0.9038 0.0070
vn -0.5589 0.5911 0.5815
vn -0.4592 0.2810 0.8427
vn -0.3604 0.1172 0.9254
vn -0.2921 0.0302 0.9559
vn -0.2437 -0.0212 0.9696
vn -0.2057 -0.0549 0.9771
vn -0.1715 -0.0789 0.9820
vn -0.1373 -0.0966 0.9858
vn -0.1017 -0.1081 0.9889
vn -0.0713 -0.1180 0.9905
vn -0.0399 -0.1230 0.9916
vn 0.0058 -0.1172 0.9931
vn 0.0539 -0.1051 0.9930
vn 0.1042 -0.0855 0.9909
vn 0.1572 -0.0573 0.9859
vn 0.2150 -0.0179 0.9765
vn 0.2801 0.0378 0.9592
vn 0.3539 0.1179 0.9278
vn 0.4291 0.2266 0.8744
vn 0.4762 0.3286 0.8156
vn 0.4467 0.2300 0.8646
vn 0.0000 0.0000 -1.0000
vn 0.0000 0.0000 1.0000
vt 0.5435 1.7600
vt 0.5306 1.7652
vt 0.5195 1.7662
vt 0.5100 1.7646
vt 0.5023 1.7614
vt 0.4968 1.7574
vt 0.4933 1.7533
vt 0.4918 1.7496
vt 0.4918 1.7468
vt 0.4932 1.7454
vt 0.4955 1.7457
vt 0.4980 1.7485
vt 0.5000 1.7558
vt 0.4988 1.7671
vt 0.4944 1.7777
vt 0.4875 1.7870
vt 0.4789 1.7940
vt 0.4697 1.7982
vt 0.4607 1.7993
vt 0.4530 1.7973
vt 0.4474 1.7926
vt 0.4446 1.7858
vt 0.4449 1.7775
vt 0.4486 1.7688
vt 0.4558 1.7600
vt 0.4636 1.7538
vt 0.4700 1.7505
vt 0.4757 1.7487
vt 0.4804 1.7478
vt 0.4841 1.7474
vt 0.4868 1.7468
vt 0.4887 1.7458
vt 0.4901 1.7440
vt 0.4912 1.7410
vt 0.4926 1.7368
vt 0.4950 1.7311
vt 0.5000 1.7229
vt 0.5079 1.7141
vt 0.5165 1.7081
vt 0.5257 1.7046
vt 0.5349 1.7037
vt 0.5435 1.7052
vt 0.5510 1.7090
vt 0.5568 1.7149
vt 0.5606 1.7224
vt 0.5618 1.7313
vt 0.5598 1.7410
vt 0.5542 1.7507
vt 0.5885 1.7600
vt 0.5750 1.7736
vt 0.5630 1.7811
vt 0.5533 1.7861
vt 0.5466 1.7905
vt 0.5428 1.7959
vt 0.5408 1.8030
vt 0.5390 1.8118
vt 0.5361 1.8213
vt 0.5310 1.8303
vt 0.5235 1.8380
vt 0.5138 1.8448
vt 0.5000 1.8538
vt 0.4827 1.8666
vt 0.4644 1.8781
vt 0.4438 1.8876
vt 0.4216 1.8933
vt 0.3990 1.8941
vt 0.3775 1.8891
vt 0.3588 1.8782
vt 0.3445 1.8617
vt 0.3359 1.8404
vt 0.3341 1.8157
vt 0.3397 1.7890
vt 0.3533 1.7600
vt 0.3691 1.7363
vt 0.3824 1.7206
vt 0.3947 1.7084
vt 0.4060 1.6985
vt 0.4166 1.6901
vt 0.4267 1.6828
vt 0.4368 1.6761
vt 0.4470 1.6699
vt 0.4578 1.6643
vt 0.4696 1.6592
vt 0.4828 1.6544
vt 0.5000 1.6494
vt 0.5187 1.6452
vt 0.5349 1.6444
vt 0.5498 1.6469
vt 0.5631 1.6527
vt 0.5742 1.6615
vt 0.5829 1.6725
vt 0.5896 1.6849
vt 0.5947 1.6981
vt 0.5981 1.7119
vt 0.5995 1.7266
vt 0.5972 1.7424
vt 0.6290 1.7600
vt 0.6268 1.7836
vt 0.6224 1.8023
vt 0.6181 1.8196
vt 0.6155 1.8378
vt 0.6150 1.8592
vt 0.6152 1.8851
vt 0.6128 1.9142
vt 0.6040 1.9421
vt 0.5868 1.9629
vt 0.5622 1.9722
vt 0.5331 1.9696
vt 0.5000 1.9599
vt 0.4690 1.9564
vt 0.4412 1.9607
vt 0.4110 1.9680
vt 0.3782 1.9734
vt 0.3441 1.9731
vt 0.3109 1.9653
vt 0.2806 1.9492
vt 0.2555 1.9247
vt 0.2380 1.8922
vt 0.2306 1.8531
vt 0.2344 1.8095
vt 0.2497 1.7600
vt 0.2685 1.7169
vt 0.2850 1.6857
vt 0.3012 1.6597
vt 0.3176 1.6371
vt 0.3348 1.6175
vt 0.3532 1.6006
vt 0.3734 1.5868
vt 0.3951 1.5763
vt 0.4181 1.5687
vt 0.4425 1.5638
vt 0.4687 1.5617
vt 0.5000 1.5621
vt 0.5311 1.5632
vt 0.5567 1.5665
vt 0.5797 1.5737
vt 0.5990 1.5866
vt 0.6128 1.6057
vt 0.6200 1.6297
vt 0.6215 1.6552
vt 0.6203 1.6789
vt 0.6201 1.6994
vt 0.6225 1.7177
vt 0.6267 1.7364
vt 0.6894 1.7600
vt 0.6969 1.7973
vt 0.6987 1.8298
vt 0.6922 1.8586
vt 0.6812 1.8840
vt 0.6724 1.9111
vt 0.6685 1.9459
vt 0.6645 1.9885
vt 0.6521 2.0306
vt 0.6262 2.0596
vt 0.5881 2.0656
vt 0.5448 2.0482
vt 0.5000 2.0166
vt 0.4624 2.0017
vt 0.4286 2.0077
vt 0.3899 2.0215
vt 0.3468 2.0325
vt 0.3024 2.0345
vt 0.2592 2.0257
vt 0.2186 2.0066
vt 0.1822 1.9775
vt 0.1541 1.9374
vt 0.1392 1.8867
vt 0.1401 1.8281
vt 0.1570 1.7600
vt 0.1814 1.6997
vt 0.2055 1.6566
vt 0.2286 1.6208
vt 0.2491 1.5883
vt 0.2691 1.5577
vt 0.2924 1.5310
vt 0.3207 1.5109
vt 0.3522 1.4971
vt 0.3846 1.4860
vt 0.4178 1.4750
vt 0.4542 1.4657
vt 0.5000 1.4623
vt 0.5459 1.4647
vt 0.5839 1.4690
vt 0.6198 1.4755
vt 0.6525 1.4887
vt 0.6778 1.5130
vt 0.6912 1.5490
vt 0.6922 1.5916
vt 0.6857 1.6329
vt 0.6797 1.6679
vt 0.6790 1.6972
vt 0.6829 1.7254
vt 0.7689 1.7600
vt 0.7739 1.8121
vt 0.7765 1.8576
vt 0.7595 1.8938
vt 0.7290 1.9176
vt 0.7041 1.9399
vt 0.6940 1.9753
vt 0.6909 2.0267
vt 0.6795 2.0811
vt 0.6502 2.1186
vt 0.6048 2.1255
vt 0.5530 2.1032
vt 0.5000 2.0678
vt 0.4540 2.0579
vt 0.4111 2.0702
vt 0.3627 2.0878
vt 0.3101 2.0997
vt 0.2571 2.0993
vt 0.2071 2.0850
vt 0.1596 2.0600
vt 0.1142 2.0255
vt 0.0766 1.9783
vt 0.0567 1.9165
vt 0.0569 1.8443
vt 0.0745 1.7600
vt 0.1078 1.6854
vt 0.1466 1.6352
vt 0.1796 1.5948
vt 0.2001 1.5536
vt 0.2154 1.5092
vt 0.2382 1.4695
vt 0.2737 1.4438
vt 0.3157 1.4303
vt 0.3560 1.4160
vt 0.3943 1.3913
vt 0.4386 1.3629
vt 0.5000 1.3498
vt 0.5617 1.3610
vt 0.6099 1.3766
vt 0.6550 1.3899
vt 0.6982 1.4054
vt 0.7355 1.4310
vt 0.7605 1.4709
vt 0.7707 1.5214
vt 0.7711 1.5734
vt 0.7718 1.6198
vt 0.7762 1.6625
vt 0.7759 1.7075
vt 0.8396 1.7600
vt 0.8348 1.8235
vt 0.8389 1.8793
vt 0.8165 1.9227
vt 0.7746 1.9484
vt 0.7404 1.9712
vt 0.7266 2.0107
vt 0.7230 2.0706
vt 0.7096 2.1339
vt 0.6748 2.1761
vt 0.6218 2.1835
vt 0.5624 2.1622
vt 0.5000 2.1342
vt 0.4425 2.1309
vt 0.3913 2.1379
vt 0.3382 2.1453
vt 0.2808 2.1510
vt 0.2217 2.1476
vt 0.1664 2.1290
vt 0.1144 2.0988
vt 0.0615 2.0609
vt 0.0165 2.0086
vt -0.0028 1.9370
vt 0.0008 1.8547
vt 0.0103 1.7600
vt 0.0393 1.6726
vt 0.0861 1.6143
vt 0.1257 1.5676
vt 0.1455 1.5168
vt 0.1561 1.4578
vt 0.1788 1.4047
vt 0.2234 1.3748
vt 0.2789 1.3657
vt 0.3289 1.3526
vt 0.3725 1.3167
vt 0.4242 1.2708
vt 0.5000 1.2510
vt 0.5754 1.2735
vt 0.6321 1.3008
vt 0.6832 1.3238
vt 0.7306 1.3487
vt 0.7708 1.3828
vt 0.8002 1.4279
vt 0.8177 1.4809
vt 0.8289 1.5343
vt 0.8444 1.5830
vt 0.8640 1.6319
vt 0.8658 1.6906
vt 0.8825 1.7600
vt 0.8708 1.8296
vt 0.8777 1.8915
vt 0.8618 1.9440
vt 0.8247 1.9803
vt 0.7889 2.0110
vt 0.7692 2.0546
vt 0.7592 2.1171
vt 0.7390 2.1816
vt 0.6961 2.2217
vt 0.6351 2.2246
vt 0.5693 2.2018
vt 0.5000 2.1808
vt 0.4340 2.1813
vt 0.3786 2.1773
vt 0.3253 2.1713
vt 0.2659 2.1729
vt 0.2007 2.1723
vt 0.1401 2.1538
vt 0.0852 2.1205
vt 0.0265 2.0813
vt -0.0241 2.0265
vt -0.0371 1.9470
vt -0.0237 1.8583
vt -0.0288 1.7600
vt -0.0239 1.6617
vt 0.0138 1.5908
vt 0.0546 1.5335
vt 0.0804 1.4753
vt 0.0962 1.4091
vt 0.1231 1.3477
vt 0.1757 1.3133
vt 0.2433 1.3072
vt 0.3047 1.3001
vt 0.3565 1.2665
vt 0.4152 1.2192
vt 0.5000 1.1984
vt 0.5847 1.2195
vt 0.6505 1.2424
vt 0.7105 1.2644
vt 0.7618 1.2982
vt 0.8001 1.3466
vt 0.8262 1.4031
vt 0.8447 1.4605
vt 0.8609 1.5151
vt 0.8823 1.5657
vt 0.9094 1.6175
vt 0.9163 1.6819
vt 0.9022 1.7600
vt 0.8917 1.8326
vt 0.9012 1.8980
vt 0.8999 1.9609
vt 0.8781 2.0135
vt 0.8429 2.0545
vt 0.8133 2.0987
vt 0.7932 2.1590
vt 0.7641 2.2204
vt 0.7123 2.2539
vt 0.6437 2.2484
vt 0.5733 2.2219
vt 0.5000 2.2098
vt 0.4273 2.2183
vt 0.3687 2.2062
vt 0.3153 2.1897
vt 0.2522 2.1919
vt 0.1784 2.1978
vt 0.1124 2.1790
vt 0.0587 2.1389
vt -0.0013 2.0961
vt -0.0568 2.0397
vt -0.0628 1.9536
vt -0.0356 1.8593
vt -0.0532 1.7600
vt -0.0834 1.6518
vt -0.0678 1.5647
vt -0.0297 1.4939
vt 0.0089 1.4307
vt 0.0396 1.3647
vt 0.0757 1.3013
vt 0.1338 1.2616
vt 0.2098 1.2543
vt 0.2826 1.2542
vt 0.3444 1.2314
vt 0.4099 1.1922
vt 0.5000 1.1701
vt 0.5920 1.1801
vt 0.6672 1.1920
vt 0.7367 1.2094
vt 0.7954 1.2451
vt 0.8348 1.3044
vt 0.8586 1.3724
vt 0.8792 1.4344
vt 0.8986 1.4927
vt 0.9120 1.5530
vt 0.9246 1.6139
vt 0.9286 1.6805
vt 0.9108 1.7600
vt 0.9086 1.8349
vt 0.9187 1.9024
vt 0.9310 1.9741
vt 0.9218 2.0397
vt 0.8841 2.0861
vt 0.8456 2.1294
vt 0.8193 2.1897
vt 0.7844 2.2501
vt 0.7252 2.2780
vt 0.6502 2.2646
vt 0.5761 2.2342
vt 0.5000 2.2318
vt 0.4206 2.2551
vt 0.3561 2.2434
vt 0.2991 2.2223
vt 0.2301 2.2253
vt 0.1480 2.2338
vt 0.0797 2.2093
vt 0.0336 2.1560
vt -0.0199 2.1047
vt -0.0787 2.0475
vt -0.0883 1.9601
vt -0.0591 1.8625
vt -0.0818 1.7600
vt -0.1347 1.6436
vt -0.1355 1.5439
vt -0.0966 1.4636
vt -0.0478 1.3968
vt -0.0038 1.3322
vt 0.0442 1.2728
vt 0.1072 1.2314
vt 0.1846 1.2164
vt 0.2612 1.2107
vt 0.3324 1.1970
vt 0.4051 1.1686
vt 0.5000 1.1450
vt 0.5985 1.1462
vt 0.6802 1.1546
vt 0.7552 1.1729
vt 0.8194 1.2095
vt 0.8665 1.2667
vt 0.8961 1.3365
vt 0.9270 1.3974
vt 0.9559 1.4577
vt 0.9551 1.5339
vt 0.9320 1.6131
vt 0.9194 1.6831
vt 0.9288 1.7600
vt 0.9297 1.8380
vt 0.9397 1.9080
vt 0.9542 1.9832
vt 0.9412 2.0495
vt 0.8978 2.0943
vt 0.8601 2.1409
vt 0.8371 2.2090
vt 0.8020 2.2750
vt 0.7397 2.3056
vt 0.6606 2.2940
vt 0.5815 2.2628
vt 0.5000 2.2630
vt 0.4125 2.2999
vt 0.3393 2.2944
vt 0.2758 2.2703
vt 0.2034 2.2658
vt 0.1208 2.2650
vt 0.0572 2.2284
vt 0.0222 2.1614
vt -0.0201 2.1013
vt -0.0778 2.0440
vt -0.1042 1.9634
vt -0.1017 1.8692
vt -0.1291 1.7600
vt -0.1770 1.6372
vt -0.1694 1.5347
vt -0.1171 1.4567
vt -0.0701 1.3860
vt -0.0289 1.3156
vt 0.0307 1.2636
vt 0.1039 1.2325
vt 0.1727 1.2017
vt 0.2427 1.1744
vt 0.3180 1.1550
vt 0.3980 1.1311
vt 0.5000 1.1101
vt 0.6042 1.1173
vt 0.6878 1.1355
vt 0.7629 1.1614
vt 0.8298 1.1976
vt 0.8844 1.2481
vt 0.9242 1.3112
vt 0.9649 1.3694
vt 1.0058 1.4281
vt 0.9984 1.5150
vt 0.9447 1.6103
vt 0.9198 1.6838
vt 0.9643 1.7600
vt 0.9536 1.8415
vt 0.9664 1.9154
vt 0.9734 1.9904
vt 0.9429 2.0477
vt 0.8954 2.0889
vt 0.8649 2.1422
vt 0.8456 2.2157
vt 0.8111 2.2852
vt 0.7526 2.3294
vt 0.6763 2.3402
vt 0.5917 2.3201
vt 0.5000 2.3137
vt 0.4038 2.3476
vt 0.3237 2.3404
vt 0.2569 2.3079
vt 0.1870 2.2885
vt 0.1122 2.2714
vt 0.0571 2.2239
vt 0.0270 2.1535
vt -0.0109 2.0919
vt -0.0610 2.0330
vt -0.0982 1.9593
vt -0.1337 1.8738
vt -0.1691 1.7600
vt -0.1983 1.6346
vt -0.1713 1.5363
vt -0.1013 1.4674
vt -0.0655 1.3927
vt -0.0411 1.3099
vt 0.0258 1.2634
vt 0.1117 1.2480
vt 0.1731 1.2080
vt 0.2313 1.1544
vt 0.3051 1.1185
vt 0.3911 1.0952
vt 0.5000 1.0856
vt 0.6070 1.1065
vt 0.6914 1.1301
vt 0.7680 1.1561
vt 0.8374 1.1903
vt 0.8949 1.2393
vt 0.9329 1.3067
vt 0.9635 1.3745
vt 1.0003 1.4350
vt 0.9943 1.5194
vt 0.9430 1.6124
vt 0.9390 1.6812
vt 0.9995 1.7600
vt 0.9714 1.8438
vt 0.9918 1.9223
vt 0.9934 1.9978
vt 0.9500 2.0495
vt 0.9040 2.0928
vt 0.8752 2.1492
vt 0.8467 2.2127
vt 0.8066 2.2727
vt 0.7560 2.3314
vt 0.6891 2.3763
vt 0.6024 2.3792
vt 0.5000 2.3682
vt 0.3965 2.3857
vt 0.3148 2.3637
vt 0.2494 2.3194
vt 0.1842 2.2881
vt 0.1191 2.2574
vt 0.0716 2.2043
vt 0.0365 2.1418
vt -0.0095 2.0877
vt -0.0486 2.0244
vt -0.0724 1.9489
vt -0.1207 1.8704
vt -0.1600 1.7600
vt -0.1858 1.6380
vt -0.1647 1.5407
vt -0.0958 1.4729
vt -0.0676 1.3949
vt -0.0553 1.3026
vt 0.0111 1.2529
vt 0.1045 1.2436
vt 0.1695 1.2074
vt 0.2250 1.1463
vt 0.2985 1.1030
vt 0.3887 1.0867
vt 0.5000 1.0964
vt 0.6056 1.1211
vt 0.6928 1.1315
vt 0.7748 1.1467
vt 0.8459 1.1815
vt 0.8997 1.2381
vt 0.9247 1.3196
vt 0.9311 1.4049
vt 0.9470 1.4725
vt 0.9415 1.5472
vt 0.9164 1.6226
vt 0.9588 1.6784
vt 1.0016 1.7600
vt 0.9664 1.8422
vt 0.9908 1.9204
vt 0.9885 1.9932
vt 0.9496 2.0464
vt 0.9191 2.1020
vt 0.8932 2.1640
vt 0.8508 2.2138
vt 0.8005 2.2577
vt 0.7533 2.3199
vt 0.6929 2.3827
vt 0.6068 2.3996
vt 0.5000 2.3967
vt 0.3909 2.4135
vt 0.3066 2.3844
vt 0.2396 2.3357
vt 0.1770 2.2949
vt 0.1255 2.2443
vt 0.0930 2.1781
vt 0.0560 2.1222
vt -0.0023 2.0800
vt -0.0394 2.0175
vt -0.0470 1.9388
vt -0.0817 1.8625
vt -0.1144 1.7600
vt -0.1549 1.6446
vt -0.1691 1.5413
vt -0.1259 1.4612
vt -0.0915 1.3831
vt -0.0714 1.2938
vt -0.0163 1.2296
vt 0.0713 1.2056
vt 0.1486 1.1780
vt 0.2172 1.1348
vt 0.2957 1.1002
vt 0.3886 1.0929
vt 0.5000 1.1185
vt 0.6039 1.1374
vt 0.6945 1.1321
vt 0.7774 1.1467
vt 0.8423 1.1931
vt 0.8903 1.2552
vt 0.9139 1.3348
vt 0.9136 1.4226
vt 0.9175 1.4940
vt 0.9124 1.5631
vt 0.9038 1.6280
vt 0.9640 1.6782
vt 0.9653 1.7600
vt 0.9493 1.8385
vt 0.9481 1.9052
vt 0.9169 1.9572
vt 0.8883 2.0052
vt 0.8903 2.0757
vt 0.8886 2.1557
vt 0.8555 2.2156
vt 0.8070 2.2639
vt 0.7584 2.3263
vt 0.6937 2.3799
vt 0.6051 2.3839
vt 0.5000 2.3928
vt 0.3856 2.4389
vt 0.2914 2.4276
vt 0.2140 2.3866
vt 0.1510 2.3329
vt 0.1164 2.2518
vt 0.1047 2.1625
vt 0.0742 2.1043
vt 0.0091 2.0700
vt -0.0449 2.0178
vt -0.0697 1.9446
vt -0.0901 1.8630
vt -0.0994 1.7600
vt -0.1311 1.6498
vt -0.1533 1.5484
vt -0.1343 1.4599
vt -0.0891 1.3880
vt -0.0479 1.3169
vt -0.0078 1.2429
vt 0.0538 1.1881
vt 0.1313 1.1547
vt 0.2118 1.1285
vt 0.2934 1.0988
vt 0.3855 1.0800
vt 0.5000 1.1013
vt 0.6077 1.1208
vt 0.7003 1.1190
vt 0.7769 1.1532
vt 0.8291 1.2198
vt 0.8752 1.2790
vt 0.9143 1.3382
vt 0.9295 1.4126
vt 0.9412 1.4814
vt 0.9459 1.5490
vt 0.9287 1.6211
vt 0.9447 1.6823
vt 0.9701 1.7600
vt 0.9839 1.8439
vt 0.9321 1.8989
vt 0.8667 1.9322
vt 0.8389 1.9723
vt 0.8448 2.0367
vt 0.8505 2.1141
vt 0.8347 2.1858
vt 0.8003 2.2492
vt 0.7554 2.3153
vt 0.6909 2.3662
vt 0.6043 2.3745
vt 0.5000 2.3994
vt 0.3816 2.4573
vt 0.2825 2.4507
vt 0.2005 2.4113
vt 0.1339 2.3563
vt 0.0930 2.2778
vt 0.0653 2.1992
vt 0.0192 2.1458
vt -0.0409 2.0990
vt -0.0861 2.0352
vt -0.1153 1.9578
vt -0.1212 1.8676
vt -0.1277 1.7600
vt -0.1414 1.6489
vt -0.1110 1.5636
vt -0.0836 1.4860
vt -0.0508 1.4149
vt -0.0107 1.3502
vt 0.0282 1.2833
vt 0.0777 1.2229
vt 0.1429 1.1783
vt 0.2182 1.1472
vt 0.2965 1.1139
vt 0.3847 1.0809
vt 0.5000 1.0920
vt 0.6090 1.1177
vt 0.7032 1.1147
vt 0.7820 1.1468
vt 0.8345 1.2151
vt 0.8795 1.2773
vt 0.9105 1.3452
vt 0.9079 1.4327
vt 0.9114 1.5022
vt 0.9308 1.5578
vt 0.9178 1.6257
vt 0.9130 1.6884
vt 0.9950 1.7600
vt 0.9791 1.8425
vt 0.9193 1.8940
vt 0.8979 1.9457
vt 0.8877 2.0015
vt 0.8532 2.0418
vt 0.8203 2.0817
vt 0.8044 2.1449
vt 0.7814 2.2157
vt 0.7396 2.2779
vt 0.6800 2.3283
vt 0.6023 2.3589
vt 0.5000 2.4091
vt 0.3812 2.4558
vt 0.2879 2.4294
vt 0.2116 2.3835
vt 0.1418 2.3401
vt 0.0853 2.2844
vt 0.0342 2.2278
vt -0.0271 2.1805
vt -0.0760 2.1188
vt -0.0944 2.0374
vt -0.1057 1.9536
vt -0.1139 1.8658
vt -0.1652 1.7600
vt -0.2003 1.6394
vt -0.1398 1.5555
vt -0.0921 1.4837
vt -0.0662 1.4073
vt -0.0323 1.3354
vt 0.0222 1.2801
vt 0.0867 1.2374
vt 0.1473 1.1888
vt 0.2146 1.1432
vt 0.2951 1.1133
vt 0.3861 1.0927
vt 0.5000 1.1048
vt 0.6057 1.1413
vt 0.6933 1.1497
vt 0.7713 1.1735
vt 0.8324 1.2217
vt 0.8859 1.2721
vt 0.9143 1.3439
vt 0.9039 1.4378
vt 0.9100 1.5046
vt 0.9368 1.5561
vt 0.9241 1.6245
vt 0.9235 1.6870
vt 0.9687 1.7600
vt 0.9359 1.8348
vt 0.9165 1.8926
vt 0.9371 1.9633
vt 0.9285 2.0260
vt 0.8715 2.0553
vt 0.8239 2.0842
vt 0.8074 2.1473
vt 0.7874 2.2237
vt 0.7462 2.2903
vt 0.6843 2.3397
vt 0.6037 2.3651
vt 0.5000 2.4062
vt 0.3879 2.4143
vt 0.3122 2.3507
vt 0.2466 2.3057
vt 0.1686 2.2947
vt 0.0958 2.2693
vt 0.0416 2.2188
vt -0.0057 2.1620
vt -0.0458 2.0988
vt -0.0750 2.0274
vt -0.1038 1.9523
vt -0.1418 1.8702
vt -0.2061 1.7600
vt -0.2132 1.6376
vt -0.1648 1.5483
vt -0.1202 1.4716
vt -0.0762 1.4023
vt -0.0268 1.3412
vt 0.0311 1.2907
vt 0.0859 1.2382
vt 0.1321 1.1664
vt 0.1939 1.1008
vt 0.2831 1.0777
vt 0.3839 1.0828
vt 0.5000 1.0939
vt 0.6090 1.1237
vt 0.6916 1.1574
vt 0.7626 1.1944
vt 0.8296 1.2282
vt 0.8970 1.2598
vt 0.9389 1.3207
vt 0.9470 1.4046
vt 0.9718 1.4671
vt 0.9963 1.5292
vt 0.9619 1.6129
vt 0.9375 1.6849
vt 0.9757 1.7601
vt 1.0029 1.8463
vt 1.0001 1.9192
vt 0.9745 1.9805
vt 0.9376 2.0315
vt 0.9092 2.0851
vt 0.8827 2.1428
vt 0.8413 2.1898
vt 0.7920 2.2309
vt 0.7434 2.2839
vt 0.6792 2.3232
vt 0.5976 2.3289
vt 0.5000 2.3721
vt 0.3936 2.3804
vt 0.3279 2.3009
vt 0.2693 2.2567
vt 0.1847 2.2685
vt 0.0944 2.2707
vt 0.0323 2.2278
vt -0.0035 2.1600
vt -0.0426 2.0966
vt -0.0936 2.0359
vt -0.1329 1.9614
vt -0.1774 1.8763
vt -0.2448 1.7601
vt -0.2309 1.6347
vt -0.1950 1.5389
vt -0.1515 1.4573
vt -0.0924 1.3926
vt -0.0351 1.3350
vt 0.0191 1.2791
vt 0.0662 1.2139
vt 0.1134 1.1367
vt 0.1842 1.0805
vt 0.2817 1.0738
vt 0.3857 1.0938
vt 0.5000 1.0963
vt 0.6123 1.1053
vt 0.6953 1.1464
vt 0.7628 1.1945
vt 0.8316 1.2255
vt 0.9066 1.2482
vt 0.9577 1.3024
vt 0.9706 1.3863
vt 0.9898 1.4563
vt 1.0033 1.5262
vt 0.9601 1.6137
vt 0.9294 1.6864
vt 1.0182 1.7615
vt 1.0693 1.8591
vt 1.0546 1.9379
vt 0.9851 1.9869
vt 0.9336 2.0304
vt 0.9346 2.1066
vt 0.9199 2.1814
vt 0.8561 2.2098
vt 0.7907 2.2302
vt 0.7398 2.2774
vt 0.6701 2.2960
vt 0.5877 2.2729
vt 0.5000 2.3183
vt 0.3986 2.3529
vt 0.3289 2.2992
vt 0.2656 2.2660
vt 0.1823 2.2737
vt 0.0934 2.2734
vt 0.0321 2.2293
vt -0.0006 2.1591
vt -0.0496 2.1023
vt -0.1211 2.0501
vt -0.1556 1.9701
vt -0.1779 1.8777
vt -0.2510 1.7615
vt -0.2684 1.6297
vt -0.2414 1.5256
vt -0.1828 1.4442
vt -0.1157 1.3796
vt -0.0619 1.3151
vt -0.0068 1.2547
vt 0.0497 1.1946
vt 0.1113 1.1348
vt 0.1923 1.0994
vt 0.2881 1.0956
vt 0.3870 1.1025
vt 0.5000 1.1013
vt 0.6104 1.1176
vt 0.6917 1.1589
vt 0.7587 1.2048
vt 0.8258 1.2362
vt 0.9018 1.2556
vt 0.9620 1.2995
vt 0.9789 1.3810
vt 0.9895 1.4578
vt 1.0031 1.5277
vt 0.9718 1.6114
vt 0.9513 1.6841
vt 1.0327 1.7644
vt 1.0521 1.8590
vt 1.0582 1.9420
vt 1.0200 2.0060
vt 0.9663 2.0535
vt 0.9393 2.1133
vt 0.9050 2.1693
vt 0.8503 2.2054
vt 0.8041 2.2546
vt 0.7552 2.3135
vt 0.6762 2.3182
vt 0.5884 2.2797
vt 0.5000 2.2898
vt 0.4102 2.2882
vt 0.3451 2.2511
vt 0.2767 2.2449
vt 0.1908 2.2629
vt 0.1030 2.2641
vt 0.0438 2.2206
vt 0.0130 2.1512
vt -0.0359 2.0968
vt -0.1092 2.0474
vt -0.1513 1.9716
vt -0.1793 1.8809
vt -0.2328 1.7644
vt -0.2495 1.6358
vt -0.2395 1.5291
vt -0.1978 1.4401
vt -0.1398 1.3675
vt -0.0809 1.3030
vt -0.0155 1.2489
vt 0.0486 1.1960
vt 0.1140 1.1420
vt 0.1954 1.1088
vt 0.2881 1.0982
vt 0.3853 1.0955
vt 0.5000 1.1037
vt 0.6076 1.1373
vt 0.6893 1.1695
vt 0.7624 1.1997
vt 0.8292 1.2336
vt 0.8960 1.2658
vt 0.9491 1.3152
vt 0.9621 1.3974
vt 0.9736 1.4706
vt 1.0065 1.5290
vt 0.9992 1.6055
vt 0.9865 1.6809
vt 1.0220 1.7684
vt 1.0205 1.8577
vt 1.0487 1.9430
vt 1.0512 2.0245
vt 1.0002 2.0787
vt 0.9412 2.1189
vt 0.8945 2.1628
vt 0.8524 2.2120
vt 0.8062 2.2621
vt 0.7466 2.2990
vt 0.6698 2.3019
vt 0.5877 2.2797
vt 0.5000 2.2683
vt 0.4171 2.2516
vt 0.3502 2.2392
vt 0.2757 2.2512
vt 0.1901 2.2680
vt 0.1086 2.2611
vt 0.0529 2.2155
vt 0.0211 2.1488
vt -0.0169 2.0890
vt -0.0633 2.0301
vt -0.1132 1.9635
vt -0.1984 1.8882
vt -0.2633 1.7684
vt -0.2393 1.6416
vt -0.2310 1.5358
vt -0.2252 1.4314
vt -0.1868 1.3424
vt -0.1145 1.2803
vt -0.0305 1.2379
vt 0.0455 1.1961
vt 0.1154 1.1484
vt 0.1951 1.1123
vt 0.2854 1.0939
vt 0.3829 1.0857
vt 0.5000 1.0920
vt 0.6090 1.1329
vt 0.6898 1.1719
vt 0.7626 1.2032
vt 0.8279 1.2397
vt 0.8916 1.2753
vt 0.9460 1.3224
vt 0.9635 1.4002
vt 0.9791 1.4713
vt 1.0176 1.5279
vt 1.0108 1.6059
vt 0.9917 1.6840
vt 1.0167 1.7732
vt 1.0165 1.8618
vt 1.0118 1.9360
vt 1.0088 2.0096
vt 0.9726 2.0663
vt 0.9273 2.1126
vt 0.8929 2.1661
vt 0.8437 2.2059
vt 0.7745 2.2158
vt 0.7164 2.2389
vt 0.6634 2.2867
vt 0.5900 2.2982
vt 0.5000 2.2681
vt 0.4147 2.2705
vt 0.3335 2.2967
vt 0.2472 2.3172
vt 0.1654 2.3127
vt 0.0973 2.2802
vt 0.0439 2.2293
vt -0.0047 2.1741
vt -0.0489 2.1137
vt -0.0628 2.0347
vt -0.0781 1.9571
vt -0.1714 1.8883
vt -0.2608 1.7732
vt -0.2330 1.6475
vt -0.2095 1.5475
vt -0.2023 1.4469
vt -0.1660 1.3601
vt -0.0939 1.3015
vt -0.0173 1.2559
vt 0.0561 1.2144
vt 0.1299 1.1766
vt 0.2076 1.1440
vt 0.2905 1.1147
vt 0.3833 1.0927
vt 0.5000 1.0878
vt 0.6120 1.1204
vt 0.6945 1.1619
vt 0.7665 1.1996
vt 0.8324 1.2373
vt 0.9036 1.2651
vt 0.9735 1.2997
vt 1.0005 1.3756
vt 1.0054 1.4597
vt 1.0208 1.5312
vt 0.9946 1.6158
vt 0.9661 1.6933
vt 1.0040 1.7785
vt 1.0295 1.8693
vt 1.0031 1.9385
vt 0.9909 2.0066
vt 0.9597 2.0636
vt 0.9236 2.1149
vt 0.8924 2.1708
vt 0.8269 2.1900
vt 0.7448 2.1732
vt 0.7019 2.2130
vt 0.6694 2.3110
vt 0.5972 2.3451
vt 0.5000 2.2952
vt 0.4133 2.2841
vt 0.3283 2.3181
vt 0.2329 2.3532
vt 0.1427 2.3545
vt 0.0732 2.3158
vt 0.0174 2.2611
vt -0.0446 2.2110
vt -0.0993 2.1501
vt -0.1034 2.0588
vt -0.0898 1.9661
vt -0.1367 1.8877
vt -0.1980 1.7785
vt -0.1924 1.6597
vt -0.1652 1.5668
vt -0.1378 1.4821
vt -0.0900 1.4125
vt -0.0254 1.3611
vt 0.0258 1.3042
vt 0.0741 1.2423
vt 0.1385 1.1956
vt 0.2146 1.1644
vt 0.2963 1.1381
vt 0.3877 1.1238
vt 0.5000 1.1278
vt 0.6106 1.1336
vt 0.7023 1.1425
vt 0.7816 1.1725
vt 0.8463 1.2201
vt 0.9162 1.2545
vt 0.9909 1.2875
vt 1.0171 1.3677
vt 1.0055 1.4649
vt 1.0025 1.5449
vt 0.9683 1.6295
vt 0.9289 1.7049
vt 0.9814 1.7846
vt 1.0251 1.8747
vt 1.0170 1.9492
vt 1.0149 2.0240
vt 0.9757 2.0798
vt 0.9306 2.1269
vt 0.8961 2.1810
vt 0.8310 2.2017
vt 0.7527 2.1923
vt 0.7059 2.2279
vt 0.6645 2.3019
vt 0.5940 2.3332
vt 0.5000 2.3160
vt 0.4107 2.3056
vt 0.3252 2.3344
vt 0.2217 2.3839
vt 0.1181 2.4008
vt 0.0457 2.3570
vt 0.0032 2.2818
vt -0.0400 2.2138
vt -0.0805 2.1449
vt -0.0909 2.0594
vt -0.1069 1.9778
vt -0.1560 1.8972
vt -0.1817 1.7846
vt -0.1720 1.6692
vt -0.1373 1.5816
vt -0.0973 1.5068
vt -0.0495 1.4434
vt 0.0089 1.3942
vt 0.0553 1.3395
vt 0.0915 1.2698
vt 0.1418 1.2066
vt 0.2117 1.1637
vt 0.2949 1.1393
vt 0.3893 1.1388
vt 0.5000 1.1599
vt 0.6073 1.1584
vt 0.7000 1.1554
vt 0.7761 1.1899
vt 0.8330 1.2473
vt 0.8987 1.2821
vt 0.9757 1.3085
vt 1.0069 1.3816
vt 1.0005 1.4738
vt 1.0076 1.5485
vt 0.9787 1.6321
vt 0.9186 1.7127
vt 0.9739 1.7931
vt 0.9853 1.8767
vt 0.9859 1.9484
vt 0.9976 2.0254
vt 0.9689 2.0853
vt 0.9294 2.1357
vt 0.8984 2.1934
vt 0.8523 2.2386
vt 0.7896 2.2622
vt 0.7252 2.2800
vt 0.6598 2.2977
vt 0.5902 2.3213
vt 0.5000 2.3485
vt 0.4048 2.3508
vt 0.3150 2.3774
vt 0.2062 2.4283
vt 0.0968 2.4462
vt 0.0250 2.3939
vt -0.0065 2.3019
vt -0.0327 2.2181
vt -0.0514 2.1366
vt -0.0472 2.0485
vt -0.0753 1.9770
vt -0.1441 1.9040
vt -0.1687 1.7931
vt -0.1550 1.6802
vt -0.1069 1.5990
vt -0.0494 1.5366
vt -0.0092 1.4758
vt 0.0257 1.4145
vt 0.0662 1.3572
vt 0.1094 1.2990
vt 0.1582 1.2394
vt 0.2199 1.1875
vt 0.2972 1.1526
vt 0.3892 1.1438
vt 0.5000 1.1591
vt 0.6063 1.1705
vt 0.6909 1.1904
vt 0.7597 1.2316
vt 0.8217 1.2720
vt 0.8966 1.2914
vt 0.9687 1.3221
vt 0.9934 1.3993
vt 0.9973 1.4832
vt 1.0232 1.5488
vt 1.0093 1.6303
vt 0.9493 1.7156
vt 0.9657 1.8036
vt 0.9456 1.8808
vt 0.9507 1.9485
vt 0.9771 2.0277
vt 0.9740 2.1008
vt 0.9436 2.1598
vt 0.9080 2.2161
vt 0.8704 2.2750
vt 0.8171 2.3204
vt 0.7454 2.3376
vt 0.6708 2.3463
vt 0.5963 2.3711
vt 0.5000 2.3848
vt 0.4036 2.3719
vt 0.3143 2.3937
vt 0.2106 2.4332
vt 0.1079 2.4427
vt 0.0350 2.3955
vt -0.0088 2.3180
vt -0.0519 2.2468
vt -0.0780 2.1660
vt -0.0557 2.0647
vt -0.0412 1.9777
vt -0.0737 1.9030
vt -0.0998 1.8036
vt -0.1140 1.6971
vt -0.0850 1.6154
vt -0.0204 1.5591
vt 0.0273 1.5071
vt 0.0438 1.4372
vt 0.0621 1.3608
vt 0.1061 1.3022
vt 0.1697 1.2651
vt 0.2394 1.2366
vt 0.3133 1.2104
vt 0.3959 1.1899
vt 0.5000 1.1707
vt 0.6087 1.1628
vt 0.6944 1.1856
vt 0.7702 1.2157
vt 0.8511 1.2312
vt 0.9359 1.2487
vt 0.9867 1.3114
vt 0.9884 1.4114
vt 0.9859 1.4988
vt 1.0117 1.5632
vt 1.0150 1.6379
vt 0.9788 1.7205
vt 0.9294 1.8156
vt 0.9417 1.8928
vt 0.9662 1.9668
vt 0.9927 2.0490
vt 0.9951 2.1286
vt 0.9642 2.1914
vt 0.9192 2.2429
vt 0.8714 2.2922
vt 0.8126 2.3294
vt 0.7447 2.3524
vt 0.6752 2.3769
vt 0.5973 2.3941
vt 0.5000 2.3744
vt 0.4079 2.3628
vt 0.3199 2.3927
vt 0.2255 2.4178
vt 0.1407 2.4062
vt 0.0811 2.3532
vt 0.0396 2.2849
vt -0.0096 2.2282
vt -0.0534 2.1654
vt -0.0541 2.0781
vt -0.0362 1.9895
vt -0.0399 1.9100
vt -0.0596 1.8156
vt -0.0905 1.7123
vt -0.0879 1.6248
vt -0.0449 1.5574
vt 0.0093 1.5053
vt 0.0446 1.4468
vt 0.0690 1.3762
vt 0.1111 1.3165
vt 0.1793 1.2884
vt 0.2556 1.2794
vt 0.3289 1.2674
vt 0.4039 1.2446
vt 0.5000 1.2023
vt 0.6086 1.1700
vt 0.6965 1.1859
vt 0.7741 1.2143
vt 0.8569 1.2289
vt 0.9369 1.2548
vt 0.9796 1.3267
vt 0.9834 1.4241
vt 0.9827 1.5104
vt 0.9999 1.5787
vt 1.0029 1.6525
vt 0.9634 1.7345
vt 0.9193 1.8285
vt 0.9802 1.9133
vt 0.9972 1.9913
vt 0.9960 2.0658
vt 0.9894 2.1410
vt 0.9657 2.2093
vt 0.9230 2.2639
vt 0.8643 2.3006
vt 0.7980 2.3232
vt 0.7343 2.3475
vt 0.6681 2.3723
vt 0.5904 2.3708
vt 0.5000 2.3428
vt 0.4125 2.3539
vt 0.3267 2.3891
vt 0.2428 2.3983
vt 0.1754 2.3672
vt 0.1323 2.3050
vt 0.1063 2.2338
vt 0.0772 2.1742
vt 0.0423 2.1208
vt 0.0150 2.0605
vt -0.0095 1.9954
vt -0.0348 1.9229
vt -0.0597 1.8285
vt -0.0779 1.7265
vt -0.0659 1.6432
vt -0.0417 1.5694
vt -0.0065 1.5051
vt 0.0411 1.4533
vt 0.0902 1.4067
vt 0.1398 1.3617
vt 0.1975 1.3266
vt 0.2627 1.3029
vt 0.3309 1.2813
vt 0.4054 1.2607
vt 0.5000 1.2359
vt 0.6014 1.2202
vt 0.6813 1.2418
vt 0.7501 1.2745
vt 0.8231 1.2924
vt 0.8963 1.3150
vt 0.9495 1.3659
vt 0.9743 1.4407
vt 0.9867 1.5178
vt 0.9985 1.5901
vt 0.9847 1.6698
vt 0.9301 1.7526
vt 0.9457 1.8420
vt 1.0112 1.9332
vt 0.9989 2.0071
vt 0.9762 2.0721
vt 0.9709 2.1457
vt 0.9615 2.2232
vt 0.9258 2.2848
vt 0.8635 2.3179
vt 0.7947 2.3361
vt 0.7298 2.3564
vt 0.6604 2.3664
vt 0.5839 2.3506
vt 0.5000 2.3327
vt 0.4159 2.3518
vt 0.3388 2.3689
vt 0.2700 2.3567
vt 0.2157 2.3186
vt 0.1757 2.2666
vt 0.1473 2.2088
vt 0.1261 2.1509
vt 0.1087 2.0944
vt 0.0841 2.0430
vt 0.0369 1.9952
vt -0.0144 1.9337
vt -0.0497 1.8420
vt -0.0624 1.7417
vt -0.0351 1.6649
vt -0.0083 1.5964
vt 0.0067 1.5238
vt 0.0382 1.4605
vt 0.0901 1.4157
vt 0.1466 1.3793
vt 0.2024 1.3429
vt 0.2608 1.3066
vt 0.3274 1.2778
vt 0.4051 1.2668
vt 0.5000 1.2731
vt 0.5926 1.2806
vt 0.6664 1.2979
vt 0.7344 1.3174
vt 0.8057 1.3294
vt 0.8769 1.3484
vt 0.9315 1.3932
vt 0.9618 1.4604
vt 0.9766 1.5346
vt 0.9796 1.6102
vt 0.9541 1.6917
vt 0.9124 1.7684
vt 0.9573 1.8587
vt 0.9977 1.9487
vt 0.9736 2.0176
vt 0.9549 2.0816
vt 0.9583 2.1585
vt 0.9564 2.2410
vt 0.9233 2.3051
vt 0.8622 2.3396
vt 0.7937 2.3580
vt 0.7246 2.3684
vt 0.6516 2.3612
vt 0.5787 2.3425
vt 0.5000 2.3403
vt 0.4195 2.3534
vt 0.3536 2.3438
vt 0.3014 2.3094
vt 0.2599 2.2670
vt 0.2201 2.2302
vt 0.1789 2.1973
vt 0.1451 2.1560
vt 0.1299 2.1007
vt 0.1189 2.0455
vt 0.0782 2.0002
vt 0.0195 1.9456
vt -0.0204 1.8587
vt -0.0450 1.7601
vt -0.0323 1.6801
vt -0.0011 1.6131
vt 0.0165 1.5425
vt 0.0349 1.4691
vt 0.0738 1.4092
vt 0.1293 1.3665
vt 0.1911 1.3336
vt 0.2557 1.3043
vt 0.3263 1.2829
vt 0.4065 1.2839
vt 0.5000 1.3079
vt 0.5877 1.3192
vt 0.6626 1.3197
vt 0.7370 1.3209
vt 0.8112 1.3296
vt 0.8767 1.3587
vt 0.9214 1.4143
vt 0.9436 1.4872
vt 0.9498 1.5645
vt 0.9407 1.6428
vt 0.9147 1.7196
vt 0.9022 1.7860
vt 0.9283 1.8787
vt 0.9560 1.9628
vt 0.9472 2.0316
vt 0.9407 2.0987
vt 0.9445 2.1749
vt 0.9395 2.2538
vt 0.9067 2.3157
vt 0.8496 2.3516
vt 0.7821 2.3674
vt 0.7105 2.3654
vt 0.6393 2.3491
vt 0.5733 2.3380
vt 0.5000 2.3489
vt 0.4239 2.3553
vt 0.3661 2.3308
vt 0.3248 2.2838
vt 0.2950 2.2339
vt 0.2633 2.1989
vt 0.2199 2.1797
vt 0.1734 2.1575
vt 0.1464 2.1144
vt 0.1387 2.0591
vt 0.1133 2.0109
vt 0.0613 1.9596
vt 0.0230 1.8787
vt -0.0112 1.7845
vt -0.0362 1.6954
vt -0.0241 1.6171
vt 0.0069 1.5501
vt 0.0379 1.4843
vt 0.0740 1.4210
vt 0.1234 1.3693
vt 0.1854 1.3338
vt 0.2545 1.3110
vt 0.3286 1.3001
vt 0.4090 1.3084
vt 0.5000 1.3332
vt 0.5862 1.3386
vt 0.6626 1.3295
vt 0.7389 1.3264
vt 0.8100 1.3417
vt 0.8674 1.3817
vt 0.9043 1.4443
vt 0.9201 1.5202
vt 0.9168 1.6010
vt 0.8978 1.6801
vt 0.8772 1.7498
vt 0.8819 1.8083
vt 0.8894 1.8997
vt 0.9246 1.9797
vt 0.9268 2.0490
vt 0.9180 2.1132
vt 0.9141 2.1821
vt 0.9055 2.2538
vt 0.8753 2.3123
vt 0.8224 2.3459
vt 0.7570 2.3552
vt 0.6890 2.3468
vt 0.6258 2.3345
vt 0.5679 2.3347
vt 0.5000 2.3494
vt 0.4294 2.3521
vt 0.3757 2.3293
vt 0.3369 2.2855
vt 0.3122 2.2325
vt 0.2915 2.1883
vt 0.2606 2.1629
vt 0.2187 2.1454
vt 0.1850 2.1145
vt 0.1722 2.0672
vt 0.1562 2.0199
vt 0.1152 1.9722
vt 0.0786 1.8997
vt 0.0467 1.8142
vt -0.0020 1.7241
vt -0.0227 1.6327
vt 0.0043 1.5617
vt 0.0536 1.5098
vt 0.1021 1.4622
vt 0.1492 1.4141
vt 0.2026 1.3725
vt 0.2650 1.3437
vt 0.3355 1.3313
vt 0.4126 1.3393
vt 0.5000 1.3631
vt 0.5824 1.3717
vt 0.6537 1.3685
vt 0.7231 1.3718
vt 0.7872 1.3906
vt 0.8409 1.4278
vt 0.8789 1.4831
vt 0.8953 1.5544
vt 0.8881 1.6351
vt 0.8657 1.7129
vt 0.8477 1.7781
vt 0.8523 1.8333
vt 0.8686 1.9192
vt 0.8987 1.9964
vt 0.8919 2.0600
vt 0.8762 2.1165
vt 0.8707 2.1788
vt 0.8637 2.2453
vt 0.8360 2.2985
vt 0.7861 2.3258
vt 0.7259 2.3305
vt 0.6674 2.3258
vt 0.6145 2.3253
vt 0.5630 2.3337
vt 0.5000 2.3438
vt 0.4358 2.3420
vt 0.3851 2.3269
vt 0.3451 2.2955
vt 0.3189 2.2488
vt 0.3031 2.1990
vt 0.2862 2.1606
vt 0.2602 2.1342
vt 0.2341 2.1054
vt 0.2210 2.0656
vt 0.2108 2.0231
vt 0.1809 1.9810
vt 0.1414 1.9192
vt 0.1090 1.8435
vt 0.0614 1.7617
vt 0.0248 1.6700
vt 0.0355 1.5940
vt 0.0841 1.5463
vt 0.1392 1.5119
vt 0.1860 1.4730
vt 0.2302 1.4282
vt 0.2817 1.3889
vt 0.3445 1.3676
vt 0.4168 1.3719
vt 0.5000 1.3998
vt 0.5754 1.4230
vt 0.6372 1.4325
vt 0.6970 1.4406
vt 0.7554 1.4543
vt 0.8096 1.4793
vt 0.8518 1.5220
vt 0.8722 1.5855
vt 0.8670 1.6622
vt 0.8469 1.7372
vt 0.8305 1.8005
vt 0.8340 1.8545
vt 0.8439 1.9350
vt 0.8530 2.0053
vt 0.8385 2.0601
vt 0.8273 2.1117
vt 0.8278 2.1712
vt 0.8226 2.2327
vt 0.7954 2.2782
vt 0.7492 2.2995
vt 0.6975 2.3049
vt 0.6497 2.3092
vt 0.6053 2.3194
vt 0.5584 2.3308
vt 0.5000 2.3333
vt 0.4423 2.3259
vt 0.3960 2.3149
vt 0.3564 2.2941
vt 0.3275 2.2581
vt 0.3105 2.2121
vt 0.2994 2.1680
vt 0.2866 2.1319
vt 0.2737 2.0981
vt 0.2683 2.0600
vt 0.2660 2.0215
vt 0.2468 1.9854
vt 0.2026 1.9350
vt 0.1568 1.8666
vt 0.1143 1.7924
vt 0.0821 1.7094
vt 0.0850 1.6360
vt 0.1228 1.5869
vt 0.1718 1.5537
vt 0.2145 1.5174
vt 0.2524 1.4712
vt 0.2961 1.4251
vt 0.3524 1.3959
vt 0.4204 1.3959
vt 0.5000 1.4289
vt 0.5689 1.4681
vt 0.6217 1.4906
vt 0.6728 1.5029
vt 0.7258 1.5121
vt 0.7781 1.5282
vt 0.8212 1.5618
vt 0.8444 1.6171
vt 0.8444 1.6868
vt 0.8304 1.7566
vt 0.8183 1.8173
vt 0.8217 1.8709
vt 0.7938 1.9455
vt 0.7899 2.0050
vt 0.7820 2.0528
vt 0.7828 2.1027
vt 0.7885 2.1595
vt 0.7827 2.2141
vt 0.7563 2.2521
vt 0.7158 2.2704
vt 0.6730 2.2791
vt 0.6336 2.2895
vt 0.5952 2.3035
vt 0.5527 2.3132
vt 0.5000 2.3096
vt 0.4495 2.2980
vt 0.4092 2.2870
vt 0.3734 2.2713
vt 0.3447 2.2449
vt 0.3254 2.2084
vt 0.3138 2.1682
vt 0.3062 2.1296
vt 0.3029 2.0917
vt 0.3073 2.0526
vt 0.3143 2.0162
vt 0.3048 1.9856
vt 0.2577 1.9455
vt 0.1940 1.8827
vt 0.1489 1.8119
vt 0.1248 1.7370
vt 0.1299 1.6709
vt 0.1606 1.6230
vt 0.2008 1.5877
vt 0.2379 1.5508
vt 0.2719 1.5056
vt 0.3111 1.4593
vt 0.3623 1.4279
vt 0.4253 1.4249
vt 0.5000 1.4579
vt 0.5633 1.5042
vt 0.6092 1.5351
vt 0.6526 1.5527
vt 0.6981 1.5634
vt 0.7440 1.5781
vt 0.7828 1.6073
vt 0.8058 1.6550
vt 0.8100 1.7156
vt 0.8018 1.7778
vt 0.7926 1.8342
vt 0.7906 1.8859
vt 0.7230 1.9538
vt 0.7218 2.0006
vt 0.7285 2.0433
vt 0.7402 2.0912
vt 0.7474 2.1427
vt 0.7397 2.1883
vt 0.7153 2.2190
vt 0.6813 2.2349
vt 0.6461 2.2439
vt 0.6129 2.2531
vt 0.5797 2.2624
vt 0.5434 2.2656
vt 0.5000 2.2569
vt 0.4595 2.2443
vt 0.4276 2.2339
vt 0.3988 2.2220
vt 0.3737 2.2046
vt 0.3540 2.1802
vt 0.3405 2.1502
vt 0.3336 2.1165
vt 0.3351 2.0798
vt 0.3461 2.0418
vt 0.3603 2.0085
vt 0.3589 1.9836
vt 0.3141 1.9538
vt 0.2398 1.8988
vt 0.1888 1.8318
vt 0.1671 1.7633
vt 0.1738 1.7046
vt 0.2004 1.6607
vt 0.2344 1.6267
vt 0.2673 1.5930
vt 0.2989 1.5546
vt 0.3348 1.5159
vt 0.3797 1.4882
vt 0.4344 1.4830
vt 0.5000 1.5079
vt 0.5566 1.5477
vt 0.5970 1.5782
vt 0.6339 1.5989
vt 0.6710 1.6142
vt 0.7074 1.6323
vt 0.7378 1.6609
vt 0.7564 1.7030
vt 0.7607 1.7546
vt 0.7542 1.8083
vt 0.7431 1.8585
vt 0.7321 1.9047
vt 0.6536 1.9608
vt 0.6628 1.9963
vt 0.6806 2.0339
vt 0.6965 2.0770
vt 0.7020 2.1202
vt 0.6928 2.1557
vt 0.6712 2.1787
vt 0.6430 2.1900
vt 0.6138 2.1944
vt 0.5858 2.1958
vt 0.5584 2.1944
vt 0.5306 2.1877
vt 0.5000 2.1736
vt 0.4729 2.1618
vt 0.4516 2.1542
vt 0.4318 2.1477
vt 0.4130 2.1393
vt 0.3964 2.1268
vt 0.3836 2.1089
vt 0.3772 2.0849
vt 0.3799 2.0556
vt 0.3922 2.0245
vt 0.4078 1.9981
vt 0.4106 1.9803
vt 0.3746 1.9608
vt 0.3052 1.9182
vt 0.2532 1.8608
vt 0.2287 1.8003
vt 0.2307 1.7481
vt 0.2504 1.7084
vt 0.2779 1.6781
vt 0.3068 1.6511
vt 0.3357 1.6236
vt 0.3672 1.5970
vt 0.4041 1.5770
vt 0.4474 1.5700
vt 0.5000 1.5807
vt 0.5483 1.6024
vt 0.5845 1.6228
vt 0.6167 1.6409
vt 0.6471 1.6588
vt 0.6746 1.6808
vt 0.6961 1.7112
vt 0.7077 1.7507
vt 0.7078 1.7967
vt 0.6976 1.8439
vt 0.6811 1.8874
vt 0.6637 1.9250
vt 0.6005 1.9671
vt 0.6158 1.9935
vt 0.6353 2.0243
vt 0.6491 2.0592
vt 0.6517 2.0922
vt 0.6425 2.1176
vt 0.6245 2.1327
vt 0.6021 2.1380
vt 0.5787 2.1359
vt 0.5565 2.1288
vt 0.5360 2.1176
vt 0.5175 2.1027
vt 0.5000 2.0843
vt 0.4864 2.0724
vt 0.4761 2.0671
vt 0.4659 2.0647
vt 0.4554 2.0627
vt 0.4451 2.0589
vt 0.4368 2.0512
vt 0.4326 2.0383
vt 0.4350 2.0207
vt 0.4444 2.0014
vt 0.4564 1.9855
vt 0.4603 1.9761
vt 0.4378 1.9671
vt 0.3879 1.9415
vt 0.3452 1.9015
vt 0.3196 1.8555
vt 0.3129 1.8127
vt 0.3208 1.7778
vt 0.3372 1.7505
vt 0.3572 1.7280
vt 0.3791 1.7078
vt 0.4030 1.6895
vt 0.4300 1.6744
vt 0.4610 1.6645
vt 0.5000 1.6612
vt 0.5391 1.6640
vt 0.5706 1.6718
vt 0.5989 1.6839
vt 0.6240 1.7012
vt 0.6445 1.7251
vt 0.6581 1.7568
vt 0.6627 1.7952
vt 0.6572 1.8374
vt 0.6428 1.8788
vt 0.6234 1.9148
vt 0.6059 1.9429
vt 0.5598 1.9733
vt 0.5745 1.9914
vt 0.5897 2.0139
vt 0.5989 2.0386
vt 0.5995 2.0610
vt 0.5922 2.0774
vt 0.5793 2.0860
vt 0.5635 2.0870
vt 0.5473 2.0816
vt 0.5320 2.0712
vt 0.5188 2.0571
vt 0.5081 2.0406
vt 0.5000 2.0221
vt 0.4956 2.0097
vt 0.4931 2.0041
vt 0.4906 2.0019
vt 0.4877 2.0015
vt 0.4845 2.0011
vt 0.4818 1.9991
vt 0.4811 1.9946
vt 0.4838 1.9876
vt 0.4902 1.9798
vt 0.4985 1.9739
vt 0.5036 1.9724
vt 0.4957 1.9733
vt 0.4699 1.9659
vt 0.4431 1.9475
vt 0.4221 1.9218
vt 0.4100 1.8939
vt 0.4063 1.8674
vt 0.4090 1.8439
vt 0.4163 1.8233
vt 0.4266 1.8049
vt 0.4395 1.7882
vt 0.4552 1.7732
vt 0.4743 1.7602
vt 0.5000 1.7488
vt 0.5280 1.7413
vt 0.5519 1.7414
vt 0.5734 1.7486
vt 0.5916 1.7632
vt 0.6050 1.7852
vt 0.6121 1.8139
vt 0.6116 1.8472
vt 0.6035 1.8820
vt 0.5894 1.9142
vt 0.5730 1.9402
vt 0.5605 1.9585
vt 0.5222 1.9800
vt 0.5342 1.9894
vt 0.5450 2.0029
vt 0.5513 2.0181
vt 0.5521 2.0317
vt 0.5483 2.0414
vt 0.5414 2.0463
vt 0.5329 2.0463
vt 0.5240 2.0420
vt 0.5158 2.0343
vt 0.5087 2.0240
vt 0.5034 2.0120
vt 0.5000 1.9983
vt 0.4992 1.9877
vt 0.4997 1.9816
vt 0.5006 1.9780
vt 0.5015 1.9760
vt 0.5025 1.9749
vt 0.5039 1.9738
vt 0.5061 1.9722
vt 0.5100 1.9701
vt 0.5160 1.9681
vt 0.5240 1.9678
vt 0.5320 1.9712
vt 0.5355 1.9800
vt 0.5277 1.9876
vt 0.5147 1.9875
vt 0.5008 1.9806
vt 0.4887 1.9688
vt 0.4796 1.9540
vt 0.4737 1.9380
vt 0.4710 1.9216
vt 0.4712 1.9056
vt 0.4740 1.8904
vt 0.4794 1.8763
vt 0.4875 1.8637
vt 0.5000 1.8519
vt 0.5147 1.8433
vt 0.5276 1.8414
vt 0.5390 1.8456
vt 0.5482 1.8558
vt 0.5540 1.8713
vt 0.5556 1.8910
vt 0.5527 1.9130
vt 0.5457 1.9347
vt 0.5358 1.9534
vt 0.5258 1.9669
vt 0.5195 1.9746
vt 0.5000 1.7600
vt 0.5000 1.9800
f 1/1/1 2/2/2 50/50/50
f 1/1/1 50/50/50 49/49/49
f 2/2/2 3/3/3 51/51/51
f 2/2/2 51/51/51 50/50/50
f 3/3/3 4/4/4 52/52/52
f 3/3/3 52/52/52 51/51/51
f 4/4/4 5/5/5 53/53/53
f 4/4/4 53/53/53 52/52/52
f 5/5/5 6/6/6 54/54/54
f 5/5/5 54/54/54 53/53/53
f 6/6/6 7/7/7 55/55/55
f 6/6/6 55/55/55 54/54/54
f 7/7/7 8/8/8 56/56/56
f 7/7/7 56/56/56 55/55/55
f 8/8/8 9/9/9 57/57/57
f 8/8/8 57/57/57 56/56/56
f 9/9/9 10/10/10 58/58/58
f 9/9/9 58/58/58 57/57/57
f 10/10/10 11/11/11 59/59/59
f 10/10/10 59/59/59 58/58/58
f 11/11/11 12/12/12 60/60/60
f 11/11/11 60/60/60 59/59/59
f 12/12/12 13/13/13 61/61/61
f 12/12/12 61/61/61 60/60/60
f 13/13/13 14/14/14 62/62/62
f 13/13/13 62/62/62 61/61/61
f 14/14/14 15/15/15 63/63/63
f 14/14/14 63/63/63 62/62/62
f 15/15/15 16/16/16 64/64/64
f 15/15/15 64/64/64 63/63/63
f 16/16/16 17/17/17 65/65/65
f 16/16/16 65/65/65 64/64/64
f 17/17/17 18/18/18 66/66/66
f 17/17/17 66/66/66 65/65/65
f 18/18/18 19/19/19 67/67/67
f 18/18/18 67/67/67 66/66/66
f 19/19/19 20/20/20 68/68/68
f 19/19/19 68/68/68 67/67/67
f 20/20/20 21/21/21 69/69/69
f 20/20/20 69/69/69 68/68/68
f 21/21/21 22/22/22 70/70/70
f 21/21/21 70/70/70 69/69/69
f 22/22/22 23/23/23 71/71/71
f 22/22/22 71/71/71 70/70/70
f 23/23/23 24/24/24 72/72/72
f 23/23/23 72/72/72 71/71/71
f 24/24/24 25/25/25 73/73/73
f 24/24/24 73/73/73 72/72/72
f 25/25/25 26/26/26 74/74/74
f 25/25/25 74/74/74 73/73/73
f 26/26/26 27/27/27 75/75/75
f 26/26/26 75/75/75 74/74/74
f 27/27/27 28/28/28 76/76/76
f 27/27/27 76/76/76 75/75/75
f 28/28/28 29/29/29 77/77/77
f 28/28/28 77/77/77 76/76/76
f 29/29/29 30/30/30 78/78/78
f 29/29/29 78/78/78 77/77/77
f 30/30/30 31/31/31 79/79/79
f 30/30/30 79/79/79 78/78/78
f 31/31/31 32/32/32 80/80/80
f 31/31/31 80/80/80 79/79/79
f 32/32/32 33/33/33 81/81/81
f 32/32/32 81/81/81 80/80/80
f 33/33/33 34/34/34 82/82/82
f 33/33/33 82/82/82 81/81/81
f 34/34/34 35/35/35 83/83/83
f 34/34/34 83/83/83 82/82/82
f 35/35/35 36/36/36 84/84/84
f 35/35/35 84/84/84 83/83/83
f 36/36/36 37/37/37 85/85/85
f 36/36/36 85/85/85 84/84/84
f 37/37/37 38/38/38 86/86/86
f 37/37/37 86/86/86 85/85/85
f 38/38/38 39/39/39 87/87/87
f 38/38/38 87/87/87 86/86/86
f 39/39/39 40/40/40 88/88/88
f 39/39/39 88/88/88 87/87/87
f 40/40/40 41/41/41 89/89/89
f 40/40/40 89/89/89 88/88/88
f 41/41/41 42/42/42 90/90/90
f 41/41/41 90/90/90 89/89/89
f 42/42/42 43/43/43 91/91/91
f 42/42/42 91/91/91 90/90/90
f 43/43/43 44/44/44 92/92/92
f 43/43/43 92/92/92 91/91/91
f 44/44/44 45/45/45 93/93/93
f 44/44/44 93/93/93 92/92/92
f 45/45/45 46/46/46 94/94/94
f 45/45/45 94/94/94 93/93/93
f 46/46/46 47/47/47 95/95/95
f 46/46/46 95/95/95 94/94/94
f 47/47/47 48/48/48 96/96/96
f 47/47/47 96/96/96 95/95/95
f 48/48/48 1/1/1 49/49/49
f 48/48/48 49/49/49 96/96/96
f 49/49/49 50/50/50 98/98/98
f 49/49/49 98/98/98 97/97/97
f 50/50/50 51/51/51 99/99/99
f 50/50/50 99/99/99 98/98/98
f 51/51/51 52/52/52 100/100/100
f 51/51/51 100/100/100 99/99/99
f 52/52/52 53/53/53 101/101/101
f 52/52/52 101/101/101 100/100/100
f 53/53/53 54/54/54 102/102/102
f 53/53/53 102/102/102 101/101/101
f 54/54/54 55/55/55 103/103/103
f 54/54/54 103/103/103 102/102/102
f 55/55/55 56/56/56 104/104/104
f 55/55/55 104/104/104 103/103/103
f 56/56/56 57/57/57 105/105/105
f 56/56/56 105/105/105 104/104/104
f 57/57/57 58/58/58 106/106/106
f 57/57/57 106/106/106 105/105/105
f 58/58/58 59/59/59 107/107/107
f 58/58/58 107/107/107 106/106/106
f 59/59/59 60/60/60 108/108/108
f 59/59/59 108/108/108 107/107/107
f 60/60/60 61/61/61 109/109/109
f 60/60/60 109/109/109 108/108/108
f 61/61/61 62/62/62 110/110/110
f 61/61/61 110/110/110 109/109/109
f 62/62/62 63/63/63 111/111/111
f 62/62/62 111/111/111 110/110/110
f 63/63/63 64/64/64 112/112/112
f 63/63/63 112/112/112 111/111/111
f 64/64/64 65/65/65 113/113/113
f 64/64/64 113/113/113 112/112/112
f 65/65/65 66/66/66 114/114/114
f 65/65/65 114/114/114 113/113/113
f 66/66/66 67/67/67 115/115/115
f 66/66/66 115/115/115 114/114/114
f 67/67/67 68/68/68 116/116/116
f 67/67/67 116/116/116 115/115/115
f 68/68/68 69/69/69 117/117/117
f 68/68/68 117/117/117 116/116/116
f 69/69/69 70/70/70 118/118/118
f 69/69/69 118/118/118 117/117/117
f 70/70/70 71/71/71 119/119/119
f 70/70/70 119/119/119 118/118/118
f 71/71/71 72/72/72 120/120/120
f 71/71/71 120/120/120 119/119/119
f 72/72/72 73/73/73 121/121/121
f 72/72/72 121/121/121 120/120/120
f 73/73/73 74/74/74 122/122/122
f 73/73/73 122/122/122 121/121/121
f 74/74/74 75/75/75 123/123/123
f 74/74/74 123/123/123 122/122/122
f 75/75/75 76/76/76 124/124/124
f 75/75/75 124/124/124 123/123/123
f 76/76/76 77/77/77 125/125/125
f 76/76/76 125/125/125 124/124/124
f 77/77/77 78/78/78 126/126/126
f 77/77/77 126/126/126 125/125/125
f 78/78/78 79/79/79 127/127/127
f 78/78/78 127/127/127 126/126/126
f 79/79/79 80/80/80 128/128/128
f 79/79/79 128/128/128 127/127/127
f 80/80/80 81/81/81 129/129/129
f 80/80/80 129/129/129 128/128/128
f 81/81/81 82/82/82 130/130/130
f 81/81/81 130/130/130 129/129/129
f 82/82/82 83/83/83 131/131/131
f 82/82/82 131/131/131 130/130/130
f 83/83/83 84/84/84 132/132/132
f 83/83/83 132/132/132 131/131/131
f 84/84/84 85/85/85 133/133/133
f 84/84/84 133/133/133 132/132/132
f 85/85/85 86/86/86 134/134/134
f 85/85/85 134/134/134 133/133/133
f 86/86/86 87/87/87 135/135/135
f 86/86/86 135/135/135 134/134/134
f 87/87/87 88/88/88 136/136/136
f 87/87/87 136/136/136 135/135/135
f 88/88/88 89/89/89 137/137/137
f 88/88/88 137/137/137 136/136/136
f 89/89/89 90/90/90 138/138/138
f 89/89/89 138/138/138 137/137/137
f 90/90/90 91/91/91 139/139/139
f 90/90/90 139/139/139 138/138/138
f 91/91/91 92/92/92 140/140/140
f 91/91/91 140/140/140 139/139/139
f 92/92/92 93/93/93 141/141/141
f 92/92/92 141/141/141 140/140/140
f 93/93/93 94/94/94 142/142/142
f 93/93/93 142/142/142 141/141/141
f 94/94/94 95/95/95 143/143/143
f 94/94/94 143/143/143 142/142/142
f 95/95/95 96/96/96 144/144/144
f 95/95/95 144/144/144 143/143/143
f 96/96/96 49/49/49 97/97/97
f 96/96/96 97/97/97 144/144/144
f 97/97/97 98/98/98 146/146/146
f 97/97/97 146/146/146 145/145/145
f 98/98/98 99/99/99 147/147/147
f 98/98/98 147/147/147 146/146/146
f 99/99/99 100/100/100 148/148/148
f 99/99/99 148/148/148 147/147/147
f 100/100/100 101/101/101 149/149/149
f 100/100/100 149/149/149 148/148/148
f 101/101/101 102/102/102 150/150/150
f 101/101/101 150/150/150 149/149/149
f 102/102/102 103/103/103 151/151/151
f 102/102/102 151/151/151 150/150/150
f 103/103/103 104/104/104 152/152/152
f 103/103/103 152/152/152 151/151/151
f 104/104/104 105/105/105 153/153/153
f 104/104/104 153/153/153 152/152/152
f 105/105/105 106/106/106 154/154/154
f 105/105/105 154/154/154 153/153/153
f 106/106/106 107/107/107 155/155/155
f 106/106/106 155/155/155 154/154/154
f 107/107/107 108/108/108 156/156/156
f 107/107/107 156/156/156 155/155/155
f 108/108/108 109/109/109 157/157/157
f 108/108/108 157/157/157 156/156/156
f 109/109/109 110/110/110 158/158/158
f 109/109/109 158/158/158 157/157/157
f 110/110/110 111/111/111 159/159/159
f 110/110/110 159/159/159 158/158/158
f 111/111/111 112/112/112 160/160/160
f 111/111/111 160/160/160 159/159/159
f 112/112/112 113/113/113 161/161/161
f 112/112/112 161/161/161 160/160/160
f 113/113/113 114/114/114 162/162/162
f 113/113/113 162/162/162 161/161/161
f 114/114/114 115/115/115 163/163/163
f 114/114/114 163/163/163 162/162/162
f 115/115/115 116/116/116 164/164/164
f 115/115/115 164/164/164 163/163/163
f 116/116/116 117/117/117 165/165/165
f 116/116/116 165/165/165 164/164/164
f 117/117/117 118/118/118 166/166/166
f 117/117/117 166/166/166 165/165/165
f 118/118/118 119/119/119 167/167/167
f 118/118/118 167/167/167 166/166/166
f 119/119/119 120/120/120 168/168/168
f 119/119/119 168/168/168 167/167/167
f 120/120/120 121/121/121 169/169/169
f 120/120/120 169/169/169 168/168/168
f 121/121/121 122/122/122 170/170/170
f 121/121/121 170/170/170 169/169/169
f 122/122/122 123/123/123 171/171/171
f 122/122/122 171/171/171 170/170/170
f 123/123/123 124/124/124 172/172/172
f 123/123/123 172/172/172 171/171/171
f 124/124/124 125/125/125 173/173/173
f 124/124/124 173/173/173 172/172/172
f 125/125/125 126/126/126 174/174/174
f 125/125/125 174/174/174 173/173/173
f 126/126/126 127/127/127 175/175/175
f 126/126/126 175/175/175 174/174/174
f 127/127/127 128/128/128 176/176/176
f 127/127/127 176/176/176 175/175/175
f 128/128/128 129/129/129 177/177/177
f 128/128/128 177/177/177 176/176/176
f 129/129/129 130/130/130 178/178/178
f 129/129/129 178/178/178 177/177/177
f 130/130/130 131/131/131 179/179/179
f 130/130/130 179/179/179 178/178/178
f 131/131/131 132/132/132 180/180/180
f 131/131/131 180/180/180 179/179/179
f 132/132/132 133/133/133 181/181/181
f 132/132/132 181/181/181 180/180/180
f 133/133/133 134/134/134 182/182/182
f 133/133/133 182/182/182 181/181/181
f 134/134/134 135/135/135 183/183/183
f 134/134/134 183/183/183 182/182/182
f 135/135/135 136/136/136 184/184/184
f 135/135/135 184/184/184 183/183/183
f 136/136/136 137/137/137 185/185/185
f 136/136/136 185/185/185 184/184/184
f 137/137/137 138/138/138 186/186/186
f 137/137/137 186/186/186 185/185/185
f 138/138/138 139/139/139 187/187/187
f 138/138/138 187/187/187 186/186/186
f 139/139/139 140/140/140 188/188/188
f 139/139/139 188/188/188 187/187/187
f 140/140/140 141/141/141 189/189/189
f 140/140/140 189/189/189 188/188/188
f 141/141/141 142/142/142 190/190/190
f 141/141/141 190/190/190 189/189/189
f 142/142/142 143/143/143 191/191/191
f 142/142/142 191/191/191 190/190/190
f 143/143/143 144/144/144 192/192/192
f 143/143/143 192/192/192 191/191/191
f 144/144/144 97/97/97 145/145/145
f 144/144/144 145/145/145 192/192/192
f 145/145/145 146/146/146 194/194/194
f 145/145/145 194/194/194 193/193/193
f 146/146/146 147/147/147 195/195/195
f 146/146/146 195/195/195 194/194/194
f 147/147/147 148/148/148 196/196/196
f 147/147/147 196/196/196 195/195/195
f 148/148/148 149/149/149 197/197/197
f 148/148/148 197/197/197 196/196/196
f 149/149/149 150/150/150 198/198/198
f 149/149/149 198/198/198 197/197/197
f 150/150/150 151/151/151 199/199/199
f 150/150/150 199/199/199 198/198/198
f 151/151/151 152/152/152 200/200/200
f 151/151/151 200/200/200 199/199/199
f 152/152/152 153/153/153 201/201/201
f 152/152/152 201/201/201 200/200/200
f 153/153/153 154/154/154 202/202/202
f 153/153/153 202/202/202 201/201/201
f 154/154/154 155/155/155 203/203/203
f 154/154/154 203/203/203 202/202/202
f 155/155/155 156/156/156 204/204/204
f 155/155/155 204/204/204 203/203/203
f 156/156/156 157/157/157 205/205/205
f 156/156/156 205/205/205 204/204/204
f 157/157/157 158/158/158 206/206/206
f 157/157/157 206/206/206 205/205/205
f 158/158/158 159/159/159 207/207/207
f 158/158/158 207/207/207 206/206/206
f 159/159/159 160/160/160 208/208/208
f 159/159/159 208/208/208 207/207/207
f 160/160/160 161/161/161 209/209/209
f 160/160/160 209/209/209 208/208/208
f 161/161/161 162/162/162 210/210/210
f 161/161/161 210/210/210 209/209/209
f 162/162/162 163/163/163 211/211/211
f 162/162/162 211/211/211 210/210/210
f 163/163/163 164/164/164 212/212/212
f 163/163/163 212/212/212 211/211/211
f 164/164/164 165/165/165 213/213/213
f 164/164/164 213/213/213 212/212/212
f 165/165/165 166/166/166 214/214/214
f 165/165/165 214/214/214 213/213/213
f 166/166/166 167/167/167 215/215/215
f 166/166/166 215/215/215 214/214/214
f 167/167/167 168/168/168 216/216/216
f 167/167/167 216/216/216 215/215/215
f 168/168/168 169/169/169 217/217/217
f 168/168/168 217/217/217 216/216/216
f 169/169/169 170/170/170 218/218/218
f 169/169/169 218/218/218 217/217/217
f 170/170/170 171/171/171 219/219/219
f 170/170/170 219/219/219 218/218/218
f 171/171/171 172/172/172 220/220/220
f 171/171/171 220/220/220 219/219/219
f 172/172/172 173/173/173 221/221/221
f 172/172/172 221/221/221 220/220/220
f 173/173/173 174/174/174 222/222/222
f 173/173/173 222/222/222 221/221/221
f 174/174/174 175/175/175 223/223/223
f 174/174/174 223/223/223 222/222/222
f 175/175/175 176/176/176 224/224/224
f 175/175/175 224/224/224 223/223/223
f 176/176/176 177/177/177 225/225/225
f 176/176/176 225/225/225 224/224/224
f 177/177/177 178/178/178 226/226/226
f 177/177/177 226/226/226 225/225/225
f 178/178/178 179/179/179 227/227/227
f 178/178/178 227/227/227 226/226/226
f 179/179/179 180/180/180 228/228/228
f 179/179/179 228/228/228 227/227/227
f 180/180/180 181/181/181 229/229/229
f 180/180/180 229/229/229 228/228/228
f 181/181/181 182/182/182 230/230/230
f 181/181/181 230/230/230 229/229/229
f 182/182/182 183/183/183 231/231/231
f 182/182/182 231/231/231 230/230/230
f 183/183/183 184/184/184 232/232/232
f 183/183/183 232/232/232 231/231/231
f 184/184/184 185/185/185 233/233/233
f 184/184/184 233/233/233 232/232/232
f 185/185/185 186/186/186 234/234/234
f 185/185/185 234/234/234 233/233/233
f 186/186/186 187/187/187 235/235/235
f 186/186/186 235/235/235 234/234/234
f 187/187/187 188/188/188 236/236/236
f 187/187/187 236/236/236 235/235/235
f 188/188/188 189/189/189 237/237/237
f 188/188/188 237/237/237 236/236/236
f 189/189/189 190/190/190 238/238/238
f 189/189/189 238/238/238 237/237/237
f 190/190/190 191/191/191 239/239/239
f 190/190/190 239/239/239 238/238/238
f 191/191/191 192/192/192 240/240/240
f 191/191/191 240/240/240 239/239/239
f 192/192/192 145/145/145 193/193/193
f 192/192/192 193/193/193 240/240/240
f 193/193/193 194/194/194 242/242/242
f 193/193/193 242/242/242 241/241/241
f 194/194/194 195/195/195 243/243/243
f 194/194/194 243/243/243 242/242/242
f 195/195/195 196/196/196 244/244/244
f 195/195/195 244/244/244 243/243/243
f 196/196/196 197/197/197 245/245/245
f 196/196/196 245/245/245 244/244/244
f 197/197/197 198/198/198 246/246/246
f 197/197/197 246/246/246 245/245/245
f 198/198/198 199/199/199 247/247/247
f 198/198/198 247/247/247 246/246/246
f 199/199/199 200/200/200 248/248/248
f 199/199/199 248/248/248 247/247/247
f 200/200/200 201/201/201 249/249/249
f 200/200/200 249/249/249 248/248/248
f 201/201/201 202/202/202 250/250/250
f 201/201/201 250/250/250 249/249/249
f 202/202/202 203/203/203 251/251/251
f 202/202/202 251/251/251 250/250/250
f 203/203/203 204/204/204 252/252/252
f 203/203/203 252/252/252 251/251/251
f 204/204/204 205/205/205 253/253/253
f 204/204/204 253/253/253 252/252/252
f 205/205/205 206/206/206 254/254/254
f 205/205/205 254/254/254 253/253/253
f 206/206/206 207/207/207 255/255/255
f 206/206/206 255/255/255 254/254/254
f 207/207/207 208/208/208 256/256/256
f 207/207/207 256/256/256 255/255/255
f 208/208/208 209/209/209 257/257/257
f 208/208/208 257/257/257 256/256/256
f 209/209/209 210/210/210 258/258/258
f 209/209/209 258/258/258 257/257/257
f 210/210/210 211/211/211 259/259/259
f 210/210/210 259/259/259 258/258/258
f 211/211/211 212/212/212 260/260/260
f 211/211/211 260/260/260 259/259/259
f 212/212/212 213/213/213 261/261/261
f 212/212/212 261/261/261 260/260/260
f 213/213/213 214/214/214 262/262/262
f 213/213/213 262/262/262 261/261/261
f 214/214/214 215/215/215 263/263/263
f 214/214/214 263/263/263 262/262/262
f 215/215/215 216/216/216 264/264/264
f 215/215/215 264/264/264 263/263/263
f 216/216/216 217/217/217 265/265/265
f 216/216/216 265/265/265 264/264/264
f 217/217/217 218/218/218 266/266/266
f 217/217/217 266/266/266 265/265/265
f 218/218/218 219/219/219 267/267/267
f 218/218/218 267/267/267 266/266/266
f 219/219/219 220/220/220 268/268/268
f 219/219/219 268/268/268 267/267/267
f 220/220/220 221/221/221 269/269/269
f 220/220/220 269/269/269 268/268/268
f 221/221/221 222/222/222 270/270/270
f 221/221/221 270/270/270 269/269/269
f 222/222/222 223/223/223 271/271/271
f 222/222/222 271/271/271 270/270/270
f 223/223/223 224/224/224 272/272/272
f 223/223/223 272/272/272 271/271/271
f 224/224/224 225/225/225 273/273/273
f 224/224/224 273/273/273 272/272/272
f 225/225/225 226/226/226 274/274/274
f 225/225/225 274/274/274 273/273/273
f 226/226/226 227/227/227 275/275/275
f 226/226/226 275/275/275 274/274/274
f 227/227/227 228/228/228 276/276/276
f 227/227/227 276/276/276 275/275/275
f 228/228/228 229/229/229 277/277/277
f 228/228/228 277/277/277 276/276/276
f 229/229/229 230/230/230 278/278/278
f 229/229/229 278/278/278 277/277/277
f 230/230/230 231/231/231 279/279/279
f 230/230/230 279/279/279 278/278/278
f 231/231/231 232/232/232 280/280/280
f 231/231/231 280/280/280 279/279/279
f 232/232/232 233/233/233 281/281/281
f 232/232/232 281/281/281 280/280/280
f 233/233/233 234/234/234 282/282/282
f 233/233/233 282/282/282 281/281/281
f 234/234/234 235/235/235 283/283/283
f 234/234/234 283/283/283 282/282/282
f 235/235/235 236/236/236 284/284/284
f 235/235/235 284/284/284 283/283/283
f 236/236/236 237/237/237 285/285/285
f 236/236/236 285/285/285 284/284/284
f 237/237/237 238/238/238 286/286/286
f 237/237/237 286/286/286 285/285/285
f 238/238/238 239/239/239 287/287/287
f 238/238/238 287/287/287 286/286/286
f 239/239/239 240/240/240 288/288/288
f 239/239/239 288/288/288 287/287/287
f 240/240/240 193/193/193 241/241/241
f 240/240/240 241/241/241 288/288/288
f 241/241/241 242/242/242 290/290/290
f 241/241/241 290/290/290 289/289/289
f 242/242/242 243/243/243 291/291/291
f 242/242/242 291/291/291 290/290/290
f 243/243/243 244/244/244 292/292/292
f 243/243/243 292/292/292 291/291/291
f 244/244/244 245/245/245 293/293/293
f 244/244/244 293/293/293 292/292/292
f 245/245/245 246/246/246 294/294/294
f 245/245/245 294/294/294 293/293/293
f 246/246/246 247/247/247 295/295/295
f 246/246/246 295/295/295 294/294/294
f 247/247/247 248/248/248 296/296/296
f 247/247/247 296/296/296 295/295/295
f 248/248/248 249/249/249 297/297/297
f 248/248/248 297/297/297 296/296/296
f 249/249/249 250/250/250 298/298/298
f 249/249/249 298/298/298 297/297/297
f 250/250/250 251/251/251 299/299/299
f 250/250/250 299/299/299 298/298/298
f 251/251/251 252/252/252 300/300/300
f 251/251/251 300/300/300 299/299/299
f 252/252/252 253/253/253 301/301/301
f 252/252/252 301/301/301 300/300/300
f 253/253/253 254/254/254 302/302/302
f 253/253/253 302/302/302 301/301/301
f 254/254/254 255/255/255 303/303/303
f 254/254/254 303/303/303 302/302/302
f 255/255/255 256/256/256 304/304/304
f 255/255/255 304/304/304 303/303/303
f 256/256/256 257/257/257 305/305/305
f 256/256/256 305/305/305 304/304/304
f 257/257/257 258/258/258 306/306/306
f 257/257/257 306/306/306 305/305/305
f 258/258/258 259/259/259 307/307/307
f 258/258/258 307/307/307 306/306/306
f 259/259/259 260/260/260 308/308/308
f 259/259/259 308/308/308 307/307/307
f 260/260/260 261/261/261 309/309/309
f 260/260/260 309/309/309 308/308/308
f 261/261/261 262/262/262 310/310/310
f 261/261/261 310/310/310 309/309/309
f 262/262/262 263/263/263 311/311/311
f 262/262/262 311/311/311 310/310/310
f 263/263/263 264/264/264 312/312/312
f 263/263/263 312/312/312 311/311/311
f 264/264/264 265/265/265 313/313/313
f 264/264/264 313/313/313 312/312/312
f 265/265/265 266/266/266 314/314/314
f 265/265/265 314/314/314 313/313/313
f 266/266/266 267/267/267 315/315/315
f 266/266/266 315/315/315 314/314/314
f 267/267/267 268/268/268 316/316/316
f 267/267/267 316/316/316 315/315/315
f 268/268/268 269/269/269 317/317/317
f 268/268/268 317/317/317 316/316/316
f 269/269/269 270/270/270 318/318/318
f 269/269/269 318/318/318 317/317/317
f 270/270/270 271/271/271 319/319/319
f 270/270/270 319/319/319 318/318/318
f 271/271/271 272/272/272 320/320/320
f 271/271/271 320/320/320 319/319/319
f 272/272/272 273/273/273 321/321/321
f 272/272/272 321/321/321 320/320/320
f 273/273/273 274/274/274 322/322/322
f 273/273/273 322/322/322 321/321/321
f 274/274/274 275/275/275 323/323/323
f 274/274/274 323/323/323 322/322/322
f 275/275/275 276/276/276 324/324/324
f 275/275/275 324/324/324 323/323/323
f 276/276/276 277/277/277 325/325/325
f 276/276/276 325/325/325 324/324/324
f 277/277/277 278/278/278 326/326/326
f 277/277/277 326/326/326 325/325/325
f 278/278/278 279/279/279 327/327/327
f 278/278/278 327/327/327 326/326/326
f 279/279/279 280/280/280 328/328/328
f 279/279/279 328/328/328 327/327/327
f 280/280/280 281/281/281 329/329/329
f 280/280/280 329/329/329 328/328/328
f 281/281/281 282/282/282 330/330/330
f 281/281/281 330/330/330 329/329/329
f 282/282/282 283/283/283 331/331/331
f 282/282/282 331/331/331 330/330/330
f 283/283/283 284/284/284 332/332/332
f 283/283/283 332/332/332 331/331/331
f 284/284/284 285/285/285 333/333/333
f 284/284/284 333/333/333 332/332/332
f 285/285/285 286/286/286 334/334/334
f 285/285/285 334/334/334 333/333/333
f 286/286/286 287/287/287 335/335/335
f 286/286/286 335/335/335 334/334/334
f 287/287/287 288/288/288 336/336/336
f 287/287/287 336/336/336 335/335/335
f 288/288/288 241/241/241 289/289/289
f 288/288/288 289/289/289 336/336/336
f 289/289/289 290/290/290 338/338/338
f 289/289/289 338/338/338 337/337/337
f 290/290/290 291/291/291 339/339/339
f 290/290/290 339/339/339 338/338/338
f 291/291/291 292/292/292 340/340/340
f 291/291/291 340/340/340 339/339/339
f 292/292/292 293/293/293 341/341/341
f 292/292/292 341/341/341 340/340/340
f 293/293/293 294/294/294 342/342/342
f 293/293/293 342/342/342 341/341/341
f 294/294/294 295/295/295 343/343/343
f 294/294/294 343/343/343 342/342/342
f 295/295/295 296/296/296 344/344/344
f 295/295/295 344/344/344 343/343/343
f 296/296/296 297/297/297 345/345/345
f 296/296/296 345/345/345 344/344/344
f 297/297/297 298/298/298 346/346/346
f 297/297/297 346/346/346 345/345/345
f 298/298/298 299/299/299 347/347/347
f 298/298/298 347/347/347 346/346/346
f 299/299/299 300/300/300 348/348/348
f 299/299/299 348/348/348 347/347/347
f 300/300/300 301/301/301 349/349/349
f 300/300/300 349/349/349 348/348/348
f 301/301/301 302/302/302 350/350/350
f 301/301/301 350/350/350 349/349/349
f 302/302/302 303/303/303 351/351/351
f 302/302/302 351/351/351 350/350/350
f 303/303/303 304/304/304 352/352/352
f 303/303/303 352/352/352 351/351/351
f 304/304/304 305/305/305 353/353/353
f 304/304/304 353/353/353 352/352/352
f 305/305/305 306/306/306 354/354/354
f 305/305/305 354/354/354 353/353/353
f 306/306/306 307/307/307 355/355/355
f 306/306/306 355/355/355 354/354/354
f 307/307/307 308/308/308 356/356/356
f 307/307/307 356/356/356 355/355/355
f 308/308/308 309/309/309 357/357/357
f 308/308/308 357/357/357 356/356/356
f 309/309/309 310/310/310 358/358/358
f 309/309/309 358/358/358 357/357/357
f 310/310/310 311/311/311 359/359/359
f 310/310/310 359/359/359 358/358/358
f 311/311/311 312/312/312 360/360/360
f 311/311/311 360/360/360 359/359/359
f 312/312/312 313/313/313 361/361/361
f 312/312/312 361/361/361 360/360/360
f 313/313/313 314/314/314 362/362/362
f 313/313/313 362/362/362 361/361/361
f 314/314/314 315/315/315 363/363/363
f 314/314/314 363/363/363 362/362/362
f 315/315/315 316/316/316 364/364/364
f 315/315/315 364/364/364 363/363/363
f 316/316/316 317/317/317 365/365/365
f 316/316/316 365/365/365 364/364/364
f 317/317/317 318/318/318 366/366/366
f 317/317/317 366/366/366 365/365/365
f 318/318/318 319/319/319 367/367/367
f 318/318/318 367/367/367 366/366/366
f 319/319/319 320/320/320 368/368/368
f 319/319/319 368/368/368 367/367/367
f 320/320/320 321/321/321 369/369/369
f 320/320/320 369/369/369 368/368/368
f 321/321/321 322/322/322 370/370/370
f 321/321/321 370/370/370 369/369/369
f 322/322/322 323/323/323 371/371/371
f 322/322/322 371/371/371 370/370/370
f 323/323/323 324/324/324 372/372/372
f 323/323/323 372/372/372 371/371/371
f 324/324/324 325/325/325 373/373/373
f 324/324/324 373/373/373 372/372/372
f 325/325/325 326/326/326 374/374/374
f 325/325/325 374/374/374 373/373/373
f 326/326/326 327/327/327 375/375/375
f 326/326/326 375/375/375 374/374/374
f 327/327/327 328/328/328 376/376/376
f 327/327/327 376/376/376 375/375/375
f 328/328/328 329/329/329 377/377/377
f 328/328/328 377/377/377 376/376/376
f 329/329/329 330/330/330 378/378/378
f 329/329/329 378/378/378 377/377/377
f 330/330/330 331/331/331 379/379/379
f 330/330/330 379/379/379 378/378/378
f 331/331/331 332/332/332 380/380/380
f 331/331/331 380/380/380 379/379/379
f 332/332/332 333/333/333 381/381/381
f 332/332/332 381/381/381 380/380/380
f 333/333/333 334/334/334 382/382/382
f 333/333/333 382/382/382 381/381/381
f 334/334/334 335/335/335 383/383/383
f 334/334/334 383/383/383 382/382/382
f 335/335/335 336/336/336 384/384/384
f 335/335/335 384/384/384 383/383/383
f 336/336/336 289/289/289 337/337/337
f 336/336/336 337/337/337 384/384/384
f 337/337/337 338/338/338 386/386/386
f 337/337/337 386/386/386 385/385/385
f 338/338/338 339/339/339 387/387/387
f 338/338/338 387/387/387 386/386/386
f 339/339/339 340/340/340 388/388/388
f 339/339/339 388/388/388 387/387/387
f 340/340/340 341/341/341 389/389/389
f 340/340/340 389/389/389 388/388/388
f 341/341/341 342/342/342 390/390/390
f 341/341/341 390/390/390 389/389/389
f 342/342/342 343/343/343 391/391/391
f 342/342/342 391/391/391 390/390/390
f 343/343/343 344/344/344 392/392/392
f 343/343/343 392/392/392 391/391/391
f 344/344/344 345/345/345 393/393/393
f 344/344/344 393/393/393 392/392/392
f 345/345/345 346/346/346 394/394/394
f 345/345/345 394/394/394 393/393/393
f 346/346/346 347/347/347 395/395/395
f 346/346/346 395/395/395 394/394/394
f 347/347/347 348/348/348 396/396/396
f 347/347/347 396/396/396 395/395/395
f 348/348/348 349/349/349 397/397/397
f 348/348/348 397/397/397 396/396/396
f 349/349/349 350/350/350 398/398/398
f 349/349/349 398/398/398 397/397/397
f 350/350/350 351/351/351 399/399/399
f 350/350/350 399/399/399 398/398/398
f 351/351/351 352/352/352 400/400/400
f 351/351/351 400/400/400 399/399/399
f 352/352/352 353/353/353 401/401/401
f 352/352/352 401/401/401 400/400/400
f 353/353/353 354/354/354 402/402/402
f 353/353/353 402/402/402 401/401/401
f 354/354/354 355/355/355 403/403/403
f 354/354/354 403/403/403 402/402/402
f 355/355/355 356/356/356 404/404/404
f 355/355/355 404/404/404 403/403/403
f 356/356/356 357/357/357 405/405/405
f 356/356/356 405/405/405 404/404/404
f 357/357/357 358/358/358 406/406/406
f 357/357/357 406/406/406 405/405/405
f 358/358/358 359/359/359 407/407/407
f 358/358/358 407/407/407 406/406/406
f 359/359/359 360/360/360 408/408/408
f 359/359/359 408/408/408 407/407/407
f 360/360/360 361/361/361 409/409/409
f 360/360/360 409/409/409 408/408/408
f 361/361/361 362/362/362 410/410/410
f 361/361/361 410/410/410 409/409/409
f 362/362/362 363/363/363 411/411/411
f 362/362/362 411/411/411 410/410/410
f 363/363/363 364/364/364 412/412/412
f 363/363/363 412/412/412 411/411/411
f 364/364/364 365/365/365 413/413/413
f 364/364/364 413/413/413 412/412/412
f 365/365/365 366/366/366 414/414/414
f 365/365/365 414/414/414 413/413/413
f 366/366/366 367/367/367 415/415/415
f 366/366/366 415/415/415 414/414/414
f 367/367/367 368/368/368 416/416/416
f 367/367/367 416/416/416 415/415/415
f 368/368/368 369/369/369 417/417/417
f 368/368/368 417/417/417 416/416/416
f 369/369/369 370/370/370 418/418/418
f 369/369/369 418/418/418 417/417/417
f 370/370/370 371/371/371 419/419/419
f 370/370/370 419/419/419 418/418/418
f 371/371/371 372/372/372 420/420/420
f 371/371/371 420/420/420 419/419/419
f 372/372/372 373/373/373 421/421/421
f 372/372/372 421/421/421 420/420/420
f 373/373/373 374/374/374 422/422/422
f 373/373/373 422/422/422 421/421/421
f 374/374/374 375/375/375 423/423/423
f 374/374/374 423/423/423 422/422/422
f 375/375/375 376/376/376 424/424/424
f 375/375/375 424/424/424 423/423/423
f 376/376/376 377/377/377 425/425/425
f 376/376/376 425/425/425 424/424/424
f 377/377/377 378/378/378 426/426/426
f 377/377/377 426/426/426 425/425/425
f 378/378/378 379/379/379 427/427/427
f 378/378/378 427/427/427 426/426/426
f 379/379/379 380/380/380 428/428/428
f 379/379/379 428/428/428 427/427/427
f 380/380/380 381/381/381 429/429/429
f 380/380/380 429/429/429 428/428/428
f 381/381/381 382/382/382 430/430/430
f 381/381/381 430/430/430 429/429/429
f 382/382/382 383/383/383 431/431/431
f 382/382/382 431/431/431 430/430/430
f 383/383/383 384/384/384 432/432/432
f 383/383/383 432/432/432 431/431/431
f 384/384/384 337/337/337 385/385/385
f 384/384/384 385/385/385 432/432/432
f 385/385/385 386/386/386 434/434/434
f 385/385/385 434/434/434 433/433/433
f 386/386/386 387/387/387 435/435/435
f 386/386/386 435/435/435 434/434/434
f 387/387/387 388/388/388 436/436/436
f 387/387/387 436/436/436 435/435/435
f 388/388/388 389/389/389 437/437/437
f 388/388/388 437/437/437 436/436/436
f 389/389/389 390/390/390 438/438/438
f 389/389/389 438/438/438 437/437/437
f 390/390/390 391/391/391 439/439/439
f 390/390/390 439/439/439 438/438/438
f 391/391/391 392/392/392 440/440/440
f 391/391/391 440/440/440 439/439/439
f 392/392/392 393/393/393 441/441/441
f 392/392/392 441/441/441 440/440/440
f 393/393/393 394/394/394 442/442/442
f 393/393/393 442/442/442 441/441/441
f 394/394/394 395/395/395 443/443/443
f 394/394/394 443/443/443 442/442/442
f 395/395/395 396/396/396 444/444/444
f 395/395/395 444/444/444 443/443/443
f 396/396/396 397/397/397 445/445/445
f 396/396/396 445/445/445 444/444/444
f 397/397/397 398/398/398 446/446/446
f 397/397/397 446/446/446 445/445/445
f 398/398/398 399/399/399 447/447/447
f 398/398/398 447/447/447 446/446/446
f 399/399/399 400/400/400 448/448/448
f 399/399/399 448/448/448 447/447/447
f 400/400/400 401/401/401 449/449/449
f 400/400/400 449/449/449 448/448/448
f 401/401/401 402/402/402 450/450/450
f 401/401/401 450/450/450 449/449/449
f 402/402/402 403/403/403 451/451/451
f 402/402/402 451/451/451 450/450/450
f 403/403/403 404/404/404 452/452/452
f 403/403/403 452/452/452 451/451/451
f 404/404/404 405/405/405 453/453/453
f 404/404/404 453/453/453 452/452/452
f 405/405/405 406/406/406 454/454/454
f 405/405/405 454/454/454 453/453/453
f 406/406/406 407/407/407 455/455/455
f 406/406/406 455/455/455 454/454/454
f 407/407/407 408/408/408 456/456/456
f 407/407/407 456/456/456 455/455/455
f 408/408/408 409/409/409 457/457/457
f 408/408/408 457/457/457 456/456/456
f 409/409/409 410/410/410 458/458/458
f 409/409/409 458/458/458 457/457/457
f 410/410/410 411/411/411 459/459/459
f 410/410/410 459/459/459 458/458/458
f 411/411/411 412/412/412 460/460/460
f 411/411/411 460/460/460 459/459/459
f 412/412/412 413/413/413 461/461/461
f 412/412/412 461/461/461 460/460/460
f 413/413/413 414/414/414 462/462/462
f 413/413/413 462/462/462 461/461/461
f 414/414/414 415/415/415 463/463/463
f 414/414/414 463/463/463 462/462/462
f 415/415/415 416/416/416 464/464/464
f 415/415/415 464/464/464 463/463/463
f 416/416/416 417/417/417 465/465/465
f 416/416/416 465/465/465 464/464/464
f 417/417/417 418/418/418 466/466/466
f 417/417/417 466/466/466 465/465/465
f 418/418/418 419/419/419 467/467/467
f 418/418/418 467/467/467 466/466/466
f 419/419/419 420/420/420 468/468/468
f 419/419/419 468/468/468 467/467/467
f 420/420/420 421/421/421 469/469/469
f 420/420/420 469/469/469 468/468/468
f 421/421/421 422/422/422 470/470/470
f 421/421/421 470/470/470 469/469/469
f 422/422/422 423/423/423 471/471/471
f 422/422/422 471/471/471 470/470/470
f 423/423/423 424/424/424 472/472/472
f 423/423/423 472/472/472 471/471/471
f 424/424/424 425/425/425 473/473/473
f 424/424/424 473/473/473 472/472/472
f 425/425/425 426/426/426 474/474/474
f 425/425/425 474/474/474 473/473/473
f 426/426/426 427/427/427 475/475/475
f 426/426/426 475/475/475 474/474/474
f 427/427/427 428/428/428 476/476/476
f 427/427/427 476/476/476 475/475/475
f 428/428/428 429/429/429 477/477/477
f 428/428/428 477/477/477 476/476/476
f 429/429/429 430/430/430 478/478/478
f 429/429/429 478/478/478 477/477/477
f 430/430/430 431/431/431 479/479/479
f 430/430/430 479/479/479 478/478/478
f 431/431/431 432/432/432 480/480/480
f 431/431/431 480/480/480 479/479/479
f 432/432/432 385/385/385 433/433/433
f 432/432/432 433/433/433 480/480/480
f 433/433/433 434/434/434 482/482/482
f 433/433/433 482/482/482 481/481/481
f 434/434/434 435/435/435 483/483/483
f 434/434/434 483/483/483 482/482/482
f 435/435/435 436/436/436 484/484/484
f 435/435/435 484/484/484 483/483/483
f 436/436/436 437/437/437 485/485/485
f 436/436/436 485/485/485 484/484/484
f 437/437/437 438/438/438 486/486/486
f 437/437/437 486/486/486 485/485/485
f 438/438/438 439/439/439 487/487/487
f 438/438/438 487/487/487 486/486/486
f 439/439/439 440/440/440 488/488/488
f 439/439/439 488/488/488 487/487/487
f 440/440/440 441/441/441 489/489/489
f 440/440/440 489/489/489 488/488/488
f 441/441/441 442/442/442 490/490/490
f 441/441/441 490/490/490 489/489/489
f 442/442/442 443/443/443 491/491/491
f 442/442/442 491/491/491 490/490/490
f 443/443/443 444/444/444 492/492/492
f 443/443/443 492/492/492 491/491/491
f 444/444/444 445/445/445 493/493/493
f 444/444/444 493/493/493 492/492/492
f 445/445/445 446/446/446 494/494/494
f 445/445/445 494/494/494 493/493/493
f 446/446/446 447/447/447 495/495/495
f 446/446/446 495/495/495 494/494/494
f 447/447/447 448/448/448 496/496/496
f 447/447/447 496/496/496 495/495/495
f 448/448/448 449/449/449 497/497/497
f 448/448/448 497/497/497 496/496/496
f 449/449/449 450/450/450 498/498/498
f 449/449/449 498/498/498 497/497/497
f 450/450/450 451/451/451 499/499/499
f 450/450/450 499/499/499 498/498/498
f 451/451/451 452/452/452 500/500/500
f 451/451/451 500/500/500 499/499/499
f 452/452/452 453/453/453 501/501/501
f 452/452/452 501/501/501 500/500/500
f 453/453/453 454/454/454 502/502/502
f 453/453/453 502/502/502 501/501/501
f 454/454/454 455/455/455 503/503/503
f 454/454/454 503/503/503 502/502/502
f 455/455/455 456/456/456 504/504/504
f 455/455/455 504/504/504 503/503/503
f 456/456/456 457/457/457 505/505/505
f 456/456/456 505/505/505 504/504/504
f 457/457/457 458/458/458 506/506/506
f 457/457/457 506/506/506 505/505/505
f 458/458/458 459/459/459 507/507/507
f 458/458/458 507/507/507 506/506/506
f 459/459/459 460/460/460 508/508/508
f 459/459/459 508/508/508 507/507/507
f 460/460/460 461/461/461 509/509/509
f 460/460/460 509/509/509 508/508/508
f 461/461/461 462/462/462 510/510/510
f 461/461/461 510/510/510 509/509/509
f 462/462/462 463/463/463 511/511/511
f 462/462/462 511/511/511 510/510/510
f 463/463/463 464/464/464 512/512/512
f 463/463/463 512/512/512 511/511/511
f 464/464/464 465/465/465 513/513/513
f 464/464/464 513/513/513 512/512/512
f 465/465/465 466/466/466 514/514/514
f 465/465/465 514/514/514 513/513/513
f 466/466/466 467/467/467 515/515/515
f 466/466/466 515/515/515 514/514/514
f 467/467/467 468/468/468 516/516/516
f 467/467/467 516/516/516 515/515/515
f 468/468/468 469/469/469 517/517/517
f 468/468/468 517/517/517 516/516/516
f 469/469/469 470/470/470 518/518/518
f 469/469/469 518/518/518 517/517/517
f 470/470/470 471/471/471 519/519/519
f 470/470/470 519/519/519 518/518/518
f 471/471/471 472/472/472 520/520/520
f 471/471/471 520/520/520 519/519/519
f 472/472/472 473/473/473 521/521/521
f 472/472/472 521/521/521 520/520/520
f 473/473/473 474/474/474 522/522/522
f 473/473/473 522/522/522 521/521/521
f 474/474/474 475/475/475 523/523/523
f 474/474/474 523/523/523 522/522/522
f 475/475/475 476/476/476 524/524/524
f 475/475/475 524/524/524 523/523/523
f 476/476/476 477/477/477 525/525/525
f 476/476/476 525/525/525 524/524/524
f 477/477/477 478/478/478 526/526/526
f 477/477/477 526/526/526 525/525/525
f 478/478/478 479/479/479 527/527/527
f 478/478/478 527/527/527 526/526/526
f 479/479/479 480/480/480 528/528/528
f 479/479/479 528/528/528 527/527/527
f 480/480/480 433/433/433 481/481/481
f 480/480/480 481/481/481 528/528/528
f 481/481/481 482/482/482 530/530/530
f 481/481/481 530/530/530 529/529/529
f 482/482/482 483/483/483 531/531/531
f 482/482/482 531/531/531 530/530/530
f 483/483/483 484/484/484 532/532/532
f 483/483/483 532/532/532 531/531/531
f 484/484/484 485/485/485 533/533/533
f 484/484/484 533/533/533 532/532/532
f 485/485/485 486/486/486 534/534/534
f 485/485/485 534/534/534 533/533/533
f 486/486/486 487/487/487 535/535/535
f 486/486/486 535/535/535 534/534/534
f 487/487/487 488/488/488 536/536/536
f 487/487/487 536/536/536 535/535/535
f 488/488/488 489/489/489 537/537/537
f 488/488/488 537/537/537 536/536/536
f 489/489/489 490/490/490 538/538/538
f 489/489/489 538/538/538 537/537/537
f 490/490/490 491/491/491 539/539/539
f 490/490/490 539/539/539 538/538/538
f 491/491/491 492/492/492 540/540/540
f 491/491/491 540/540/540 539/539/539
f 492/492/492 493/493/493 541/541/541
f 492/492/492 541/541/541 540/540/540
f 493/493/493 494/494/494 542/542/542
f 493/493/493 542/542/542 541/541/541
f 494/494/494 495/495/495 543/543/543
f 494/494/494 543/543/543 542/542/542
f 495/495/495 496/496/496 544/544/544
f 495/495/495 544/544/544 543/543/543
f 496/496/496 497/497/497 545/545/545
f 496/496/496 545/545/545 544/544/544
f 497/497/497 498/498/498 546/546/546
f 497/497/497 546/546/546 545/545/545
f 498/498/498 499/499/499 547/547/547
f 498/498/498 547/547/547 546/546/546
f 499/499/499 500/500/500 548/548/548
f 499/499/499 548/548/548 547/547/547
f 500/500/500 501/501/501 549/549/549
f 500/500/500 549/549/549 548/548/548
f 501/501/501 502/502/502 550/550/550
f 501/501/501 550/550/550 549/549/549
f 502/502/502 503/503/503 551/551/551
f 502/502/502 551/551/551 550/550/550
f 503/503/503 504/504/504 552/552/552
f 503/503/503 552/552/552 551/551/551
f 504/504/504 505/505/505 553/553/553
f 504/504/504 553/553/553 552/552/552
f 505/505/505 506/506/506 554/554/554
f 505/505/505 554/554/554 553/553/553
f 506/506/506 507/507/507 555/555/555
f 506/506/506 555/555/555 554/554/554
f 507/507/507 508/508/508 556/556/556
f 507/507/507 556/556/556 555/555/555
f 508/508/508 509/509/509 557/557/557
f 508/508/508 557/557/557 556/556/556
f 509/509/509 510/510/510 558/558/558
f 509/509/509 558/558/558 557/557/557
f 510/510/510 511/511/511 559/559/559
f 510/510/510 559/559/559 558/558/558
f 511/511/511 512/512/512 560/560/560
f 511/511/511 560/560/560 559/559/559
f 512/512/512 513/513/513 561/561/561
f 512/512/512 561/561/561 560/560/560
f 513/513/513 514/514/514 562/562/562
f 513/513/513 562/562/562 561/561/561
f 514/514/514 515/515/515 563/563/563
f 514/514/514 563/563/563 562/562/562
f 515/515/515 516/516/516 564/564/564
f 515/515/515 564/564/564 563/563/563
f 516/516/516 517/517/517 565/565/565
f 516/516/516 565/565/565 564/564/564
f 517/517/517 518/518/518 566/566/566
f 517/517/517 566/566/566 565/565/565
f 518/518/518 519/519/519 567/567/567
f 518/518/518 567/567/567 566/566/566
f 519/519/519 520/520/520 568/568/568
f 519/519/519 568/568/568 567/567/567
f 520/520/520 521/521/521 569/569/569
f 520/520/520 569/569/569 568/568/568
f 521/521/521 522/522/522 570/570/570
f 521/521/521 570/570/570 569/569/569
f 522/522/522 523/523/523 571/571/571
f 522/522/522 571/571/571 570/570/570
f 523/523/523 524/524/524 572/572/572
f 523/523/523 572/572/572 571/571/571
f 524/524/524 525/525/525 573/573/573
f 524/524/524 573/573/573 572/572/572
f 525/525/525 526/526/526 574/574/574
f 525/525/525 574/574/574 573/573/573
f 526/526/526 527/527/527 575/575/575
f 526/526/526 575/575/575 574/574/574
f 527/527/527 528/528/528 576/576/576
f 527/527/527 576/576/576 575/575/575
f 528/528/528 481/481/481 529/529/529
f 528/528/528 529/529/529 576/576/576
f 529/529/529 530/530/530 578/578/578
f 529/529/529 578/578/578 577/577/577
f 530/530/530 531/531/531 579/579/579
f 530/530/530 579/579/579 578/578/578
f 531/531/531 532/532/532 580/580/580
f 531/531/531 580/580/580 579/579/579
f 532/532/532 533/533/533 581/581/581
f 532/532/532 581/581/581 580/580/580
f 533/533/533 534/534/534 582/582/582
f 533/533/533 582/582/582 581/581/581
f 534/534/534 535/535/535 583/583/583
f 534/534/534 583/583/583 582/582/582
f 535/535/535 536/536/536 584/584/584
f 535/535/535 584/584/584 583/583/583
f 536/536/536 537/537/537 585/585/585
f 536/536/536 585/585/585 584/584/584
f 537/537/537 538/538/538 586/586/586
f 537/537/537 586/586/586 585/585/585
f 538/538/538 539/539/539 587/587/587
f 538/538/538 587/587/587 586/586/586
f 539/539/539 540/540/540 588/588/588
f 539/539/539 588/588/588 587/587/587
f 540/540/540 541/541/541 589/589/589
f 540/540/540 589/589/589 588/588/588
f 541/541/541 542/542/542 590/590/590
f 541/541/541 590/590/590 589/589/589
f 542/542/542 543/543/543 591/591/591
f 542/542/542 591/591/591 590/590/590
f 543/543/543 544/544/544 592/592/592
f 543/543/543 592/592/592 591/591/591
f 544/544/544 545/545/545 593/593/593
f 544/544/544 593/593/593 592/592/592
f 545/545/545 546/546/546 594/594/594
f 545/545/545 594/594/594 593/593/593
f 546/546/546 547/547/547 595/595/595
f 546/546/546 595/595/595 594/594/594
f 547/547/547 548/548/548 596/596/596
f 547/547/547 596/596/596 595/595/595
f 548/548/548 549/549/549 597/597/597
f 548/548/548 597/597/597 596/596/596
f 549/549/549 550/550/550 598/598/598
f 549/549/549 598/598/598 597/597/597
f 550/550/550 551/551/551 599/599/599
f 550/550/550 599/599/599 598/598/598
f 551/551/551 552/552/552 600/600/600
f 551/551/551 600/600/600 599/599/599
f 552/552/552 553/553/553 601/601/601
f 552/552/552 601/601/601 600/600/600
f 553/553/553 554/554/554 602/602/602
f 553/553/553 602/602/602 601/601/601
f 554/554/554 555/555/555 603/603/603
f 554/554/554 603/603/603 602/602/602
f 555/555/555 556/556/556 604/604/604
f 555/555/555 604/604/604 603/603/603
f 556/556/556 557/557/557 605/605/605
f 556/556/556 605/605/605 604/604/604
f 557/557/557 558/558/558 606/606/606
f 557/557/557 606/606/606 605/605/605
f 558/558/558 559/559/559 607/607/607
f 558/558/558 607/607/607 606/606/606
f 559/559/559 560/560/560 608/608/608
f 559/559/559 608/608/608 607/607/607
f 560/560/560 561/561/561 609/609/609
f 560/560/560 609/609/609 608/608/608
f 561/561/561 562/562/562 610/610/610
f 561/561/561 610/610/610 609/609/609
f 562/562/562 563/563/563 611/611/611
f 562/562/562 611/611/611 610/610/610
f 563/563/563 564/564/564 612/612/612
f 563/563/563 612/612/612 611/611/611
f 564/564/564 565/565/565 613/613/613
f 564/564/564 613/613/613 612/612/612
f 565/565/565 566/566/566 614/614/614
f 565/565/565 614/614/614 613/613/613
f 566/566/566 567/567/567 615/615/615
f 566/566/566 615/615/615 614/614/614
f 567/567/567 568/568/568 616/616/616
f 567/567/567 616/616/616 615/615/615
f 568/568/568 569/569/569 617/617/617
f 568/568/568 617/617/617 616/616/616
f 569/569/569 570/570/570 618/618/618
f 569/569/569 618/618/618 617/617/617
f 570/570/570 571/571/571 619/619/619
f 570/570/570 619/619/619 618/618/618
f 571/571/571 572/572/572 620/620/620
f 571/571/571 620/620/620 619/619/619
f 572/572/572 573/573/573 621/621/621
f 572/572/572 621/621/621 620/620/620
f 573/573/573 574/574/574 622/622/622
f 573/573/573 622/622/622 621/621/621
f 574/574/574 575/575/575 623/623/623
f 574/574/574 623/623/623 622/622/622
f 575/575/575 576/576/576 624/624/624
f 575/575/575 624/624/624 623/623/623
f 576/576/576 529/529/529 577/577/577
f 576/576/576 577/577/577 624/624/624
f 577/577/577 578/578/578 626/626/626
f 577/577/577 626/626/626 625/625/625
f 578/578/578 579/579/579 627/627/627
f 578/578/578 627/627/627 626/626/626
f 579/579/579 580/580/580 628/628/628
f 579/579/579 628/628/628 627/627/627
f 580/580/580 581/581/581 629/629/629
f 580/580/580 629/629/629 628/628/628
f 581/581/581 582/582/582 630/630/630
f 581/581/581 630/630/630 629/629/629
f 582/582/582 583/583/583 631/631/631
f 582/582/582 631/631/631 630/630/630
f 583/583/583 584/584/584 632/632/632
f 583/583/583 632/632/632 631/631/631
f 584/584/584 585/585/585 633/633/633
f 584/584/584 633/633/633 632/632/632
f 585/585/585 586/586/586 634/634/634
f 585/585/585 634/634/634 633/633/633
f 586/586/586 587/587/587 635/635/635
f 586/586/586 635/635/635 634/634/634
f 587/587/587 588/588/588 636/636/636
f 587/587/587 636/636/636 635/635/635
f 588/588/588 589/589/589 637/637/637
f 588/588/588 637/637/637 636/636/636
f 589/589/589 590/590/590 638/638/638
f 589/589/589 638/638/638 637/637/637
f 590/590/590 591/591/591 639/639/639
f 590/590/590 639/639/639 638/638/638
f 591/591/591 592/592/592 640/640/640
f 591/591/591 640/640/640 639/639/639
f 592/592/592 593/593/593 641/641/641
f 592/592/592 641/641/641 640/640/640
f 593/593/593 594/594/594 642/642/642
f 593/593/593 642/642/642 641/641/641
f 594/594/594 595/595/595 643/643/643
f 594/594/594 643/643/643 642/642/642
f 595/595/595 596/596/596 644/644/644
f 595/595/595 644/644/644 643/643/643
f 596/596/596 597/597/597 645/645/645
f 596/596/596 645/645/645 644/644/644
f 597/597/597 598/598/598 646/646/646
f 597/597/597 646/646/646 645/645/645
f 598/598/598 599/599/599 647/647/647
f 598/598/598 647/647/647 646/646/646
f 599/599/599 600/600/600 648/648/648
f 599/599/599 648/648/648 647/647/647
f 600/600/600 601/601/601 649/649/649
f 600/600/600 649/649/649 648/648/648
f 601/601/601 602/602/602 650/650/650
f 601/601/601 650/650/650 649/649/649
f 602/602/602 603/603/603 651/651/651
f 602/602/602 651/651/651 650/650/650
f 603/603/603 604/604/604 652/652/652
f 603/603/603 652/652/652 651/651/651
f 604/604/604 605/605/605 653/653/653
f 604/604/604 653/653/653 652/652/652
f 605/605/605 606/606/606 654/654/654
f 605/605/605 654/654/654 653/653/653
f 606/606/606 607/607/607 655/655/655
f 606/606/606 655/655/655 654/654/654
f 607/607/607 608/608/608 656/656/656
f 607/607/607 656/656/656 655/655/655
f 608/608/608 609/609/609 657/657/657
f 608/608/608 657/657/657 656/656/656
f 609/609/609 610/610/610 658/658/658
f 609/609/609 658/658/658 657/657/657
f 610/610/610 611/611/611 659/659/659
f 610/610/610 659/659/659 658/658/658
f 611/611/611 612/612/612 660/660/660
f 611/611/611 660/660/660 659/659/659
f 612/612/612 613/613/613 661/661/661
f 612/612/612 661/661/661 660/660/660
f 613/613/613 614/614/614 662/662/662
f 613/613/613 662/662/662 661/661/661
f 614/614/614 615/615/615 663/663/663
f 614/614/614 663/663/663 662/662/662
f 615/615/615 616/616/616 664/664/664
f 615/615/615 664/664/664 663/663/663
f 616/616/616 617/617/617 665/665/665
f 616/616/616 665/665/665 664/664/664
f 617/617/617 618/618/618 666/666/666
f 617/617/617 666/666/666 665/665/665
f 618/618/618 619/619/619 667/667/667
f 618/618/618 667/667/667 666/666/666
f 619/619/619 620/620/620 668/668/668
f 619/619/619 668/668/668 667/667/667
f 620/620/620 621/621/621 669/669/669
f 620/620/620 669/669/669 668/668/668
f 621/621/621 622/622/622 670/670/670
f 621/621/621 670/670/670 669/669/669
f 622/622/622 623/623/623 671/671/671
f 622/622/622 671/671/671 670/670/670
f 623/623/623 624/624/624 672/672/672
f 623/623/623 672/672/672 671/671/671
f 624/624/624 577/577/577 625/625/625
f 624/624/624 625/625/625 672/672/672
f 625/625/625 626/626/626 674/674/674
f 625/625/625 674/674/674 673/673/673
f 626/626/626 627/627/627 675/675/675
f 626/626/626 675/675/675 674/674/674
f 627/627/627 628/628/628 676/676/676
f 627/627/627 676/676/676 675/675/675
f 628/628/628 629/629/629 677/677/677
f 628/628/628 677/677/677 676/676/676
f 629/629/629 630/630/630 678/678/678
f 629/629/629 678/678/678 677/677/677
f 630/630/630 631/631/631 679/679/679
f 630/630/630 679/679/679 678/678/678
f 631/631/631 632/632/632 680/680/680
f 631/631/631 680/680/680 679/679/679
f 632/632/632 633/633/633 681/681/681
f 632/632/632 681/681/681 680/680/680
f 633/633/633 634/634/634 682/682/682
f 633/633/633 682/682/682 681/681/681
f 634/634/634 635/635/635 683/683/683
f 634/634/634 683/683/683 682/682/682
f 635/635/635 636/636/636 684/684/684
f 635/635/635 684/684/684 683/683/683
f 636/636/636 637/637/637 685/685/685
f 636/636/636 685/685/685 684/684/684
f 637/637/637 638/638/638 686/686/686
f 637/637/637 686/686/686 685/685/685
f 638/638/638 639/639/639 687/687/687
f 638/638/638 687/687/687 686/686/686
f 639/639/639 640/640/640 688/688/688
f 639/639/639 688/688/688 687/687/687
f 640/640/640 641/641/641 689/689/689
f 640/640/640 689/689/689 688/688/688
f 641/641/641 642/642/642 690/690/690
f 641/641/641 690/690/690 689/689/689
f 642/642/642 643/643/643 691/691/691
f 642/642/642 691/691/691 690/690/690
f 643/643/643 644/644/644 692/692/692
f 643/643/643 692/692/692 691/691/691
f 644/644/644 645/645/645 693/693/693
f 644/644/644 693/693/693 692/692/692
f 645/645/645 646/646/646 694/694/694
f 645/645/645 694/694/694 693/693/693
f 646/646/646 647/647/647 695/695/695
f 646/646/646 695/695/695 694/694/694
f 647/647/647 648/648/648 696/696/696
f 647/647/647 696/696/696 695/695/695
f 648/648/648 649/649/649 697/697/697
f 648/648/648 697/697/697 696/696/696
f 649/649/649 650/650/650 698/698/698
f 649/649/649 698/698/698 697/697/697
f 650/650/650 651/651/651 699/699/699
f 650/650/650 699/699/699 698/698/698
f 651/651/651 652/652/652 700/700/700
f 651/651/651 700/700/700 699/699/699
f 652/652/652 653/653/653 701/701/701
f 652/652/652 701/701/701 700/700/700
f 653/653/653 654/654/654 702/702/702
f 653/653/653 702/702/702 701/701/701
f 654/654/654 655/655/655 703/703/703
f 654/654/654 703/703/703 702/702/702
f 655/655/655 656/656/656 704/704/704
f 655/655/655 704/704/704 703/703/703
f 656/656/656 657/657/657 705/705/705
f 656/656/656 705/705/705 704/704/704
f 657/657/657 658/658/658 706/706/706
f 657/657/657 706/706/706 705/705/705
f 658/658/658 659/659/659 707/707/707
f 658/658/658 707/707/707 706/706/706
f 659/659/659 660/660/660 708/708/708
f 659/659/659 708/708/708 707/707/707
f 660/660/660 661/661/661 709/709/709
f 660/660/660 709/709/709 708/708/708
f 661/661/661 662/662/662 710/710/710
f 661/661/661 710/710/710 709/709/709
f 662/662/662 663/663/663 711/711/711
f 662/662/662 711/711/711 710/710/710
f 663/663/663 664/664/664 712/712/712
f 663/663/663 712/712/712 711/711/711
f 664/664/664 665/665/665 713/713/713
f 664/664/664 713/713/713 712/712/712
f 665/665/665 666/666/666 714/714/714
f 665/665/665 714/714/714 713/713/713
f 666/666/666 667/667/667 715/715/715
f 666/666/666 715/715/715 714/714/714
f 667/667/667 668/668/668 716/716/716
f 667/667/667 716/716/716 715/715/715
f 668/668/668 669/669/669 717/717/717
f 668/668/668 717/717/717 716/716/716
f 669/669/669 670/670/670 718/718/718
f 669/669/669 718/718/718 717/717/717
f 670/670/670 671/671/671 719/719/719
f 670/670/670 719/719/719 718/718/718
f 671/671/671 672/672/672 720/720/720
f 671/671/671 720/720/720 719/719/719
f 672/672/672 625/625/625 673/673/673
f 672/672/672 673/673/673 720/720/720
f 673/673/673 674/674/674 722/722/722
f 673/673/673 722/722/722 721/721/721
f 674/674/674 675/675/675 723/723/723
f 674/674/674 723/723/723 722/722/722
f 675/675/675 676/676/676 724/724/724
f 675/675/675 724/724/724 723/723/723
f 676/676/676 677/677/677 725/725/725
f 676/676/676 725/725/725 724/724/724
f 677/677/677 678/678/678 726/726/726
f 677/677/677 726/726/726 725/725/725
f 678/678/678 679/679/679 727/727/727
f 678/678/678 727/727/727 726/726/726
f 679/679/679 680/680/680 728/728/728
f 679/679/679 728/728/728 727/727/727
f 680/680/680 681/681/681 729/729/729
f 680/680/680 729/729/729 728/728/728
f 681/681/681 682/682/682 730/730/730
f 681/681/681 730/730/730 729/729/729
f 682/682/682 683/683/683 731/731/731
f 682/682/682 731/731/731 730/730/730
f 683/683/683 684/684/684 732/732/732
f 683/683/683 732/732/732 731/731/731
f 684/684/684 685/685/685 733/733/733
f 684/684/684 733/733/733 732/732/732
f 685/685/685 686/686/686 734/734/734
f 685/685/685 734/734/734 733/733/733
f 686/686/686 687/687/687 735/735/735
f 686/686/686 735/735/735 734/734/734
f 687/687/687 688/688/688 736/736/736
f 687/687/687 736/736/736 735/735/735
f 688/688/688 689/689/689 737/737/737
f 688/688/688 737/737/737 736/736/736
f 689/689/689 690/690/690 738/738/738
f 689/689/689 738/738/738 737/737/737
f 690/690/690 691/691/691 739/739/739
f 690/690/690 739/739/739 738/738/738
f 691/691/691 692/692/692 740/740/740
f 691/691/691 740/740/740 739/739/739
f 692/692/692 693/693/693 741/741/741
f 692/692/692 741/741/741 740/740/740
f 693/693/693 694/694/694 742/742/742
f 693/693/693 742/742/742 741/741/741
f 694/694/694 695/695/695 743/743/743
f 694/694/694 743/743/743 742/742/742
f 695/695/695 696/696/696 744/744/744
f 695/695/695 744/744/744 743/743/743
f 696/696/696 697/697/697 745/745/745
f 696/696/696 745/745/745 744/744/744
f 697/697/697 698/698/698 746/746/746
f 697/697/697 746/746/746 745/745/745
f 698/698/698 699/699/699 747/747/747
f 698/698/698 747/747/747 746/746/746
f 699/699/699 700/700/700 748/748/748
f 699/699/699 748/748/748 747/747/747
f 700/700/700 701/701/701 749/749/749
f 700/700/700 749/749/749 748/748/748
f 701/701/701 702/702/702 750/750/750
f 701/701/701 750/750/750 749/749/749
f 702/702/702 703/703/703 751/751/751
f 702/702/702 751/751/751 750/750/750
f 703/703/703 704/704/704 752/752/752
f 703/703/703 752/752/752 751/751/751
f 704/704/704 705/705/705 753/753/753
f 704/704/704 753/753/753 752/752/752
f 705/705/705 706/706/706 754/754/754
f 705/705/705 754/754/754 753/753/753
f 706/706/706 707/707/707 755/755/755
f 706/706/706 755/755/755 754/754/754
f 707/707/707 708/708/708 756/756/756
f 707/707/707 756/756/756 755/755/755
f 708/708/708 709/709/709 757/757/757
f 708/708/708 757/757/757 756/756/756
f 709/709/709 710/710/710 758/758/758
f 709/709/709 758/758/758 757/757/757
f 710/710/710 711/711/711 759/759/759
f 710/710/710 759/759/759 758/758/758
f 711/711/711 712/712/712 760/760/760
f 711/711/711 760/760/760 759/759/759
f 712/712/712 713/713/713 761/761/761
f 712/712/712 761/761/761 760/760/760
f 713/713/713 714/714/714 762/762/762
f 713/713/713 762/762/762 761/761/761
f 714/714/714 715/715/715 763/763/763
f 714/714/714 763/763/763 762/762/762
f 715/715/715 716/716/716 764/764/764
f 715/715/715 764/764/764 763/763/763
f 716/716/716 717/717/717 765/765/765
f 716/716/716 765/765/765 764/764/764
f 717/717/717 718/718/718 766/766/766
f 717/717/717 766/766/766 765/765/765
f 718/718/718 719/719/719 767/767/767
f 718/718/718 767/767/767 766/766/766
f 719/719/719 720/720/720 768/768/768
f 719/719/719 768/768/768 767/767/767
f 720/720/720 673/673/673 721/721/721
f 720/720/720 721/721/721 768/768/768
f 721/721/721 722/722/722 770/770/770
f 721/721/721 770/770/770 769/769/769
f 722/722/722 723/723/723 771/771/771
f 722/722/722 771/771/771 770/770/770
f 723/723/723 724/724/724 772/772/772
f 723/723/723 772/772/772 771/771/771
f 724/724/724 725/725/725 773/773/773
f 724/724/724 773/773/773 772/772/772
f 725/725/725 726/726/726 774/774/774
f 725/725/725 774/774/774 773/773/773
f 726/726/726 727/727/727 775/775/775
f 726/726/726 775/775/775 774/774/774
f 727/727/727 728/728/728 776/776/776
f 727/727/727 776/776/776 775/775/775
f 728/728/728 729/729/729 777/777/777
f 728/728/728 777/777/777 776/776/776
f 729/729/729 730/730/730 778/778/778
f 729/729/729 778/778/778 777/777/777
f 730/730/730 731/731/731 779/779/779
f 730/730/730 779/779/779 778/778/778
f 731/731/731 732/732/732 780/780/780
f 731/731/731 780/780/780 779/779/779
f 732/732/732 733/733/733 781/781/781
f 732/732/732 781/781/781 780/780/780
f 733/733/733 734/734/734 782/782/782
f 733/733/733 782/782/782 781/781/781
f 734/734/734 735/735/735 783/783/783
f 734/734/734 783/783/783 782/782/782
f 735/735/735 736/736/736 784/784/784
f 735/735/735 784/784/784 783/783/783
f 736/736/736 737/737/737 785/785/785
f 736/736/736 785/785/785 784/784/784
f 737/737/737 738/738/738 786/786/786
f 737/737/737 786/786/786 785/785/785
f 738/738/738 739/739/739 787/787/787
f 738/738/738 787/787/787 786/786/786
f 739/739/739 740/740/740 788/788/788
f 739/739/739 788/788/788 787/787/787
f 740/740/740 741/741/741 789/789/789
f 740/740/740 789/789/789 788/788/788
f 741/741/741 742/742/742 790/790/790
f 741/741/741 790/790/790 789/789/789
f 742/742/742 743/743/743 791/791/791
f 742/742/742 791/791/791 790/790/790
f 743/743/743 744/744/744 792/792/792
f 743/743/743 792/792/792 791/791/791
f 744/744/744 745/745/745 793/793/793
f 744/744/744 793/793/793 792/792/792
f 745/745/745 746/746/746 794/794/794
f 745/745/745 794/794/794 793/793/793
f 746/746/746 747/747/747 795/795/795
f 746/746/746 795/795/795 794/794/794
f 747/747/747 748/748/748 796/796/796
f 747/747/747 796/796/796 795/795/795
f 748/748/748 749/749/749 797/797/797
f 748/748/748 797/797/797 796/796/796
f 749/749/749 750/750/750 798/798/798
f 749/749/749 798/798/798 797/797/797
f 750/750/750 751/751/751 799/799/799
f 750/750/750 799/799/799 798/798/798
f 751/751/751 752/752/752 800/800/800
f 751/751/751 800/800/800 799/799/799
f 752/752/752 753/753/753 801/801/801
f 752/752/752 801/801/801 800/800/800
f 753/753/753 754/754/754 802/802/802
f 753/753/753 802/802/802 801/801/801
f 754/754/754 755/755/755 803/803/803
f 754/754/754 803/803/803 802/802/802
f 755/755/755 756/756/756 804/804/804
f 755/755/755 804/804/804 803/803/803
f 756/756/756 757/757/757 805/805/805
f 756/756/756 805/805/805 804/804/804
f 757/757/757 758/758/758 806/806/806
f 757/757/757 806/806/806 805/805/805
f 758/758/758 759/759/759 807/807/807
f 758/758/758 807/807/807 806/806/806
f 759/759/759 760/760/760 808/808/808
f 759/759/759 808/808/808 807/807/807
f 760/760/760 761/761/761 809/809/809
f 760/760/760 809/809/809 808/808/808
f 761/761/761 762/762/762 810/810/810
f 761/761/761 810/810/810 809/809/809
f 762/762/762 763/763/763 811/811/811
f 762/762/762 811/811/811 810/810/810
f 763/763/763 764/764/764 812/812/812
f 763/763/763 812/812/812 811/811/811
f 764/764/764 765/765/765 813/813/813
f 764/764/764 813/813/813 812/812/812
f 765/765/765 766/766/766 814/814/814
f 765/765/765 814/814/814 813/813/813
f 766/766/766 767/767/767 815/815/815
f 766/766/766 815/815/815 814/814/814
f 767/767/767 768/768/768 816/816/816
f 767/767/767 816/816/816 815/815/815
f 768/768/768 721/721/721 769/769/769
f 768/768/768 769/769/769 816/816/816
f 769/769/769 770/770/770 818/818/818
f 769/769/769 818/818/818 817/817/817
f 770/770/770 771/771/771 819/819/819
f 770/770/770 819/819/819 818/818/818
f 771/771/771 772/772/772 820/820/820
f 771/771/771 820/820/820 819/819/819
f 772/772/772 773/773/773 821/821/821
f 772/772/772 821/821/821 820/820/820
f 773/773/773 774/774/774 822/822/822
f 773/773/773 822/822/822 821/821/821
f 774/774/774 775/775/775 823/823/823
f 774/774/774 823/823/823 822/822/822
f 775/775/775 776/776/776 824/824/824
f 775/775/775 824/824/824 823/823/823
f 776/776/776 777/777/777 825/825/825
f 776/776/776 825/825/825 824/824/824
f 777/777/777 778/778/778 826/826/826
f 777/777/777 826/826/826 825/825/825
f 778/778/778 779/779/779 827/827/827
f 778/778/778 827/827/827 826/826/826
f 779/779/779 780/780/780 828/828/828
f 779/779/779 828/828/828 827/827/827
f 780/780/780 781/781/781 829/829/829
f 780/780/780 829/829/829 828/828/828
f 781/781/781 782/782/782 830/830/830
f 781/781/781 830/830/830 829/829/829
f 782/782/782 783/783/783 831/831/831
f 782/782/782 831/831/831 830/830/830
f 783/783/783 784/784/784 832/832/832
f 783/783/783 832/832/832 831/831/831
f 784/784/784 785/785/785 833/833/833
f 784/784/784 833/833/833 832/832/832
f 785/785/785 786/786/786 834/834/834
f 785/785/785 834/834/834 833/833/833
f 786/786/786 787/787/787 835/835/835
f 786/786/786 835/835/835 834/834/834
f 787/787/787 788/788/788 836/836/836
f 787/787/787 836/836/836 835/835/835
f 788/788/788 789/789/789 837/837/837
f 788/788/788 837/837/837 836/836/836
f 789/789/789 790/790/790 838/838/838
f 789/789/789 838/838/838 837/837/837
f 790/790/790 791/791/791 839/839/839
f 790/790/790 839/839/839 838/838/838
f 791/791/791 792/792/792 840/840/840
f 791/791/791 840/840/840 839/839/839
f 792/792/792 793/793/793 841/841/841
f 792/792/792 841/841/841 840/840/840
f 793/793/793 794/794/794 842/842/842
f 793/793/793 842/842/842 841/841/841
f 794/794/794 795/795/795 843/843/843
f 794/794/794 843/843/843 842/842/842
f 795/795/795 796/796/796 844/844/844
f 795/795/795 844/844/844 843/843/843
f 796/796/796 797/797/797 845/845/845
f 796/796/796 845/845/845 844/844/844
f 797/797/797 798/798/798 846/846/846
f 797/797/797 846/846/846 845/845/845
f 798/798/798 799/799/799 847/847/847
f 798/798/798 847/847/847 846/846/846
f 799/799/799 800/800/800 848/848/848
f 799/799/799 848/848/848 847/847/847
f 800/800/800 801/801/801 849/849/849
f 800/800/800 849/849/849 848/848/848
f 801/801/801 802/802/802 850/850/850
f 801/801/801 850/850/850 849/849/849
f 802/802/802 803/803/803 851/851/851
f 802/802/802 851/851/851 850/850/850
f 803/803/803 804/804/804 852/852/852
f 803/803/803 852/852/852 851/851/851
f 804/804/804 805/805/805 853/853/853
f 804/804/804 853/853/853 852/852/852
f 805/805/805 806/806/806 854/854/854
f 805/805/805 854/854/854 853/853/853
f 806/806/806 807/807/807 855/855/855
f 806/806/806 855/855/855 854/854/854
f 807/807/807 808/808/808 856/856/856
f 807/807/807 856/856/856 855/855/855
f 808/808/808 809/809/809 857/857/857
f 808/808/808 857/857/857 856/856/856
f 809/809/809 810/810/810 858/858/858
f 809/809/809 858/858/858 857/857/857
f 810/810/810 811/811/811 859/859/859
f 810/810/810 859/859/859 858/858/858
f 811/811/811 812/812/812 860/860/860
f 811/811/811 860/860/860 859/859/859
f 812/812/812 813/813/813 861/861/861
f 812/812/812 861/861/861 860/860/860
f 813/813/813 814/814/814 862/862/862
f 813/813/813 862/862/862 861/861/861
f 814/814/814 815/815/815 863/863/863
f 814/814/814 863/863/863 862/862/862
f 815/815/815 816/816/816 864/864/864
f 815/815/815 864/864/864 863/863/863
f 816/816/816 769/769/769 817/817/817
f 816/816/816 817/817/817 864/864/864
f 817/817/817 818/818/818 866/866/866
f 817/817/817 866/866/866 865/865/865
f 818/818/818 819/819/819 867/867/867
f 818/818/818 867/867/867 866/866/866
f 819/819/819 820/820/820 868/868/868
f 819/819/819 868/868/868 867/867/867
f 820/820/820 821/821/821 869/869/869
f 820/820/820 869/869/869 868/868/868
f 821/821/821 822/822/822 870/870/870
f 821/821/821 870/870/870 869/869/869
f 822/822/822 823/823/823 871/871/871
f 822/822/822 871/871/871 870/870/870
f 823/823/823 824/824/824 872/872/872
f 823/823/823 872/872/872 871/871/871
f 824/824/824 825/825/825 873/873/873
f 824/824/824 873/873/873 872/872/872
f 825/825/825 826/826/826 874/874/874
f 825/825/825 874/874/874 873/873/873
f 826/826/826 827/827/827 875/875/875
f 826/826/826 875/875/875 874/874/874
f 827/827/827 828/828/828 876/876/876
f 827/827/827 876/876/876 875/875/875
f 828/828/828 829/829/829 877/877/877
f 828/828/828 877/877/877 876/876/876
f 829/829/829 830/830/830 878/878/878
f 829/829/829 878/878/878 877/877/877
f 830/830/830 831/831/831 879/879/879
f 830/830/830 879/879/879 878/878/878
f 831/831/831 832/832/832 880/880/880
f 831/831/831 880/880/880 879/879/879
f 832/832/832 833/833/833 881/881/881
f 832/832/832 881/881/881 880/880/880
f 833/833/833 834/834/834 882/882/882
f 833/833/833 882/882/882 881/881/881
f 834/834/834 835/835/835 883/883/883
f 834/834/834 883/883/883 882/882/882
f 835/835/835 836/836/836 884/884/884
f 835/835/835 884/884/884 883/883/883
f 836/836/836 837/837/837 885/885/885
f 836/836/836 885/885/885 884/884/884
f 837/837/837 838/838/838 886/886/886
f 837/837/837 886/886/886 885/885/885
f 838/838/838 839/839/839 887/887/887
f 838/838/838 887/887/887 886/886/886
f 839/839/839 840/840/840 888/888/888
f 839/839/839 888/888/888 887/887/887
f 840/840/840 841/841/841 889/889/889
f 840/840/840 889/889/889 888/888/888
f 841/841/841 842/842/842 890/890/890
f 841/841/841 890/890/890 889/889/889
f 842/842/842 843/843/843 891/891/891
f 842/842/842 891/891/891 890/890/890
f 843/843/843 844/844/844 892/892/892
f 843/843/843 892/892/892 891/891/891
f 844/844/844 845/845/845 893/893/893
f 844/844/844 893/893/893 892/892/892
f 845/845/845 846/846/846 894/894/894
f 845/845/845 894/894/894 893/893/893
f 846/846/846 847/847/847 895/895/895
f 846/846/846 895/895/895 894/894/894
f 847/847/847 848/848/848 896/896/896
f 847/847/847 896/896/896 895/895/895
f 848/848/848 849/849/849 897/897/897
f 848/848/848 897/897/897 896/896/896
f 849/849/849 850/850/850 898/898/898
f 849/849/849 898/898/898 897/897/897
f 850/850/850 851/851/851 899/899/899
f 850/850/850 899/899/899 898/898/898
f 851/851/851 852/852/852 900/900/900
f 851/851/851 900/900/900 899/899/899
f 852/852/852 853/853/853 901/901/901
f 852/852/852 901/901/901 900/900/900
f 853/853/853 854/854/854 902/902/902
f 853/853/853 902/902/902 901/901/901
f 854/854/854 855/855/855 903/903/903
f 854/854/854 903/903/903 902/902/902
f 855/855/855 856/856/856 904/904/904
f 855/855/855 904/904/904 903/903/903
f 856/856/856 857/857/857 905/905/905
f 856/856/856 905/905/905 904/904/904
f 857/857/857 858/858/858 906/906/906
f 857/857/857 906/906/906 905/905/905
f 858/858/858 859/859/859 907/907/907
f 858/858/858 907/907/907 906/906/906
f 859/859/859 860/860/860 908/908/908
f 859/859/859 908/908/908 907/907/907
f 860/860/860 861/861/861 909/909/909
f 860/860/860 909/909/909 908/908/908
f 861/861/861 862/862/862 910/910/910
f 861/861/861 910/910/910 909/909/909
f 862/862/862 863/863/863 911/911/911
f 862/862/862 911/911/911 910/910/910
f 863/863/863 864/864/864 912/912/912
f 863/863/863 912/912/912 911/911/911
f 864/864/864 817/817/817 865/865/865
f 864/864/864 865/865/865 912/912/912
f 865/865/865 866/866/866 914/914/914
f 865/865/865 914/914/914 913/913/913
f 866/866/866 867/867/867 915/915/915
f 866/866/866 915/915/915 914/914/914
f 867/867/867 868/868/868 916/916/916
f 867/867/867 916/916/916 915/915/915
f 868/868/868 869/869/869 917/917/917
f 868/868/868 917/917/917 916/916/916
f 869/869/869 870/870/870 918/918/918
f 869/869/869 918/918/918 917/917/917
f 870/870/870 871/871/871 919/919/919
f 870/870/870 919/919/919 918/918/918
f 871/871/871 872/872/872 920/920/920
f 871/871/871 920/920/920 919/919/919
f 872/872/872 873/873/873 921/921/921
f 872/872/872 921/921/921 920/920/920
f 873/873/873 874/874/874 922/922/922
f 873/873/873 922/922/922 921/921/921
f 874/874/874 875/875/875 923/923/923
f 874/874/874 923/923/923 922/922/922
f 875/875/875 876/876/876 924/924/924
f 875/875/875 924/924/924 923/923/923
f 876/876/876 877/877/877 925/925/925
f 876/876/876 925/925/925 924/924/924
f 877/877/877 878/878/878 926/926/926
f 877/877/877 926/926/926 925/925/925
f 878/878/878 879/879/879 927/927/927
f 878/878/878 927/927/927 926/926/926
f 879/879/879 880/880/880 928/928/928
f 879/879/879 928/928/928 927/927/927
f 880/880/880 881/881/881 929/929/929
f 880/880/880 929/929/929 928/928/928
f 881/881/881 882/882/882 930/930/930
f 881/881/881 930/930/930 929/929/929
f 882/882/882 883/883/883 931/931/931
f 882/882/882 931/931/931 930/930/930
f 883/883/883 884/884/884 932/932/932
f 883/883/883 932/932/932 931/931/931
f 884/884/884 885/885/885 933/933/933
f 884/884/884 933/933/933 932/932/932
f 885/885/885 886/886/886 934/934/934
f 885/885/885 934/934/934 933/933/933
f 886/886/886 887/887/887 935/935/935
f 886/886/886 935/935/935 934/934/934
f 887/887/887 888/888/888 936/936/936
f 887/887/887 936/936/936 935/935/935
f 888/888/888 889/889/889 937/937/937
f 888/888/888 937/937/937 936/936/936
f 889/889/889 890/890/890 938/938/938
f 889/889/889 938/938/938 937/937/937
f 890/890/890 891/891/891 939/939/939
f 890/890/890 939/939/939 938/938/938
f 891/891/891 892/892/892 940/940/940
f 891/891/891 940/940/940 939/939/939
f 892/892/892 893/893/893 941/941/941
f 892/892/892 941/941/941 940/940/940
f 893/893/893 894/894/894 942/942/942
f 893/893/893 942/942/942 941/941/941
f 894/894/894 895/895/895 943/943/943
f 894/894/894 943/943/943 942/942/942
f 895/895/895 896/896/896 944/944/944
f 895/895/895 944/944/944 943/943/943
f 896/896/896 897/897/897 945/945/945
f 896/896/896 945/945/945 944/944/944
f 897/897/897 898/898/898 946/946/946
f 897/897/897 946/946/946 945/945/945
f 898/898/898 899/899/899 947/947/947
f 898/898/898 947/947/947 946/946/946
f 899/899/899 900/900/900 948/948/948
f 899/899/899 948/948/948 947/947/947
f 900/900/900 901/901/901 949/949/949
f 900/900/900 949/949/949 948/948/948
f 901/901/901 902/902/902 950/950/950
f 901/901/901 950/950/950 949/949/949
f 902/902/902 903/903/903 951/951/951
f 902/902/902 951/951/951 950/950/950
f 903/903/903 904/904/904 952/952/952
f 903/903/903 952/952/952 951/951/951
f 904/904/904 905/905/905 953/953/953
f 904/904/904 953/953/953 952/952/952
f 905/905/905 906/906/906 954/954/954
f 905/905/905 954/954/954 953/953/953
f 906/906/906 907/907/907 955/955/955
f 906/906/906 955/955/955 954/954/954
f 907/907/907 908/908/908 956/956/956
f 907/907/907 956/956/956 955/955/955
f 908/908/908 909/909/909 957/957/957
f 908/908/908 957/957/957 956/956/956
f 909/909/909 910/910/910 958/958/958
f 909/909/909 958/958/958 957/957/957
f 910/910/910 911/911/911 959/959/959
f 910/910/910 959/959/959 958/958/958
f 911/911/911 912/912/912 960/960/960
f 911/911/911 960/960/960 959/959/959
f 912/912/912 865/865/865 913/913/913
f 912/912/912 913/913/913 960/960/960
f 913/913/913 914/914/914 962/962/962
f 913/913/913 962/962/962 961/961/961
f 914/914/914 915/915/915 963/963/963
f 914/914/914 963/963/963 962/962/962
f 915/915/915 916/916/916 964/964/964
f 915/915/915 964/964/964 963/963/963
f 916/916/916 917/917/917 965/965/965
f 916/916/916 965/965/965 964/964/964
f 917/917/917 918/918/918 966/966/966
f 917/917/917 966/966/966 965/965/965
f 918/918/918 919/919/919 967/967/967
f 918/918/918 967/967/967 966/966/966
f 919/919/919 920/920/920 968/968/968
f 919/919/919 968/968/968 967/967/967
f 920/920/920 921/921/921 969/969/969
f 920/920/920 969/969/969 968/968/968
f 921/921/921 922/922/922 970/970/970
f 921/921/921 970/970/970 969/969/969
f 922/922/922 923/923/923 971/971/971
f 922/922/922 971/971/971 970/970/970
f 923/923/923 924/924/924 972/972/972
f 923/923/923 972/972/972 971/971/971
f 924/924/924 925/925/925 973/973/973
f 924/924/924 973/973/973 972/972/972
f 925/925/925 926/926/926 974/974/974
f 925/925/925 974/974/974 973/973/973
f 926/926/926 927/927/927 975/975/975
f 926/926/926 975/975/975 974/974/974
f 927/927/927 928/928/928 976/976/976
f 927/927/927 976/976/976 975/975/975
f 928/928/928 929/929/929 977/977/977
f 928/928/928 977/977/977 976/976/976
f 929/929/929 930/930/930 978/978/978
f 929/929/929 978/978/978 977/977/977
f 930/930/930 931/931/931 979/979/979
f 930/930/930 979/979/979 978/978/978
f 931/931/931 932/932/932 980/980/980
f 931/931/931 980/980/980 979/979/979
f 932/932/932 933/933/933 981/981/981
f 932/932/932 981/981/981 980/980/980
f 933/933/933 934/934/934 982/982/982
f 933/933/933 982/982/982 981/981/981
f 934/934/934 935/935/935 983/983/983
f 934/934/934 983/983/983 982/982/982
f 935/935/935 936/936/936 984/984/984
f 935/935/935 984/984/984 983/983/983
f 936/936/936 937/937/937 985/985/985
f 936/936/936 985/985/985 984/984/984
f 937/937/937 938/938/938 986/986/986
f 937/937/937 986/986/986 985/985/985
f 938/938/938 939/939/939 987/987/987
f 938/938/938 987/987/987 986/986/986
f 939/939/939 940/940/940 988/988/988
f 939/939/939 988/988/988 987/987/987
f 940/940/940 941/941/941 989/989/989
f 940/940/940 989/989/989 988/988/988
f 941/941/941 942/942/942 990/990/990
f 941/941/941 990/990/990 989/989/989
f 942/942/942 943/943/943 991/991/991
f 942/942/942 991/991/991 990/990/990
f 943/943/943 944/944/944 992/992/992
f 943/943/943 992/992/992 991/991/991
f 944/944/944 945/945/945 993/993/993
f 944/944/944 993/993/993 992/992/992
f 945/945/945 946/946/946 994/994/994
f 945/945/945 994/994/994 993/993/993
f 946/946/946 947/947/947 995/995/995
f 946/946/946 995/995/995 994/994/994
f 947/947/947 948/948/948 996/996/996
f 947/947/947 996/996/996 995/995/995
f 948/948/948 949/949/949 997/997/997
f 948/948/948 997/997/997 996/996/996
f 949/949/949 950/950/950 998/998/998
f 949/949/949 998/998/998 997/997/997
f 950/950/950 951/951/951 999/999/999
f 950/950/950 999/999/999 998/998/998
f 951/951/951 952/952/952 1000/1000/1000
f 951/951/951 1000/1000/1000 999/999/999
f 952/952/952 953/953/953 1001/1001/1001
f 952/952/952 1001/1001/1001 1000/1000/1000
f 953/953/953 954/954/954 1002/1002/1002
f 953/953/953 1002/1002/1002 1001/1001/1001
f 954/954/954 955/955/955 1003/1003/1003
f 954/954/954 1003/1003/1003 1002/1002/1002
f 955/955/955 956/956/956 1004/1004/1004
f 955/955/955 1004/1004/1004 1003/1003/1003
f 956/956/956 957/957/957 1005/1005/1005
f 956/956/956 1005/1005/1005 1004/1004/1004
f 957/957/957 958/958/958 1006/1006/1006
f 957/957/957 1006/1006/1006 1005/1005/1005
f 958/958/958 959/959/959 1007/1007/1007
f 958/958/958 1007/1007/1007 1006/1006/1006
f 959/959/959 960/960/960 1008/1008/1008
f 959/959/959 1008/1008/1008 1007/1007/1007
f 960/960/960 913/913/913 961/961/961
f 960/960/960 961/961/961 1008/1008/1008
f 961/961/961 962/962/962 1010/1010/1010
f 961/961/961 1010/1010/1010 1009/1009/1009
f 962/962/962 963/963/963 1011/1011/1011
f 962/962/962 1011/1011/1011 1010/1010/1010
f 963/963/963 964/964/964 1012/1012/1012
f 963/963/963 1012/1012/1012 1011/1011/1011
f 964/964/964 965/965/965 1013/1013/1013
f 964/964/964 1013/1013/1013 1012/1012/1012
f 965/965/965 966/966/966 1014/1014/1014
f 965/965/965 1014/1014/1014 1013/1013/1013
f 966/966/966 967/967/967 1015/1015/1015
f 966/966/966 1015/1015/1015 1014/1014/1014
f 967/967/967 968/968/968 1016/1016/1016
f 967/967/967 1016/1016/1016 1015/1015/1015
f 968/968/968 969/969/969 1017/1017/1017
f 968/968/968 1017/1017/1017 1016/1016/1016
f 969/969/969 970/970/970 1018/1018/1018
f 969/969/969 1018/1018/1018 1017/1017/1017
f 970/970/970 971/971/971 1019/1019/1019
f 970/970/970 1019/1019/1019 1018/1018/1018
f 971/971/971 972/972/972 1020/1020/1020
f 971/971/971 1020/1020/1020 1019/1019/1019
f 972/972/972 973/973/973 1021/1021/1021
f 972/972/972 1021/1021/1021 1020/1020/1020
f 973/973/973 974/974/974 1022/1022/1022
f 973/973/973 1022/1022/1022 1021/1021/1021
f 974/974/974 975/975/975 1023/1023/1023
f 974/974/974 1023/1023/1023 1022/1022/1022
f 975/975/975 976/976/976 1024/1024/1024
f 975/975/975 1024/1024/1024 1023/1023/1023
f 976/976/976 977/977/977 1025/1025/1025
f 976/976/976 1025/1025/1025 1024/1024/1024
f 977/977/977 978/978/978 1026/1026/1026
f 977/977/977 1026/1026/1026 1025/1025/1025
f 978/978/978 979/979/979 1027/1027/1027
f 978/978/978 1027/1027/1027 1026/1026/1026
f 979/979/979 980/980/980 1028/1028/1028
f 979/979/979 1028/1028/1028 1027/1027/1027
f 980/980/980 981/981/981 1029/1029/1029
f 980/980/980 1029/1029/1029 1028/1028/1028
f 981/981/981 982/982/982 1030/1030/1030
f 981/981/981 1030/1030/1030 1029/1029/1029
f 982/982/982 983/983/983 1031/1031/1031
f 982/982/982 1031/1031/1031 1030/1030/1030
f 983/983/983 984/984/984 1032/1032/1032
f 983/983/983 1032/1032/1032 1031/1031/1031
f 984/984/984 985/985/985 1033/1033/1033
f 984/984/984 1033/1033/1033 1032/1032/1032
f 985/985/985 986/986/986 1034/1034/1034
f 985/985/985 1034/1034/1034 1033/1033/1033
f 986/986/986 987/987/987 1035/1035/1035
f 986/986/986 1035/1035/1035 1034/1034/1034
f 987/987/987 988/988/988 1036/1036/1036
f 987/987/987 1036/1036/1036 1035/1035/1035
f 988/988/988 989/989/989 1037/1037/1037
f 988/988/988 1037/1037/1037 1036/1036/1036
f 989/989/989 990/990/990 1038/1038/1038
f 989/989/989 1038/1038/1038 1037/1037/1037
f 990/990/990 991/991/991 1039/1039/1039
f 990/990/990 1039/1039/1039 1038/1038/1038
f 991/991/991 992/992/992 1040/1040/1040
f 991/991/991 1040/1040/1040 1039/1039/1039
f 992/992/992 993/993/993 1041/1041/1041
f 992/992/992 1041/1041/1041 1040/1040/1040
f 993/993/993 994/994/994 1042/1042/1042
f 993/993/993 1042/1042/1042 1041/1041/1041
f 994/994/994 995/995/995 1043/1043/1043
f 994/994/994 1043/1043/1043 1042/1042/1042
f 995/995/995 996/996/996 1044/1044/1044
f 995/995/995 1044/1044/1044 1043/1043/1043
f 996/996/996 997/997/997 1045/1045/1045
f 996/996/996 1045/1045/1045 1044/1044/1044
f 997/997/997 998/998/998 1046/1046/1046
f 997/997/997 1046/1046/1046 1045/1045/1045
f 998/998/998 999/999/999 1047/1047/1047
f 998/998/998 1047/1047/1047 1046/1046/1046
f 999/999/999 1000/1000/1000 1048/1048/1048
f 999/999/999 1048/1048/1048 1047/1047/1047
f 1000/1000/1000 1001/1001/1001 1049/1049/1049
f 1000/1000/1000 1049/1049/1049 1048/1048/1048
f 1001/1001/1001 1002/1002/1002 1050/1050/1050
f 1001/1001/1001 1050/1050/1050 1049/1049/1049
f 1002/1002/1002 1003/1003/1003 1051/1051/1051
f 1002/1002/1002 1051/1051/1051 1050/1050/1050
f 1003/1003/1003 1004/1004/1004 1052/1052/1052
f 1003/1003/1003 1052/1052/1052 1051/1051/1051
f 1004/1004/1004 1005/1005/1005 1053/1053/1053
f 1004/1004/1004 1053/1053/1053 1052/1052/1052
f 1005/1005/1005 1006/1006/1006 1054/1054/1054
f 1005/1005/1005 1054/1054/1054 1053/1053/1053
f 1006/1006/1006 1007/1007/1007 1055/1055/1055
f 1006/1006/1006 1055/1055/1055 1054/1054/1054
f 1007/1007/1007 1008/1008/1008 1056/1056/1056
f 1007/1007/1007 1056/1056/1056 1055/1055/1055
f 1008/1008/1008 961/961/961 1009/1009/1009
f 1008/1008/1008 1009/1009/1009 1056/1056/1056
f 1009/1009/1009 1010/1010/1010 1058/1058/1058
f 1009/1009/1009 1058/1058/1058 1057/1057/1057
f 1010/1010/1010 1011/1011/1011 1059/1059/1059
f 1010/1010/1010 1059/1059/1059 1058/1058/1058
f 1011/1011/1011 1012/1012/1012 1060/1060/1060
f 1011/1011/1011 1060/1060/1060 1059/1059/1059
f 1012/1012/1012 1013/1013/1013 1061/1061/1061
f 1012/1012/1012 1061/1061/1061 1060/1060/1060
f 1013/1013/1013 1014/1014/1014 1062/1062/1062
f 1013/1013/1013 1062/1062/1062 1061/1061/1061
f 1014/1014/1014 1015/1015/1015 1063/1063/1063
f 1014/1014/1014 1063/1063/1063 1062/1062/1062
f 1015/1015/1015 1016/1016/1016 1064/1064/1064
f 1015/1015/1015 1064/1064/1064 1063/1063/1063
f 1016/1016/1016 1017/1017/1017 1065/1065/1065
f 1016/1016/1016 1065/1065/1065 1064/1064/1064
f 1017/1017/1017 1018/1018/1018 1066/1066/1066
f 1017/1017/1017 1066/1066/1066 1065/1065/1065
f 1018/1018/1018 1019/1019/1019 1067/1067/1067
f 1018/1018/1018 1067/1067/1067 1066/1066/1066
f 1019/1019/1019 1020/1020/1020 1068/1068/1068
f 1019/1019/1019 1068/1068/1068 1067/1067/1067
f 1020/1020/1020 1021/1021/1021 1069/1069/1069
f 1020/1020/1020 1069/1069/1069 1068/1068/1068
f 1021/1021/1021 1022/1022/1022 1070/1070/1070
f 1021/1021/1021 1070/1070/1070 1069/1069/1069
f 1022/1022/1022 1023/1023/1023 1071/1071/1071
f 1022/1022/1022 1071/1071/1071 1070/1070/1070
f 1023/1023/1023 1024/1024/1024 1072/1072/1072
f 1023/1023/1023 1072/1072/1072 1071/1071/1071
f 1024/1024/1024 1025/1025/1025 1073/1073/1073
f 1024/1024/1024 1073/1073/1073 1072/1072/1072
f 1025/1025/1025 1026/1026/1026 1074/1074/1074
f 1025/1025/1025 1074/1074/1074 1073/1073/1073
f 1026/1026/1026 1027/1027/1027 1075/1075/1075
f 1026/1026/1026 1075/1075/1075 1074/1074/1074
f 1027/1027/1027 1028/1028/1028 1076/1076/1076
f 1027/1027/1027 1076/1076/1076 1075/1075/1075
f 1028/1028/1028 1029/1029/1029 1077/1077/1077
f 1028/1028/1028 1077/1077/1077 1076/1076/1076
f 1029/1029/1029 1030/1030/1030 1078/1078/1078
f 1029/1029/1029 1078/1078/1078 1077/1077/1077
f 1030/1030/1030 1031/1031/1031 1079/1079/1079
f 1030/1030/1030 1079/1079/1079 1078/1078/1078
f 1031/1031/1031 1032/1032/1032 1080/1080/1080
f 1031/1031/1031 1080/1080/1080 1079/1079/1079
f 1032/1032/1032 1033/1033/1033 1081/1081/1081
f 1032/1032/1032 1081/1081/1081 1080/1080/1080
f 1033/1033/1033 1034/1034/1034 1082/1082/1082
f 1033/1033/1033 1082/1082/1082 1081/1081/1081
f 1034/1034/1034 1035/1035/1035 1083/1083/1083
f 1034/1034/1034 1083/1083/1083 1082/1082/1082
f 1035/1035/1035 1036/1036/1036 1084/1084/1084
f 1035/1035/1035 1084/1084/1084 1083/1083/1083
f 1036/1036/1036 1037/1037/1037 1085/1085/1085
f 1036/1036/1036 1085/1085/1085 1084/1084/1084
f 1037/1037/1037 1038/1038/1038 1086/1086/1086
f 1037/1037/1037 1086/1086/1086 1085/1085/1085
f 1038/1038/1038 1039/1039/1039 1087/1087/1087
f 1038/1038/1038 1087/1087/1087 1086/1086/1086
f 1039/1039/1039 1040/1040/1040 1088/1088/1088
f 1039/1039/1039 1088/1088/1088 1087/1087/1087
f 1040/1040/1040 1041/1041/1041 1089/1089/1089
f 1040/1040/1040 1089/1089/1089 1088/1088/1088
f 1041/1041/1041 1042/1042/1042 1090/1090/1090
f 1041/1041/1041 1090/1090/1090 1089/1089/1089
f 1042/1042/1042 1043/1043/1043 1091/1091/1091
f 1042/1042/1042 1091/1091/1091 1090/1090/1090
f 1043/1043/1043 1044/1044/1044 1092/1092/1092
f 1043/1043/1043 1092/1092/1092 1091/1091/1091
f 1044/1044/1044 1045/1045/1045 1093/1093/1093
f 1044/1044/1044 1093/1093/1093 1092/1092/1092
f 1045/1045/1045 1046/1046/1046 1094/1094/1094
f 1045/1045/1045 1094/1094/1094 1093/1093/1093
f 1046/1046/1046 1047/1047/1047 1095/1095/1095
f 1046/1046/1046 1095/1095/1095 1094/1094/1094
f 1047/1047/1047 1048/1048/1048 1096/1096/1096
f 1047/1047/1047 1096/1096/1096 1095/1095/1095
f 1048/1048/1048 1049/1049/1049 1097/1097/1097
f 1048/1048/1048 1097/1097/1097 1096/1096/1096
f 1049/1049/1049 1050/1050/1050 1098/1098/1098
f 1049/1049/1049 1098/1098/1098 1097/1097/1097
f 1050/1050/1050 1051/1051/1051 1099/1099/1099
f 1050/1050/1050 1099/1099/1099 1098/1098/1098
f 1051/1051/1051 1052/1052/1052 1100/1100/1100
f 1051/1051/1051 1100/1100/1100 1099/1099/1099
f 1052/1052/1052 1053/1053/1053 1101/1101/1101
f 1052/1052/1052 1101/1101/1101 1100/1100/1100
f 1053/1053/1053 1054/1054/1054 1102/1102/1102
f 1053/1053/1053 1102/1102/1102 1101/1101/1101
f 1054/1054/1054 1055/1055/1055 1103/1103/1103
f 1054/1054/1054 1103/1103/1103 1102/1102/1102
f 1055/1055/1055 1056/1056/1056 1104/1104/1104
f 1055/1055/1055 1104/1104/1104 1103/1103/1103
f 1056/1056/1056 1009/1009/1009 1057/1057/1057
f 1056/1056/1056 1057/1057/1057 1104/1104/1104
f 1057/1057/1057 1058/1058/1058 1106/1106/1106
f 1057/1057/1057 1106/1106/1106 1105/1105/1105
f 1058/1058/1058 1059/1059/1059 1107/1107/1107
f 1058/1058/1058 1107/1107/1107 1106/1106/1106
f 1059/1059/1059 1060/1060/1060 1108/1108/1108
f 1059/1059/1059 1108/1108/1108 1107/1107/1107
f 1060/1060/1060 1061/1061/1061 1109/1109/1109
f 1060/1060/1060 1109/1109/1109 1108/1108/1108
f 1061/1061/1061 1062/1062/1062 1110/1110/1110
f 1061/1061/1061 1110/1110/1110 1109/1109/1109
f 1062/1062/1062 1063/1063/1063 1111/1111/1111
f 1062/1062/1062 1111/1111/1111 1110/1110/1110
f 1063/1063/1063 1064/1064/1064 1112/1112/1112
f 1063/1063/1063 1112/1112/1112 1111/1111/1111
f 1064/1064/1064 1065/1065/1065 1113/1113/1113
f 1064/1064/1064 1113/1113/1113 1112/1112/1112
f 1065/1065/1065 1066/1066/1066 1114/1114/1114
f 1065/1065/1065 1114/1114/1114 1113/1113/1113
f 1066/1066/1066 1067/1067/1067 1115/1115/1115
f 1066/1066/1066 1115/1115/1115 1114/1114/1114
f 1067/1067/1067 1068/1068/1068 1116/1116/1116
f 1067/1067/1067 1116/1116/1116 1115/1115/1115
f 1068/1068/1068 1069/1069/1069 1117/1117/1117
f 1068/1068/1068 1117/1117/1117 1116/1116/1116
f 1069/1069/1069 1070/1070/1070 1118/1118/1118
f 1069/1069/1069 1118/1118/1118 1117/1117/1117
f 1070/1070/1070 1071/1071/1071 1119/1119/1119
f 1070/1070/1070 1119/1119/1119 1118/1118/1118
f 1071/1071/1071 1072/1072/1072 1120/1120/1120
f 1071/1071/1071 1120/1120/1120 1119/1119/1119
f 1072/1072/1072 1073/1073/1073 1121/1121/1121
f 1072/1072/1072 1121/1121/1121 1120/1120/1120
f 1073/1073/1073 1074/1074/1074 1122/1122/1122
f 1073/1073/1073 1122/1122/1122 1121/1121/1121
f 1074/1074/1074 1075/1075/1075 1123/1123/1123
f 1074/1074/1074 1123/1123/1123 1122/1122/1122
f 1075/1075/1075 1076/1076/1076 1124/1124/1124
f 1075/1075/1075 1124/1124/1124 1123/1123/1123
f 1076/1076/1076 1077/1077/1077 1125/1125/1125
f 1076/1076/1076 1125/1125/1125 1124/1124/1124
f 1077/1077/1077 1078/1078/1078 1126/1126/1126
f 1077/1077/1077 1126/1126/1126 1125/1125/1125
f 1078/1078/1078 1079/1079/1079 1127/1127/1127
f 1078/1078/1078 1127/1127/1127 1126/1126/1126
f 1079/1079/1079 1080/1080/1080 1128/1128/1128
f 1079/1079/1079 1128/1128/1128 1127/1127/1127
f 1080/1080/1080 1081/1081/1081 1129/1129/1129
f 1080/1080/1080 1129/1129/1129 1128/1128/1128
f 1081/1081/1081 1082/1082/1082 1130/1130/1130
f 1081/1081/1081 1130/1130/1130 1129/1129/1129
f 1082/1082/1082 1083/1083/1083 1131/1131/1131
f 1082/1082/1082 1131/1131/1131 1130/1130/1130
f 1083/1083/1083 1084/1084/1084 1132/1132/1132
f 1083/1083/1083 1132/1132/1132 1131/1131/1131
f 1084/1084/1084 1085/1085/1085 1133/1133/1133
f 1084/1084/1084 1133/1133/1133 1132/1132/1132
f 1085/1085/1085 1086/1086/1086 1134/1134/1134
f 1085/1085/1085 1134/1134/1134 1133/1133/1133
f 1086/1086/1086 1087/1087/1087 1135/1135/1135
f 1086/1086/1086 1135/1135/1135 1134/1134/1134
f 1087/1087/1087 1088/1088/1088 1136/1136/1136
f 1087/1087/1087 1136/1136/1136 1135/1135/1135
f 1088/1088/1088 1089/1089/1089 1137/1137/1137
f 1088/1088/1088 1137/1137/1137 1136/1136/1136
f 1089/1089/1089 1090/1090/1090 1138/1138/1138
f 1089/1089/1089 1138/1138/1138 1137/1137/1137
f 1090/1090/1090 1091/1091/1091 1139/1139/1139
f 1090/1090/1090 1139/1139/1139 1138/1138/1138
f 1091/1091/1091 1092/1092/1092 1140/1140/1140
f 1091/1091/1091 1140/1140/1140 1139/1139/1139
f 1092/1092/1092 1093/1093/1093 1141/1141/1141
f 1092/1092/1092 1141/1141/1141 1140/1140/1140
f 1093/1093/1093 1094/1094/1094 1142/1142/1142
f 1093/1093/1093 1142/1142/1142 1141/1141/1141
f 1094/1094/1094 1095/1095/1095 1143/1143/1143
f 1094/1094/1094 1143/1143/1143 1142/1142/1142
f 1095/1095/1095 1096/1096/1096 1144/1144/1144
f 1095/1095/1095 1144/1144/1144 1143/1143/1143
f 1096/1096/1096 1097/1097/1097 1145/1145/1145
f 1096/1096/1096 1145/1145/1145 1144/1144/1144
f 1097/1097/1097 1098/1098/1098 1146/1146/1146
f 1097/1097/1097 1146/1146/1146 1145/1145/1145
f 1098/1098/1098 1099/1099/1099 1147/1147/1147
f 1098/1098/1098 1147/1147/1147 1146/1146/1146
f 1099/1099/1099 1100/1100/1100 1148/1148/1148
f 1099/1099/1099 1148/1148/1148 1147/1147/1147
f 1100/1100/1100 1101/1101/1101 1149/1149/1149
f 1100/1100/1100 1149/1149/1149 1148/1148/1148
f 1101/1101/1101 1102/1102/1102 1150/1150/1150
f 1101/1101/1101 1150/1150/1150 1149/1149/1149
f 1102/1102/1102 1103/1103/1103 1151/1151/1151
f 1102/1102/1102 1151/1151/1151 1150/1150/1150
f 1103/1103/1103 1104/1104/1104 1152/1152/1152
f 1103/1103/1103 1152/1152/1152 1151/1151/1151
f 1104/1104/1104 1057/1057/1057 1105/1105/1105
f 1104/1104/1104 1105/1105/1105 1152/1152/1152
f 1105/1105/1105 1106/1106/1106 1154/1154/1154
f 1105/1105/1105 1154/1154/1154 1153/1153/1153
f 1106/1106/1106 1107/1107/1107 1155/1155/1155
f 1106/1106/1106 1155/1155/1155 1154/1154/1154
f 1107/1107/1107 1108/1108/1108 1156/1156/1156
f 1107/1107/1107 1156/1156/1156 1155/1155/1155
f 1108/1108/1108 1109/1109/1109 1157/1157/1157
f 1108/1108/1108 1157/1157/1157 1156/1156/1156
f 1109/1109/1109 1110/1110/1110 1158/1158/1158
f 1109/1109/1109 1158/1158/1158 1157/1157/1157
f 1110/1110/1110 1111/1111/1111 1159/1159/1159
f 1110/1110/1110 1159/1159/1159 1158/1158/1158
f 1111/1111/1111 1112/1112/1112 1160/1160/1160
f 1111/1111/1111 1160/1160/1160 1159/1159/1159
f 1112/1112/1112 1113/1113/1113 1161/1161/1161
f 1112/1112/1112 1161/1161/1161 1160/1160/1160
f 1113/1113/1113 1114/1114/1114 1162/1162/1162
f 1113/1113/1113 1162/1162/1162 1161/1161/1161
f 1114/1114/1114 1115/1115/1115 1163/1163/1163
f 1114/1114/1114 1163/1163/1163 1162/1162/1162
f 1115/1115/1115 1116/1116/1116 1164/1164/1164
f 1115/1115/1115 1164/1164/1164 1163/1163/1163
f 1116/1116/1116 1117/1117/1117 1165/1165/1165
f 1116/1116/1116 1165/1165/1165 1164/1164/1164
f 1117/1117/1117 1118/1118/1118 1166/1166/1166
f 1117/1117/1117 1166/1166/1166 1165/1165/1165
f 1118/1118/1118 1119/1119/1119 1167/1167/1167
f 1118/1118/1118 1167/1167/1167 1166/1166/1166
f 1119/1119/1119 1120/1120/1120 1168/1168/1168
f 1119/1119/1119 1168/1168/1168 1167/1167/1167
f 1120/1120/1120 1121/1121/1121 1169/1169/1169
f 1120/1120/1120 1169/1169/1169 1168/1168/1168
f 1121/1121/1121 1122/1122/1122 1170/1170/1170
f 1121/1121/1121 1170/1170/1170 1169/1169/1169
f 1122/1122/1122 1123/1123/1123 1171/1171/1171
f 1122/1122/1122 1171/1171/1171 1170/1170/1170
f 1123/1123/1123 1124/1124/1124 1172/1172/1172
f 1123/1123/1123 1172/1172/1172 1171/1171/1171
f 1124/1124/1124 1125/1125/1125 1173/1173/1173
f 1124/1124/1124 1173/1173/1173 1172/1172/1172
f 1125/1125/1125 1126/1126/1126 1174/1174/1174
f 1125/1125/1125 1174/1174/1174 1173/1173/1173
f 1126/1126/1126 1127/1127/1127 1175/1175/1175
f 1126/1126/1126 1175/1175/1175 1174/1174/1174
f 1127/1127/1127 1128/1128/1128 1176/1176/1176
f 1127/1127/1127 1176/1176/1176 1175/1175/1175
f 1128/1128/1128 1129/1129/1129 1177/1177/1177
f 1128/1128/1128 1177/1177/1177 1176/1176/1176
f 1129/1129/1129 1130/1130/1130 1178/1178/1178
f 1129/1129/1129 1178/1178/1178 1177/1177/1177
f 1130/1130/1130 1131/1131/1131 1179/1179/1179
f 1130/1130/1130 1179/1179/1179 1178/1178/1178
f 1131/1131/1131 1132/1132/1132 1180/1180/1180
f 1131/1131/1131 1180/1180/1180 1179/1179/1179
f 1132/1132/1132 1133/1133/1133 1181/1181/1181
f 1132/1132/1132 1181/1181/1181 1180/1180/1180
f 1133/1133/1133 1134/1134/1134 1182/1182/1182
f 1133/1133/1133 1182/1182/1182 1181/1181/1181
f 1134/1134/1134 1135/1135/1135 1183/1183/1183
f 1134/1134/1134 1183/1183/1183 1182/1182/1182
f 1135/1135/1135 1136/1136/1136 1184/1184/1184
f 1135/1135/1135 1184/1184/1184 1183/1183/1183
f 1136/1136/1136 1137/1137/1137 1185/1185/1185
f 1136/1136/1136 1185/1185/1185 1184/1184/1184
f 1137/1137/1137 1138/1138/1138 1186/1186/1186
f 1137/1137/1137 1186/1186/1186 1185/1185/1185
f 1138/1138/1138 1139/1139/1139 1187/1187/1187
f 1138/1138/1138 1187/1187/1187 1186/1186/1186
f 1139/1139/1139 1140/1140/1140 1188/1188/1188
f 1139/1139/1139 1188/1188/1188 1187/1187/1187
f 1140/1140/1140 1141/1141/1141 1189/1189/1189
f 1140/1140/1140 1189/1189/1189 1188/1188/1188
f 1141/1141/1141 1142/1142/1142 1190/1190/1190
f 1141/1141/1141 1190/1190/1190 1189/1189/1189
f 1142/1142/1142 1143/1143/1143 1191/1191/1191
f 1142/1142/1142 1191/1191/1191 1190/1190/1190
f 1143/1143/1143 1144/1144/1144 1192/1192/1192
f 1143/1143/1143 1192/1192/1192 1191/1191/1191
f 1144/1144/1144 1145/1145/1145 1193/1193/1193
f 1144/1144/1144 1193/1193/1193 1192/1192/1192
f 1145/1145/1145 1146/1146/1146 1194/1194/1194
f 1145/1145/1145 1194/1194/1194 1193/1193/1193
f 1146/1146/1146 1147/1147/1147 1195/1195/1195
f 1146/1146/1146 1195/1195/1195 1194/1194/1194
f 1147/1147/1147 1148/1148/1148 1196/1196/1196
f 1147/1147/1147 1196/1196/1196 1195/1195/1195
f 1148/1148/1148 1149/1149/1149 1197/1197/1197
f 1148/1148/1148 1197/1197/1197 1196/1196/1196
f 1149/1149/1149 1150/1150/1150 1198/1198/1198
f 1149/1149/1149 1198/1198/1198 1197/1197/1197
f 1150/1150/1150 1151/1151/1151 1199/1199/1199
f 1150/1150/1150 1199/1199/1199 1198/1198/1198
f 1151/1151/1151 1152/1152/1152 1200/1200/1200
f 1151/1151/1151 1200/1200/1200 1199/1199/1199
f 1152/1152/1152 1105/1105/1105 1153/1153/1153
f 1152/1152/1152 1153/1153/1153 1200/1200/1200
f 1153/1153/1153 1154/1154/1154 1202/1202/1202
f 1153/1153/1153 1202/1202/1202 1201/1201/1201
f 1154/1154/1154 1155/1155/1155 1203/1203/1203
f 1154/1154/1154 1203/1203/1203 1202/1202/1202
f 1155/1155/1155 1156/1156/1156 1204/1204/1204
f 1155/1155/1155 1204/1204/1204 1203/1203/1203
f 1156/1156/1156 1157/1157/1157 1205/1205/1205
f 1156/1156/1156 1205/1205/1205 1204/1204/1204
f 1157/1157/1157 1158/1158/1158 1206/1206/1206
f 1157/1157/1157 1206/1206/1206 1205/1205/1205
f 1158/1158/1158 1159/1159/1159 1207/1207/1207
f 1158/1158/1158 1207/1207/1207 1206/1206/1206
f 1159/1159/1159 1160/1160/1160 1208/1208/1208
f 1159/1159/1159 1208/1208/1208 1207/1207/1207
f 1160/1160/1160 1161/1161/1161 1209/1209/1209
f 1160/1160/1160 1209/1209/1209 1208/1208/1208
f 1161/1161/1161 1162/1162/1162 1210/1210/1210
f 1161/1161/1161 1210/1210/1210 1209/1209/1209
f 1162/1162/1162 1163/1163/1163 1211/1211/1211
f 1162/1162/1162 1211/1211/1211 1210/1210/1210
f 1163/1163/1163 1164/1164/1164 1212/1212/1212
f 1163/1163/1163 1212/1212/1212 1211/1211/1211
f 1164/1164/1164 1165/1165/1165 1213/1213/1213
f 1164/1164/1164 1213/1213/1213 1212/1212/1212
f 1165/1165/1165 1166/1166/1166 1214/1214/1214
f 1165/1165/1165 1214/1214/1214 1213/1213/1213
f 1166/1166/1166 1167/1167/1167 1215/1215/1215
f 1166/1166/1166 1215/1215/1215 1214/1214/1214
f 1167/1167/1167 1168/1168/1168 1216/1216/1216
f 1167/1167/1167 1216/1216/1216 1215/1215/1215
f 1168/1168/1168 1169/1169/1169 1217/1217/1217
f 1168/1168/1168 1217/1217/1217 1216/1216/1216
f 1169/1169/1169 1170/1170/1170 1218/1218/1218
f 1169/1169/1169 1218/1218/1218 1217/1217/1217
f 1170/1170/1170 1171/1171/1171 1219/1219/1219
f 1170/1170/1170 1219/1219/1219 1218/1218/1218
f 1171/1171/1171 1172/1172/1172 1220/1220/1220
f 1171/1171/1171 1220/1220/1220 1219/1219/1219
f 1172/1172/1172 1173/1173/1173 1221/1221/1221
f 1172/1172/1172 1221/1221/1221 1220/1220/1220
f 1173/1173/1173 1174/1174/1174 1222/1222/1222
f 1173/1173/1173 1222/1222/1222 1221/1221/1221
f 1174/1174/1174 1175/1175/1175 1223/1223/1223
f 1174/1174/1174 1223/1223/1223 1222/1222/1222
f 1175/1175/1175 1176/1176/1176 1224/1224/1224
f 1175/1175/1175 1224/1224/1224 1223/1223/1223
f 1176/1176/1176 1177/1177/1177 1225/1225/1225
f 1176/1176/1176 1225/1225/1225 1224/1224/1224
f 1177/1177/1177 1178/1178/1178 1226/1226/1226
f 1177/1177/1177 1226/1226/1226 1225/1225/1225
f 1178/1178/1178 1179/1179/1179 1227/1227/1227
f 1178/1178/1178 1227/1227/1227 1226/1226/1226
f 1179/1179/1179 1180/1180/1180 1228/1228/1228
f 1179/1179/1179 1228/1228/1228 1227/1227/1227
f 1180/1180/1180 1181/1181/1181 1229/1229/1229
f 1180/1180/1180 1229/1229/1229 1228/1228/1228
f 1181/1181/1181 1182/1182/1182 1230/1230/1230
f 1181/1181/1181 1230/1230/1230 1229/1229/1229
f 1182/1182/1182 1183/1183/1183 1231/1231/1231
f 1182/1182/1182 1231/1231/1231 1230/1230/1230
f 1183/1183/1183 1184/1184/1184 1232/1232/1232
f 1183/1183/1183 1232/1232/1232 1231/1231/1231
f 1184/1184/1184 1185/1185/1185 1233/1233/1233
f 1184/1184/1184 1233/1233/1233 1232/1232/1232
f 1185/1185/1185 1186/1186/1186 1234/1234/1234
f 1185/1185/1185 1234/1234/1234 1233/1233/1233
f 1186/1186/1186 1187/1187/1187 1235/1235/1235
f 1186/1186/1186 1235/1235/1235 1234/1234/1234
f 1187/1187/1187 1188/1188/1188 1236/1236/1236
f 1187/1187/1187 1236/1236/1236 1235/1235/1235
f 1188/1188/1188 1189/1189/1189 1237/1237/1237
f 1188/1188/1188 1237/1237/1237 1236/1236/1236
f 1189/1189/1189 1190/1190/1190 1238/1238/1238
f 1189/1189/1189 1238/1238/1238 1237/1237/1237
f 1190/1190/1190 1191/1191/1191 1239/1239/1239
f 1190/1190/1190 1239/1239/1239 1238/1238/1238
f 1191/1191/1191 1192/1192/1192 1240/1240/1240
f 1191/1191/1191 1240/1240/1240 1239/1239/1239
f 1192/1192/1192 1193/1193/1193 1241/1241/1241
f 1192/1192/1192 1241/1241/1241 1240/1240/1240
f 1193/1193/1193 1194/1194/1194 1242/1242/1242
f 1193/1193/1193 1242/1242/1242 1241/1241/1241
f 1194/1194/1194 1195/1195/1195 1243/1243/1243
f 1194/1194/1194 1243/1243/1243 1242/1242/1242
f 1195/1195/1195 1196/1196/1196 1244/1244/1244
f 1195/1195/1195 1244/1244/1244 1243/1243/1243
f 1196/1196/1196 1197/1197/1197 1245/1245/1245
f 1196/1196/1196 1245/1245/1245 1244/1244/1244
f 1197/1197/1197 1198/1198/1198 1246/1246/1246
f 1197/1197/1197 1246/1246/1246 1245/1245/1245
f 1198/1198/1198 1199/1199/1199 1247/1247/1247
f 1198/1198/1198 1247/1247/1247 1246/1246/1246
f 1199/1199/1199 1200/1200/1200 1248/1248/1248
f 1199/1199/1199 1248/1248/1248 1247/1247/1247
f 1200/1200/1200 1153/1153/1153 1201/1201/1201
f 1200/1200/1200 1201/1201/1201 1248/1248/1248
f 1201/1201/1201 1202/1202/1202 1250/1250/1250
f 1201/1201/1201 1250/1250/1250 1249/1249/1249
f 1202/1202/1202 1203/1203/1203 1251/1251/1251
f 1202/1202/1202 1251/1251/1251 1250/1250/1250
f 1203/1203/1203 1204/1204/1204 1252/1252/1252
f 1203/1203/1203 1252/1252/1252 1251/1251/1251
f 1204/1204/1204 1205/1205/1205 1253/1253/1253
f 1204/1204/1204 1253/1253/1253 1252/1252/1252
f 1205/1205/1205 1206/1206/1206 1254/1254/1254
f 1205/1205/1205 1254/1254/1254 1253/1253/1253
f 1206/1206/1206 1207/1207/1207 1255/1255/1255
f 1206/1206/1206 1255/1255/1255 1254/1254/1254
f 1207/1207/1207 1208/1208/1208 1256/1256/1256
f 1207/1207/1207 1256/1256/1256 1255/1255/1255
f 1208/1208/1208 1209/1209/1209 1257/1257/1257
f 1208/1208/1208 1257/1257/1257 1256/1256/1256
f 1209/1209/1209 1210/1210/1210 1258/1258/1258
f 1209/1209/1209 1258/1258/1258 1257/1257/1257
f 1210/1210/1210 1211/1211/1211 1259/1259/1259
f 1210/1210/1210 1259/1259/1259 1258/1258/1258
f 1211/1211/1211 1212/1212/1212 1260/1260/1260
f 1211/1211/1211 1260/1260/1260 1259/1259/1259
f 1212/1212/1212 1213/1213/1213 1261/1261/1261
f 1212/1212/1212 1261/1261/1261 1260/1260/1260
f 1213/1213/1213 1214/1214/1214 1262/1262/1262
f 1213/1213/1213 1262/1262/1262 1261/1261/1261
f 1214/1214/1214 1215/1215/1215 1263/1263/1263
f 1214/1214/1214 1263/1263/1263 1262/1262/1262
f 1215/1215/1215 1216/1216/1216 1264/1264/1264
f 1215/1215/1215 1264/1264/1264 1263/1263/1263
f 1216/1216/1216 1217/1217/1217 1265/1265/1265
f 1216/1216/1216 1265/1265/1265 1264/1264/1264
f 1217/1217/1217 1218/1218/1218 1266/1266/1266
f 1217/1217/1217 1266/1266/1266 1265/1265/1265
f 1218/1218/1218 1219/1219/1219 1267/1267/1267
f 1218/1218/1218 1267/1267/1267 1266/1266/1266
f 1219/1219/1219 1220/1220/1220 1268/1268/1268
f 1219/1219/1219 1268/1268/1268 1267/1267/1267
f 1220/1220/1220 1221/1221/1221 1269/1269/1269
f 1220/1220/1220 1269/1269/1269 1268/1268/1268
f 1221/1221/1221 1222/1222/1222 1270/1270/1270
f 1221/1221/1221 1270/1270/1270 1269/1269/1269
f 1222/1222/1222 1223/1223/1223 1271/1271/1271
f 1222/1222/1222 1271/1271/1271 1270/1270/1270
f 1223/1223/1223 1224/1224/1224 1272/1272/1272
f 1223/1223/1223 1272/1272/1272 1271/1271/1271
f 1224/1224/1224 1225/1225/1225 1273/1273/1273
f 1224/1224/1224 1273/1273/1273 1272/1272/1272
f 1225/1225/1225 1226/1226/1226 1274/1274/1274
f 1225/1225/1225 1274/1274/1274 1273/1273/1273
f 1226/1226/1226 1227/1227/1227 1275/1275/1275
f 1226/1226/1226 1275/1275/1275 1274/1274/1274
f 1227/1227/1227 1228/1228/1228 1276/1276/1276
f 1227/1227/1227 1276/1276/1276 1275/1275/1275
f 1228/1228/1228 1229/1229/1229 1277/1277/1277
f 1228/1228/1228 1277/1277/1277 1276/1276/1276
f 1229/1229/1229 1230/1230/1230 1278/1278/1278
f 1229/1229/1229 1278/1278/1278 1277/1277/1277
f 1230/1230/1230 1231/1231/1231 1279/1279/1279
f 1230/1230/1230 1279/1279/1279 1278/1278/1278
f 1231/1231/1231 1232/1232/1232 1280/1280/1280
f 1231/1231/1231 1280/1280/1280 1279/1279/1279
f 1232/1232/1232 1233/1233/1233 1281/1281/1281
f 1232/1232/1232 1281/1281/1281 1280/1280/1280
f 1233/1233/1233 1234/1234/1234 1282/1282/1282
f 1233/1233/1233 1282/1282/1282 1281/1281/1281
f 1234/1234/1234 1235/1235/1235 1283/1283/1283
f 1234/1234/1234 1283/1283/1283 1282/1282/1282
f 1235/1235/1235 1236/1236/1236 1284/1284/1284
f 1235/1235/1235 1284/1284/1284 1283/1283/1283
f 1236/1236/1236 1237/1237/1237 1285/1285/1285
f 1236/1236/1236 1285/1285/1285 1284/1284/1284
f 1237/1237/1237 1238/1238/1238 1286/1286/1286
f 1237/1237/1237 1286/1286/1286 1285/1285/1285
f 1238/1238/1238 1239/1239/1239 1287/1287/1287
f 1238/1238/1238 1287/1287/1287 1286/1286/1286
f 1239/1239/1239 1240/1240/1240 1288/1288/1288
f 1239/1239/1239 1288/1288/1288 1287/1287/1287
f 1240/1240/1240 1241/1241/1241 1289/1289/1289
f 1240/1240/1240 1289/1289/1289 1288/1288/1288
f 1241/1241/1241 1242/1242/1242 1290/1290/1290
f 1241/1241/1241 1290/1290/1290 1289/1289/1289
f 1242/1242/1242 1243/1243/1243 1291/1291/1291
f 1242/1242/1242 1291/1291/1291 1290/1290/1290
f 1243/1243/1243 1244/1244/1244 1292/1292/1292
f 1243/1243/1243 1292/1292/1292 1291/1291/1291
f 1244/1244/1244 1245/1245/1245 1293/1293/1293
f 1244/1244/1244 1293/1293/1293 1292/1292/1292
f 1245/1245/1245 1246/1246/1246 1294/1294/1294
f 1245/1245/1245 1294/1294/1294 1293/1293/1293
f 1246/1246/1246 1247/1247/1247 1295/1295/1295
f 1246/1246/1246 1295/1295/1295 1294/1294/1294
f 1247/1247/1247 1248/1248/1248 1296/1296/1296
f 1247/1247/1247 1296/1296/1296 1295/1295/1295
f 1248/1248/1248 1201/1201/1201 1249/1249/1249
f 1248/1248/1248 1249/1249/1249 1296/1296/1296
f 1249/1249/1249 1250/1250/1250 1298/1298/1298
f 1249/1249/1249 1298/1298/1298 1297/1297/1297
f 1250/1250/1250 1251/1251/1251 1299/1299/1299
f 1250/1250/1250 1299/1299/1299 1298/1298/1298
f 1251/1251/1251 1252/1252/1252 1300/1300/1300
f 1251/1251/1251 1300/1300/1300 1299/1299/1299
f 1252/1252/1252 1253/1253/1253 1301/1301/1301
f 1252/1252/1252 1301/1301/1301 1300/1300/1300
f 1253/1253/1253 1254/1254/1254 1302/1302/1302
f 1253/1253/1253 1302/1302/1302 1301/1301/1301
f 1254/1254/1254 1255/1255/1255 1303/1303/1303
f 1254/1254/1254 1303/1303/1303 1302/1302/1302
f 1255/1255/1255 1256/1256/1256 1304/1304/1304
f 1255/1255/1255 1304/1304/1304 1303/1303/1303
f 1256/1256/1256 1257/1257/1257 1305/1305/1305
f 1256/1256/1256 1305/1305/1305 1304/1304/1304
f 1257/1257/1257 1258/1258/1258 1306/1306/1306
f 1257/1257/1257 1306/1306/1306 1305/1305/1305
f 1258/1258/1258 1259/1259/1259 1307/1307/1307
f 1258/1258/1258 1307/1307/1307 1306/1306/1306
f 1259/1259/1259 1260/1260/1260 1308/1308/1308
f 1259/1259/1259 1308/1308/1308 1307/1307/1307
f 1260/1260/1260 1261/1261/1261 1309/1309/1309
f 1260/1260/1260 1309/1309/1309 1308/1308/1308
f 1261/1261/1261 1262/1262/1262 1310/1310/1310
f 1261/1261/1261 1310/1310/1310 1309/1309/1309
f 1262/1262/1262 1263/1263/1263 1311/1311/1311
f 1262/1262/1262 1311/1311/1311 1310/1310/1310
f 1263/1263/1263 1264/1264/1264 1312/1312/1312
f 1263/1263/1263 1312/1312/1312 1311/1311/1311
f 1264/1264/1264 1265/1265/1265 1313/1313/1313
f 1264/1264/1264 1313/1313/1313 1312/1312/1312
f 1265/1265/1265 1266/1266/1266 1314/1314/1314
f 1265/1265/1265 1314/1314/1314 1313/1313/1313
f 1266/1266/1266 1267/1267/1267 1315/1315/1315
f 1266/1266/1266 1315/1315/1315 1314/1314/1314
f 1267/1267/1267 1268/1268/1268 1316/1316/1316
f 1267/1267/1267 1316/1316/1316 1315/1315/1315
f 1268/1268/1268 1269/1269/1269 1317/1317/1317
f 1268/1268/1268 1317/1317/1317 1316/1316/1316
f 1269/1269/1269 1270/1270/1270 1318/1318/1318
f 1269/1269/1269 1318/1318/1318 1317/1317/1317
f 1270/1270/1270 1271/1271/1271 1319/1319/1319
f 1270/1270/1270 1319/1319/1319 1318/1318/1318
f 1271/1271/1271 1272/1272/1272 1320/1320/1320
f 1271/1271/1271 1320/1320/1320 1319/1319/1319
f 1272/1272/1272 1273/1273/1273 1321/1321/1321
f 1272/1272/1272 1321/1321/1321 1320/1320/1320
f 1273/1273/1273 1274/1274/1274 1322/1322/1322
f 1273/1273/1273 1322/1322/1322 1321/1321/1321
f 1274/1274/1274 1275/1275/1275 1323/1323/1323
f 1274/1274/1274 1323/1323/1323 1322/1322/1322
f 1275/1275/1275 1276/1276/1276 1324/1324/1324
f 1275/1275/1275 1324/1324/1324 1323/1323/1323
f 1276/1276/1276 1277/1277/1277 1325/1325/1325
f 1276/1276/1276 1325/1325/1325 1324/1324/1324
f 1277/1277/1277 1278/1278/1278 1326/1326/1326
f 1277/1277/1277 1326/1326/1326 1325/1325/1325
f 1278/1278/1278 1279/1279/1279 1327/1327/1327
f 1278/1278/1278 1327/1327/1327 1326/1326/1326
f 1279/1279/1279 1280/1280/1280 1328/1328/1328
f 1279/1279/1279 1328/1328/1328 1327/1327/1327
f 1280/1280/1280 1281/1281/1281 1329/1329/1329
f 1280/1280/1280 1329/1329/1329 1328/1328/1328
f 1281/1281/1281 1282/1282/1282 1330/1330/1330
f 1281/1281/1281 1330/1330/1330 1329/1329/1329
f 1282/1282/1282 1283/1283/1283 1331/1331/1331
f 1282/1282/1282 1331/1331/1331 1330/1330/1330
f 1283/1283/1283 1284/1284/1284 1332/1332/1332
f 1283/1283/1283 1332/1332/1332 1331/1331/1331
f 1284/1284/1284 1285/1285/1285 1333/1333/1333
f 1284/1284/1284 1333/1333/1333 1332/1332/1332
f 1285/1285/1285 1286/1286/1286 1334/1334/1334
f 1285/1285/1285 1334/1334/1334 1333/1333/1333
f 1286/1286/1286 1287/1287/1287 1335/1335/1335
f 1286/1286/1286 1335/1335/1335 1334/1334/1334
f 1287/1287/1287 1288/1288/1288 1336/1336/1336
f 1287/1287/1287 1336/1336/1336 1335/1335/1335
f 1288/1288/1288 1289/1289/1289 1337/1337/1337
f 1288/1288/1288 1337/1337/1337 1336/1336/1336
f 1289/1289/1289 1290/1290/1290 1338/1338/1338
f 1289/1289/1289 1338/1338/1338 1337/1337/1337
f 1290/1290/1290 1291/1291/1291 1339/1339/1339
f 1290/1290/1290 1339/1339/1339 1338/1338/1338
f 1291/1291/1291 1292/1292/1292 1340/1340/1340
f 1291/1291/1291 1340/1340/1340 1339/1339/1339
f 1292/1292/1292 1293/1293/1293 1341/1341/1341
f 1292/1292/1292 1341/1341/1341 1340/1340/1340
f 1293/1293/1293 1294/1294/1294 1342/1342/1342
f 1293/1293/1293 1342/1342/1342 1341/1341/1341
f 1294/1294/1294 1295/1295/1295 1343/1343/1343
f 1294/1294/1294 1343/1343/1343 1342/1342/1342
f 1295/1295/1295 1296/1296/1296 1344/1344/1344
f 1295/1295/1295 1344/1344/1344 1343/1343/1343
f 1296/1296/1296 1249/1249/1249 1297/1297/1297
f 1296/1296/1296 1297/1297/1297 1344/1344/1344
f 1297/1297/1297 1298/1298/1298 1346/1346/1346
f 1297/1297/1297 1346/1346/1346 1345/1345/1345
f 1298/1298/1298 1299/1299/1299 1347/1347/1347
f 1298/1298/1298 1347/1347/1347 1346/1346/1346
f 1299/1299/1299 1300/1300/1300 1348/1348/1348
f 1299/1299/1299 1348/1348/1348 1347/1347/1347
f 1300/1300/1300 1301/1301/1301 1349/1349/1349
f 1300/1300/1300 1349/1349/1349 1348/1348/1348
f 1301/1301/1301 1302/1302/1302 1350/1350/1350
f 1301/1301/1301 1350/1350/1350 1349/1349/1349
f 1302/1302/1302 1303/1303/1303 1351/1351/1351
f 1302/1302/1302 1351/1351/1351 1350/1350/1350
f 1303/1303/1303 1304/1304/1304 1352/1352/1352
f 1303/1303/1303 1352/1352/1352 1351/1351/1351
f 1304/1304/1304 1305/1305/1305 1353/1353/1353
f 1304/1304/1304 1353/1353/1353 1352/1352/1352
f 1305/1305/1305 1306/1306/1306 1354/1354/1354
f 1305/1305/1305 1354/1354/1354 1353/1353/1353
f 1306/1306/1306 1307/1307/1307 1355/1355/1355
f 1306/1306/1306 1355/1355/1355 1354/1354/1354
f 1307/1307/1307 1308/1308/1308 1356/1356/1356
f 1307/1307/1307 1356/1356/1356 1355/1355/1355
f 1308/1308/1308 1309/1309/1309 1357/1357/1357
f 1308/1308/1308 1357/1357/1357 1356/1356/1356
f 1309/1309/1309 1310/1310/1310 1358/1358/1358
f 1309/1309/1309 1358/1358/1358 1357/1357/1357
f 1310/1310/1310 1311/1311/1311 1359/1359/1359
f 1310/1310/1310 1359/1359/1359 1358/1358/1358
f 1311/1311/1311 1312/1312/1312 1360/1360/1360
f 1311/1311/1311 1360/1360/1360 1359/1359/1359
f 1312/1312/1312 1313/1313/1313 1361/1361/1361
f 1312/1312/1312 1361/1361/1361 1360/1360/1360
f 1313/1313/1313 1314/1314/1314 1362/1362/1362
f 1313/1313/1313 1362/1362/1362 1361/1361/1361
f 1314/1314/1314 1315/1315/1315 1363/1363/1363
f 1314/1314/1314 1363/1363/1363 1362/1362/1362
f 1315/1315/1315 1316/1316/1316 1364/1364/1364
f 1315/1315/1315 1364/1364/1364 1363/1363/1363
f 1316/1316/1316 1317/1317/1317 1365/1365/1365
f 1316/1316/1316 1365/1365/1365 1364/1364/1364
f 1317/1317/1317 1318/1318/1318 1366/1366/1366
f 1317/1317/1317 1366/1366/1366 1365/1365/1365
f 1318/1318/1318 1319/1319/1319 1367/1367/1367
f 1318/1318/1318 1367/1367/1367 1366/1366/1366
f 1319/1319/1319 1320/1320/1320 1368/1368/1368
f 1319/1319/1319 1368/1368/1368 1367/1367/1367
f 1320/1320/1320 1321/1321/1321 1369/1369/1369
f 1320/1320/1320 1369/1369/1369 1368/1368/1368
f 1321/1321/1321 1322/1322/1322 1370/1370/1370
f 1321/1321/1321 1370/1370/1370 1369/1369/1369
f 1322/1322/1322 1323/1323/1323 1371/1371/1371
f 1322/1322/1322 1371/1371/1371 1370/1370/1370
f 1323/1323/1323 1324/1324/1324 1372/1372/1372
f 1323/1323/1323 1372/1372/1372 1371/1371/1371
f 1324/1324/1324 1325/1325/1325 1373/1373/1373
f 1324/1324/1324 1373/1373/1373 1372/1372/1372
f 1325/1325/1325 1326/1326/1326 1374/1374/1374
f 1325/1325/1325 1374/1374/1374 1373/1373/1373
f 1326/1326/1326 1327/1327/1327 1375/1375/1375
f 1326/1326/1326 1375/1375/1375 1374/1374/1374
f 1327/1327/1327 1328/1328/1328 1376/1376/1376
f 1327/1327/1327 1376/1376/1376 1375/1375/1375
f 1328/1328/1328 1329/1329/1329 1377/1377/1377
f 1328/1328/1328 1377/1377/1377 1376/1376/1376
f 1329/1329/1329 1330/1330/1330 1378/1378/1378
f 1329/1329/1329 1378/1378/1378 1377/1377/1377
f 1330/1330/1330 1331/1331/1331 1379/1379/1379
f 1330/1330/1330 1379/1379/1379 1378/1378/1378
f 1331/1331/1331 1332/1332/1332 1380/1380/1380
f 1331/1331/1331 1380/1380/1380 1379/1379/1379
f 1332/1332/1332 1333/1333/1333 1381/1381/1381
f 1332/1332/1332 1381/1381/1381 1380/1380/1380
f 1333/1333/1333 1334/1334/1334 1382/1382/1382
f 1333/1333/1333 1382/1382/1382 1381/1381/1381
f 1334/1334/1334 1335/1335/1335 1383/1383/1383
f 1334/1334/1334 1383/1383/1383 1382/1382/1382
f 1335/1335/1335 1336/1336/1336 1384/1384/1384
f 1335/1335/1335 1384/1384/1384 1383/1383/1383
f 1336/1336/1336 1337/1337/1337 1385/1385/1385
f 1336/1336/1336 1385/1385/1385 1384/1384/1384
f 1337/1337/1337 1338/1338/1338 1386/1386/1386
f 1337/1337/1337 1386/1386/1386 1385/1385/1385
f 1338/1338/1338 1339/1339/1339 1387/1387/1387
f 1338/1338/1338 1387/1387/1387 1386/1386/1386
f 1339/1339/1339 1340/1340/1340 1388/1388/1388
f 1339/1339/1339 1388/1388/1388 1387/1387/1387
f 1340/1340/1340 1341/1341/1341 1389/1389/1389
f 1340/1340/1340 1389/1389/1389 1388/1388/1388
f 1341/1341/1341 1342/1342/1342 1390/1390/1390
f 1341/1341/1341 1390/1390/1390 1389/1389/1389
f 1342/1342/1342 1343/1343/1343 1391/1391/1391
f 1342/1342/1342 1391/1391/1391 1390/1390/1390
f 1343/1343/1343 1344/1344/1344 1392/1392/1392
f 1343/1343/1343 1392/1392/1392 1391/1391/1391
f 1344/1344/1344 1297/1297/1297 1345/1345/1345
f 1344/1344/1344 1345/1345/1345 1392/1392/1392
f 1345/1345/1345 1346/1346/1346 1394/1394/1394
f 1345/1345/1345 1394/1394/1394 1393/1393/1393
f 1346/1346/1346 1347/1347/1347 1395/1395/1395
f 1346/1346/1346 1395/1395/1395 1394/1394/1394
f 1347/1347/1347 1348/1348/1348 1396/1396/1396
f 1347/1347/1347 1396/1396/1396 1395/1395/1395
f 1348/1348/1348 1349/1349/1349 1397/1397/1397
f 1348/1348/1348 1397/1397/1397 1396/1396/1396
f 1349/1349/1349 1350/1350/1350 1398/1398/1398
f 1349/1349/1349 1398/1398/1398 1397/1397/1397
f 1350/1350/1350 1351/1351/1351 1399/1399/1399
f 1350/1350/1350 1399/1399/1399 1398/1398/1398
f 1351/1351/1351 1352/1352/1352 1400/1400/1400
f 1351/1351/1351 1400/1400/1400 1399/1399/1399
f 1352/1352/1352 1353/1353/1353 1401/1401/1401
f 1352/1352/1352 1401/1401/1401 1400/1400/1400
f 1353/1353/1353 1354/1354/1354 1402/1402/1402
f 1353/1353/1353 1402/1402/1402 1401/1401/1401
f 1354/1354/1354 1355/1355/1355 1403/1403/1403
f 1354/1354/1354 1403/1403/1403 1402/1402/1402
f 1355/1355/1355 1356/1356/1356 1404/1404/1404
f 1355/1355/1355 1404/1404/1404 1403/1403/1403
f 1356/1356/1356 1357/1357/1357 1405/1405/1405
f 1356/1356/1356 1405/1405/1405 1404/1404/1404
f 1357/1357/1357 1358/1358/1358 1406/1406/1406
f 1357/1357/1357 1406/1406/1406 1405/1405/1405
f 1358/1358/1358 1359/1359/1359 1407/1407/1407
f 1358/1358/1358 1407/1407/1407 1406/1406/1406
f 1359/1359/1359 1360/1360/1360 1408/1408/1408
f 1359/1359/1359 1408/1408/1408 1407/1407/1407
f 1360/1360/1360 1361/1361/1361 1409/1409/1409
f 1360/1360/1360 1409/1409/1409 1408/1408/1408
f 1361/1361/1361 1362/1362/1362 1410/1410/1410
f 1361/1361/1361 1410/1410/1410 1409/1409/1409
f 1362/1362/1362 1363/1363/1363 1411/1411/1411
f 1362/1362/1362 1411/1411/1411 1410/1410/1410
f 1363/1363/1363 1364/1364/1364 1412/1412/1412
f 1363/1363/1363 1412/1412/1412 1411/1411/1411
f 1364/1364/1364 1365/1365/1365 1413/1413/1413
f 1364/1364/1364 1413/1413/1413 1412/1412/1412
f 1365/1365/1365 1366/1366/1366 1414/1414/1414
f 1365/1365/1365 1414/1414/1414 1413/1413/1413
f 1366/1366/1366 1367/1367/1367 1415/1415/1415
f 1366/1366/1366 1415/1415/1415 1414/1414/1414
f 1367/1367/1367 1368/1368/1368 1416/1416/1416
f 1367/1367/1367 1416/1416/1416 1415/1415/1415
f 1368/1368/1368 1369/1369/1369 1417/1417/1417
f 1368/1368/1368 1417/1417/1417 1416/1416/1416
f 1369/1369/1369 1370/1370/1370 1418/1418/1418
f 1369/1369/1369 1418/1418/1418 1417/1417/1417
f 1370/1370/1370 1371/1371/1371 1419/1419/1419
f 1370/1370/1370 1419/1419/1419 1418/1418/1418
f 1371/1371/1371 1372/1372/1372 1420/1420/1420
f 1371/1371/1371 1420/1420/1420 1419/1419/1419
f 1372/1372/1372 1373/1373/1373 1421/1421/1421
f 1372/1372/1372 1421/1421/1421 1420/1420/1420
f 1373/1373/1373 1374/1374/1374 1422/1422/1422
f 1373/1373/1373 1422/1422/1422 1421/1421/1421
f 1374/1374/1374 1375/1375/1375 1423/1423/1423
f 1374/1374/1374 1423/1423/1423 1422/1422/1422
f 1375/1375/1375 1376/1376/1376 1424/1424/1424
f 1375/1375/1375 1424/1424/1424 1423/1423/1423
f 1376/1376/1376 1377/1377/1377 1425/1425/1425
f 1376/1376/1376 1425/1425/1425 1424/1424/1424
f 1377/1377/1377 1378/1378/1378 1426/1426/1426
f 1377/1377/1377 1426/1426/1426 1425/1425/1425
f 1378/1378/1378 1379/1379/1379 1427/1427/1427
f 1378/1378/1378 1427/1427/1427 1426/1426/1426
f 1379/1379/1379 1380/1380/1380 1428/1428/1428
f 1379/1379/1379 1428/1428/1428 1427/1427/1427
f 1380/1380/1380 1381/1381/1381 1429/1429/1429
f 1380/1380/1380 1429/1429/1429 1428/1428/1428
f 1381/1381/1381 1382/1382/1382 1430/1430/1430
f 1381/1381/1381 1430/1430/1430 1429/1429/1429
f 1382/1382/1382 1383/1383/1383 1431/1431/1431
f 1382/1382/1382 1431/1431/1431 1430/1430/1430
f 1383/1383/1383 1384/1384/1384 1432/1432/1432
f 1383/1383/1383 1432/1432/1432 1431/1431/1431
f 1384/1384/1384 1385/1385/1385 1433/1433/1433
f 1384/1384/1384 1433/1433/1433 1432/1432/1432
f 1385/1385/1385 1386/1386/1386 1434/1434/1434
f 1385/1385/1385 1434/1434/1434 1433/1433/1433
f 1386/1386/1386 1387/1387/1387 1435/1435/1435
f 1386/1386/1386 1435/1435/1435 1434/1434/1434
f 1387/1387/1387 1388/1388/1388 1436/1436/1436
f 1387/1387/1387 1436/1436/1436 1435/1435/1435
f 1388/1388/1388 1389/1389/1389 1437/1437/1437
f 1388/1388/1388 1437/1437/1437 1436/1436/1436
f 1389/1389/1389 1390/1390/1390 1438/1438/1438
f 1389/1389/1389 1438/1438/1438 1437/1437/1437
f 1390/1390/1390 1391/1391/1391 1439/1439/1439
f 1390/1390/1390 1439/1439/1439 1438/1438/1438
f 1391/1391/1391 1392/1392/1392 1440/1440/1440
f 1391/1391/1391 1440/1440/1440 1439/1439/1439
f 1392/1392/1392 1345/1345/1345 1393/1393/1393
f 1392/1392/1392 1393/1393/1393 1440/1440/1440
f 1393/1393/1393 1394/1394/1394 1442/1442/1442
f 1393/1393/1393 1442/1442/1442 1441/1441/1441
f 1394/1394/1394 1395/1395/1395 1443/1443/1443
f 1394/1394/1394 1443/1443/1443 1442/1442/1442
f 1395/1395/1395 1396/1396/1396 1444/1444/1444
f 1395/1395/1395 1444/1444/1444 1443/1443/1443
f 1396/1396/1396 1397/1397/1397 1445/1445/1445
f 1396/1396/1396 1445/1445/1445 1444/1444/1444
f 1397/1397/1397 1398/1398/1398 1446/1446/1446
f 1397/1397/1397 1446/1446/1446 1445/1445/1445
f 1398/1398/1398 1399/1399/1399 1447/1447/1447
f 1398/1398/1398 1447/1447/1447 1446/1446/1446
f 1399/1399/1399 1400/1400/1400 1448/1448/1448
f 1399/1399/1399 1448/1448/1448 1447/1447/1447
f 1400/1400/1400 1401/1401/1401 1449/1449/1449
f 1400/1400/1400 1449/1449/1449 1448/1448/1448
f 1401/1401/1401 1402/1402/1402 1450/1450/1450
f 1401/1401/1401 1450/1450/1450 1449/1449/1449
f 1402/1402/1402 1403/1403/1403 1451/1451/1451
f 1402/1402/1402 1451/1451/1451 1450/1450/1450
f 1403/1403/1403 1404/1404/1404 1452/1452/1452
f 1403/1403/1403 1452/1452/1452 1451/1451/1451
f 1404/1404/1404 1405/1405/1405 1453/1453/1453
f 1404/1404/1404 1453/1453/1453 1452/1452/1452
f 1405/1405/1405 1406/1406/1406 1454/1454/1454
f 1405/1405/1405 1454/1454/1454 1453/1453/1453
f 1406/1406/1406 1407/1407/1407 1455/1455/1455
f 1406/1406/1406 1455/1455/1455 1454/1454/1454
f 1407/1407/1407 1408/1408/1408 1456/1456/1456
f 1407/1407/1407 1456/1456/1456 1455/1455/1455
f 1408/1408/1408 1409/1409/1409 1457/1457/1457
f 1408/1408/1408 1457/1457/1457 1456/1456/1456
f 1409/1409/1409 1410/1410/1410 1458/1458/1458
f 1409/1409/1409 1458/1458/1458 1457/1457/1457
f 1410/1410/1410 1411/1411/1411 1459/1459/1459
f 1410/1410/1410 1459/1459/1459 1458/1458/1458
f 1411/1411/1411 1412/1412/1412 1460/1460/1460
f 1411/1411/1411 1460/1460/1460 1459/1459/1459
f 1412/1412/1412 1413/1413/1413 1461/1461/1461
f 1412/1412/1412 1461/1461/1461 1460/1460/1460
f 1413/1413/1413 1414/1414/1414 1462/1462/1462
f 1413/1413/1413 1462/1462/1462 1461/1461/1461
f 1414/1414/1414 1415/1415/1415 1463/1463/1463
f 1414/1414/1414 1463/1463/1463 1462/1462/1462
f 1415/1415/1415 1416/1416/1416 1464/1464/1464
f 1415/1415/1415 1464/1464/1464 1463/1463/1463
f 1416/1416/1416 1417/1417/1417 1465/1465/1465
f 1416/1416/1416 1465/1465/1465 1464/1464/1464
f 1417/1417/1417 1418/1418/1418 1466/1466/1466
f 1417/1417/1417 1466/1466/1466 1465/1465/1465
f 1418/1418/1418 1419/1419/1419 1467/1467/1467
f 1418/1418/1418 1467/1467/1467 1466/1466/1466
f 1419/1419/1419 1420/1420/1420 1468/1468/1468
f 1419/1419/1419 1468/1468/1468 1467/1467/1467
f 1420/1420/1420 1421/1421/1421 1469/1469/1469
f 1420/1420/1420 1469/1469/1469 1468/1468/1468
f 1421/1421/1421 1422/1422/1422 1470/1470/1470
f 1421/1421/1421 1470/1470/1470 1469/1469/1469
f 1422/1422/1422 1423/1423/1423 1471/1471/1471
f 1422/1422/1422 1471/1471/1471 1470/1470/1470
f 1423/1423/1423 1424/1424/1424 1472/1472/1472
f 1423/1423/1423 1472/1472/1472 1471/1471/1471
f 1424/1424/1424 1425/1425/1425 1473/1473/1473
f 1424/1424/1424 1473/1473/1473 1472/1472/1472
f 1425/1425/1425 1426/1426/1426 1474/1474/1474
f 1425/1425/1425 1474/1474/1474 1473/1473/1473
f 1426/1426/1426 1427/1427/1427 1475/1475/1475
f 1426/1426/1426 1475/1475/1475 1474/1474/1474
f 1427/1427/1427 1428/1428/1428 1476/1476/1476
f 1427/1427/1427 1476/1476/1476 1475/1475/1475
f 1428/1428/1428 1429/1429/1429 1477/1477/1477
f 1428/1428/1428 1477/1477/1477 1476/1476/1476
f 1429/1429/1429 1430/1430/1430 1478/1478/1478
f 1429/1429/1429 1478/1478/1478 1477/1477/1477
f 1430/1430/1430 1431/1431/1431 1479/1479/1479
f 1430/1430/1430 1479/1479/1479 1478/1478/1478
f 1431/1431/1431 1432/1432/1432 1480/1480/1480
f 1431/1431/1431 1480/1480/1480 1479/1479/1479
f 1432/1432/1432 1433/1433/1433 1481/1481/1481
f 1432/1432/1432 1481/1481/1481 1480/1480/1480
f 1433/1433/1433 1434/1434/1434 1482/1482/1482
f 1433/1433/1433 1482/1482/1482 1481/1481/1481
f 1434/1434/1434 1435/1435/1435 1483/1483/1483
f 1434/1434/1434 1483/1483/1483 1482/1482/1482
f 1435/1435/1435 1436/1436/1436 1484/1484/1484
f 1435/1435/1435 1484/1484/1484 1483/1483/1483
f 1436/1436/1436 1437/1437/1437 1485/1485/1485
f 1436/1436/1436 1485/1485/1485 1484/1484/1484
f 1437/1437/1437 1438/1438/1438 1486/1486/1486
f 1437/1437/1437 1486/1486/1486 1485/1485/1485
f 1438/1438/1438 1439/1439/1439 1487/1487/1487
f 1438/1438/1438 1487/1487/1487 1486/1486/1486
f 1439/1439/1439 1440/1440/1440 1488/1488/1488
f 1439/1439/1439 1488/1488/1488 1487/1487/1487
f 1440/1440/1440 1393/1393/1393 1441/1441/1441
f 1440/1440/1440 1441/1441/1441 1488/1488/1488
f 1441/1441/1441 1442/1442/1442 1490/1490/1490
f 1441/1441/1441 1490/1490/1490 1489/1489/1489
f 1442/1442/1442 1443/1443/1443 1491/1491/1491
f 1442/1442/1442 1491/1491/1491 1490/1490/1490
f 1443/1443/1443 1444/1444/1444 1492/1492/1492
f 1443/1443/1443 1492/1492/1492 1491/1491/1491
f 1444/1444/1444 1445/1445/1445 1493/1493/1493
f 1444/1444/1444 1493/1493/1493 1492/1492/1492
f 1445/1445/1445 1446/1446/1446 1494/1494/1494
f 1445/1445/1445 1494/1494/1494 1493/1493/1493
f 1446/1446/1446 1447/1447/1447 1495/1495/1495
f 1446/1446/1446 1495/1495/1495 1494/1494/1494
f 1447/1447/1447 1448/1448/1448 1496/1496/1496
f 1447/1447/1447 1496/1496/1496 1495/1495/1495
f 1448/1448/1448 1449/1449/1449 1497/1497/1497
f 1448/1448/1448 1497/1497/1497 1496/1496/1496
f 1449/1449/1449 1450/1450/1450 1498/1498/1498
f 1449/1449/1449 1498/1498/1498 1497/1497/1497
f 1450/1450/1450 1451/1451/1451 1499/1499/1499
f 1450/1450/1450 1499/1499/1499 1498/1498/1498
f 1451/1451/1451 1452/1452/1452 1500/1500/1500
f 1451/1451/1451 1500/1500/1500 1499/1499/1499
f 1452/1452/1452 1453/1453/1453 1501/1501/1501
f 1452/1452/1452 1501/1501/1501 1500/1500/1500
f 1453/1453/1453 1454/1454/1454 1502/1502/1502
f 1453/1453/1453 1502/1502/1502 1501/1501/1501
f 1454/1454/1454 1455/1455/1455 1503/1503/1503
f 1454/1454/1454 1503/1503/1503 1502/1502/1502
f 1455/1455/1455 1456/1456/1456 1504/1504/1504
f 1455/1455/1455 1504/1504/1504 1503/1503/1503
f 1456/1456/1456 1457/1457/1457 1505/1505/1505
f 1456/1456/1456 1505/1505/1505 1504/1504/1504
f 1457/1457/1457 1458/1458/1458 1506/1506/1506
f 1457/1457/1457 1506/1506/1506 1505/1505/1505
f 1458/1458/1458 1459/1459/1459 1507/1507/1507
f 1458/1458/1458 1507/1507/1507 1506/1506/1506
f 1459/1459/1459 1460/1460/1460 1508/1508/1508
f 1459/1459/1459 1508/1508/1508 1507/1507/1507
f 1460/1460/1460 1461/1461/1461 1509/1509/1509
f 1460/1460/1460 1509/1509/1509 1508/1508/1508
f 1461/1461/1461 1462/1462/1462 1510/1510/1510
f 1461/1461/1461 1510/1510/1510 1509/1509/1509
f 1462/1462/1462 1463/1463/1463 1511/1511/1511
f 1462/1462/1462 1511/1511/1511 1510/1510/1510
f 1463/1463/1463 1464/1464/1464 1512/1512/1512
f 1463/1463/1463 1512/1512/1512 1511/1511/1511
f 1464/1464/1464 1465/1465/1465 1513/1513/1513
f 1464/1464/1464 1513/1513/1513 1512/1512/1512
f 1465/1465/1465 1466/1466/1466 1514/1514/1514
f 1465/1465/1465 1514/1514/1514 1513/1513/1513
f 1466/1466/1466 1467/1467/1467 1515/1515/1515
f 1466/1466/1466 1515/1515/1515 1514/1514/1514
f 1467/1467/1467 1468/1468/1468 1516/1516/1516
f 1467/1467/1467 1516/1516/1516 1515/1515/1515
f 1468/1468/1468 1469/1469/1469 1517/1517/1517
f 1468/1468/1468 1517/1517/1517 1516/1516/1516
f 1469/1469/1469 1470/1470/1470 1518/1518/1518
f 1469/1469/1469 1518/1518/1518 1517/1517/1517
f 1470/1470/1470 1471/1471/1471 1519/1519/1519
f 1470/1470/1470 1519/1519/1519 1518/1518/1518
f 1471/1471/1471 1472/1472/1472 1520/1520/1520
f 1471/1471/1471 1520/1520/1520 1519/1519/1519
f 1472/1472/1472 1473/1473/1473 1521/1521/1521
f 1472/1472/1472 1521/1521/1521 1520/1520/1520
f 1473/1473/1473 1474/1474/1474 1522/1522/1522
f 1473/1473/1473 1522/1522/1522 1521/1521/1521
f 1474/1474/1474 1475/1475/1475 1523/1523/1523
f 1474/1474/1474 1523/1523/1523 1522/1522/1522
f 1475/1475/1475 1476/1476/1476 1524/1524/1524
f 1475/1475/1475 1524/1524/1524 1523/1523/1523
f 1476/1476/1476 1477/1477/1477 1525/1525/1525
f 1476/1476/1476 1525/1525/1525 1524/1524/1524
f 1477/1477/1477 1478/1478/1478 1526/1526/1526
f 1477/1477/1477 1526/1526/1526 1525/1525/1525
f 1478/1478/1478 1479/1479/1479 1527/1527/1527
f 1478/1478/1478 1527/1527/1527 1526/1526/1526
f 1479/1479/1479 1480/1480/1480 1528/1528/1528
f 1479/1479/1479 1528/1528/1528 1527/1527/1527
f 1480/1480/1480 1481/1481/1481 1529/1529/1529
f 1480/1480/1480 1529/1529/1529 1528/1528/1528
f 1481/1481/1481 1482/1482/1482 1530/1530/1530
f 1481/1481/1481 1530/1530/1530 1529/1529/1529
f 1482/1482/1482 1483/1483/1483 1531/1531/1531
f 1482/1482/1482 1531/1531/1531 1530/1530/1530
f 1483/1483/1483 1484/1484/1484 1532/1532/1532
f 1483/1483/1483 1532/1532/1532 1531/1531/1531
f 1484/1484/1484 1485/1485/1485 1533/1533/1533
f 1484/1484/1484 1533/1533/1533 1532/1532/1532
f 1485/1485/1485 1486/1486/1486 1534/1534/1534
f 1485/1485/1485 1534/1534/1534 1533/1533/1533
f 1486/1486/1486 1487/1487/1487 1535/1535/1535
f 1486/1486/1486 1535/1535/1535 1534/1534/1534
f 1487/1487/1487 1488/1488/1488 1536/1536/1536
f 1487/1487/1487 1536/1536/1536 1535/1535/1535
f 1488/1488/1488 1441/1441/1441 1489/1489/1489
f 1488/1488/1488 1489/1489/1489 1536/1536/1536
f 1489/1489/1489 1490/1490/1490 1538/1538/1538
f 1489/1489/1489 1538/1538/1538 1537/1537/1537
f 1490/1490/1490 1491/1491/1491 1539/1539/1539
f 1490/1490/1490 1539/1539/1539 1538/1538/1538
f 1491/1491/1491 1492/1492/1492 1540/1540/1540
f 1491/1491/1491 1540/1540/1540 1539/1539/1539
f 1492/1492/1492 1493/1493/1493 1541/1541/1541
f 1492/1492/1492 1541/1541/1541 1540/1540/1540
f 1493/1493/1493 1494/1494/1494 1542/1542/1542
f 1493/1493/1493 1542/1542/1542 1541/1541/1541
f 1494/1494/1494 1495/1495/1495 1543/1543/1543
f 1494/1494/1494 1543/1543/1543 1542/1542/1542
f 1495/1495/1495 1496/1496/1496 1544/1544/1544
f 1495/1495/1495 1544/1544/1544 1543/1543/1543
f 1496/1496/1496 1497/1497/1497 1545/1545/1545
f 1496/1496/1496 1545/1545/1545 1544/1544/1544
f 1497/1497/1497 1498/1498/1498 1546/1546/1546
f 1497/1497/1497 1546/1546/1546 1545/1545/1545
f 1498/1498/1498 1499/1499/1499 1547/1547/1547
f 1498/1498/1498 1547/1547/1547 1546/1546/1546
f 1499/1499/1499 1500/1500/1500 1548/1548/1548
f 1499/1499/1499 1548/1548/1548 1547/1547/1547
f 1500/1500/1500 1501/1501/1501 1549/1549/1549
f 1500/1500/1500 1549/1549/1549 1548/1548/1548
f 1501/1501/1501 1502/1502/1502 1550/1550/1550
f 1501/1501/1501 1550/1550/1550 1549/1549/1549
f 1502/1502/1502 1503/1503/1503 1551/1551/1551
f 1502/1502/1502 1551/1551/1551 1550/1550/1550
f 1503/1503/1503 1504/1504/1504 1552/1552/1552
f 1503/1503/1503 1552/1552/1552 1551/1551/1551
f 1504/1504/1504 1505/1505/1505 1553/1553/1553
f 1504/1504/1504 1553/1553/1553 1552/1552/1552
f 1505/1505/1505 1506/1506/1506 1554/1554/1554
f 1505/1505/1505 1554/1554/1554 1553/1553/1553
f 1506/1506/1506 1507/1507/1507 1555/1555/1555
f 1506/1506/1506 1555/1555/1555 1554/1554/1554
f 1507/1507/1507 1508/1508/1508 1556/1556/1556
f 1507/1507/1507 1556/1556/1556 1555/1555/1555
f 1508/1508/1508 1509/1509/1509 1557/1557/1557
f 1508/1508/1508 1557/1557/1557 1556/1556/1556
f 1509/1509/1509 1510/1510/1510 1558/1558/1558
f 1509/1509/1509 1558/1558/1558 1557/1557/1557
f 1510/1510/1510 1511/1511/1511 1559/1559/1559
f 1510/1510/1510 1559/1559/1559 1558/1558/1558
f 1511/1511/1511 1512/1512/1512 1560/1560/1560
f 1511/1511/1511 1560/1560/1560 1559/1559/1559
f 1512/1512/1512 1513/1513/1513 1561/1561/1561
f 1512/1512/1512 1561/1561/1561 1560/1560/1560
f 1513/1513/1513 1514/1514/1514 1562/1562/1562
f 1513/1513/1513 1562/1562/1562 1561/1561/1561
f 1514/1514/1514 1515/1515/1515 1563/1563/1563
f 1514/1514/1514 1563/1563/1563 1562/1562/1562
f 1515/1515/1515 1516/1516/1516 1564/1564/1564
f 1515/1515/1515 1564/1564/1564 1563/1563/1563
f 1516/1516/1516 1517/1517/1517 1565/1565/1565
f 1516/1516/1516 1565/1565/1565 1564/1564/1564
f 1517/1517/1517 1518/1518/1518 1566/1566/1566
f 1517/1517/1517 1566/1566/1566 1565/1565/1565
f 1518/1518/1518 1519/1519/1519 1567/1567/1567
f 1518/1518/1518 1567/1567/1567 1566/1566/1566
f 1519/1519/1519 1520/1520/1520 1568/1568/1568
f 1519/1519/1519 1568/1568/1568 1567/1567/1567
f 1520/1520/1520 1521/1521/1521 1569/1569/1569
f 1520/1520/1520 1569/1569/1569 1568/1568/1568
f 1521/1521/1521 1522/1522/1522 1570/1570/1570
f 1521/1521/1521 1570/1570/1570 1569/1569/1569
f 1522/1522/1522 1523/1523/1523 1571/1571/1571
f 1522/1522/1522 1571/1571/1571 1570/1570/1570
f 1523/1523/1523 1524/1524/1524 1572/1572/1572
f 1523/1523/1523 1572/1572/1572 1571/1571/1571
f 1524/1524/1524 1525/1525/1525 1573/1573/1573
f 1524/1524/1524 1573/1573/1573 1572/1572/1572
f 1525/1525/1525 1526/1526/1526 1574/1574/1574
f 1525/1525/1525 1574/1574/1574 1573/1573/1573
f 1526/1526/1526 1527/1527/1527 1575/1575/1575
f 1526/1526/1526 1575/1575/1575 1574/1574/1574
f 1527/1527/1527 1528/1528/1528 1576/1576/1576
f 1527/1527/1527 1576/1576/1576 1575/1575/1575
f 1528/1528/1528 1529/1529/1529 1577/1577/1577
f 1528/1528/1528 1577/1577/1577 1576/1576/1576
f 1529/1529/1529 1530/1530/1530 1578/1578/1578
f 1529/1529/1529 1578/1578/1578 1577/1577/1577
f 1530/1530/1530 1531/1531/1531 1579/1579/1579
f 1530/1530/1530 1579/1579/1579 1578/1578/1578
f 1531/1531/1531 1532/1532/1532 1580/1580/1580
f 1531/1531/1531 1580/1580/1580 1579/1579/1579
f 1532/1532/1532 1533/1533/1533 1581/1581/1581
f 1532/1532/1532 1581/1581/1581 1580/1580/1580
f 1533/1533/1533 1534/1534/1534 1582/1582/1582
f 1533/1533/1533 1582/1582/1582 1581/1581/1581
f 1534/1534/1534 1535/1535/1535 1583/1583/1583
f 1534/1534/1534 1583/1583/1583 1582/1582/1582
f 1535/1535/1535 1536/1536/1536 1584/1584/1584
f 1535/1535/1535 1584/1584/1584 1583/1583/1583
f 1536/1536/1536 1489/1489/1489 1537/1537/1537
f 1536/1536/1536 1537/1537/1537 1584/1584/1584
f 1537/1537/1537 1538/1538/1538 1586/1586/1586
f 1537/1537/1537 1586/1586/1586 1585/1585/1585
f 1538/1538/1538 1539/1539/1539 1587/1587/1587
f 1538/1538/1538 1587/1587/1587 1586/1586/1586
f 1539/1539/1539 1540/1540/1540 1588/1588/1588
f 1539/1539/1539 1588/1588/1588 1587/1587/1587
f 1540/1540/1540 1541/1541/1541 1589/1589/1589
f 1540/1540/1540 1589/1589/1589 1588/1588/1588
f 1541/1541/1541 1542/1542/1542 1590/1590/1590
f 1541/1541/1541 1590/1590/1590 1589/1589/1589
f 1542/1542/1542 1543/1543/1543 1591/1591/1591
f 1542/1542/1542 1591/1591/1591 1590/1590/1590
f 1543/1543/1543 1544/1544/1544 1592/1592/1592
f 1543/1543/1543 1592/1592/1592 1591/1591/1591
f 1544/1544/1544 1545/1545/1545 1593/1593/1593
f 1544/1544/1544 1593/1593/1593 1592/1592/1592
f 1545/1545/1545 1546/1546/1546 1594/1594/1594
f 1545/1545/1545 1594/1594/1594 1593/1593/1593
f 1546/1546/1546 1547/1547/1547 1595/1595/1595
f 1546/1546/1546 1595/1595/1595 1594/1594/1594
f 1547/1547/1547 1548/1548/1548 1596/1596/1596
f 1547/1547/1547 1596/1596/1596 1595/1595/1595
f 1548/1548/1548 1549/1549/1549 1597/1597/1597
f 1548/1548/1548 1597/1597/1597 1596/1596/1596
f 1549/1549/1549 1550/1550/1550 1598/1598/1598
f 1549/1549/1549 1598/1598/1598 1597/1597/1597
f 1550/1550/1550 1551/1551/1551 1599/1599/1599
f 1550/1550/1550 1599/1599/1599 1598/1598/1598
f 1551/1551/1551 1552/1552/1552 1600/1600/1600
f 1551/1551/1551 1600/1600/1600 1599/1599/1599
f 1552/1552/1552 1553/1553/1553 1601/1601/1601
f 1552/1552/1552 1601/1601/1601 1600/1600/1600
f 1553/1553/1553 1554/1554/1554 1602/1602/1602
f 1553/1553/1553 1602/1602/1602 1601/1601/1601
f 1554/1554/1554 1555/1555/1555 1603/1603/1603
f 1554/1554/1554 1603/1603/1603 1602/1602/1602
f 1555/1555/1555 1556/1556/1556 1604/1604/1604
f 1555/1555/1555 1604/1604/1604 1603/1603/1603
f 1556/1556/1556 1557/1557/1557 1605/1605/1605
f 1556/1556/1556 1605/1605/1605 1604/1604/1604
f 1557/1557/1557 1558/1558/1558 1606/1606/1606
f 1557/1557/1557 1606/1606/1606 1605/1605/1605
f 1558/1558/1558 1559/1559/1559 1607/1607/1607
f 1558/1558/1558 1607/1607/1607 1606/1606/1606
f 1559/1559/1559 1560/1560/1560 1608/1608/1608
f 1559/1559/1559 1608/1608/1608 1607/1607/1607
f 1560/1560/1560 1561/1561/1561 1609/1609/1609
f 1560/1560/1560 1609/1609/1609 1608/1608/1608
f 1561/1561/1561 1562/1562/1562 1610/1610/1610
f 1561/1561/1561 1610/1610/1610 1609/1609/1609
f 1562/1562/1562 1563/1563/1563 1611/1611/1611
f 1562/1562/1562 1611/1611/1611 1610/1610/1610
f 1563/1563/1563 1564/1564/1564 1612/1612/1612
f 1563/1563/1563 1612/1612/1612 1611/1611/1611
f 1564/1564/1564 1565/1565/1565 1613/1613/1613
f 1564/1564/1564 1613/1613/1613 1612/1612/1612
f 1565/1565/1565 1566/1566/1566 1614/1614/1614
f 1565/1565/1565 1614/1614/1614 1613/1613/1613
f 1566/1566/1566 1567/1567/1567 1615/1615/1615
f 1566/1566/1566 1615/1615/1615 1614/1614/1614
f 1567/1567/1567 1568/1568/1568 1616/1616/1616
f 1567/1567/1567 1616/1616/1616 1615/1615/1615
f 1568/1568/1568 1569/1569/1569 1617/1617/1617
f 1568/1568/1568 1617/1617/1617 1616/1616/1616
f 1569/1569/1569 1570/1570/1570 1618/1618/1618
f 1569/1569/1569 1618/1618/1618 1617/1617/1617
f 1570/1570/1570 1571/1571/1571 1619/1619/1619
f 1570/1570/1570 1619/1619/1619 1618/1618/1618
f 1571/1571/1571 1572/1572/1572 1620/1620/1620
f 1571/1571/1571 1620/1620/1620 1619/1619/1619
f 1572/1572/1572 1573/1573/1573 1621/1621/1621
f 1572/1572/1572 1621/1621/1621 1620/1620/1620
f 1573/1573/1573 1574/1574/1574 1622/1622/1622
f 1573/1573/1573 1622/1622/1622 1621/1621/1621
f 1574/1574/1574 1575/1575/1575 1623/1623/1623
f 1574/1574/1574 1623/1623/1623 1622/1622/1622
f 1575/1575/1575 1576/1576/1576 1624/1624/1624
f 1575/1575/1575 1624/1624/1624 1623/1623/1623
f 1576/1576/1576 1577/1577/1577 1625/1625/1625
f 1576/1576/1576 1625/1625/1625 1624/1624/1624
f 1577/1577/1577 1578/1578/1578 1626/1626/1626
f 1577/1577/1577 1626/1626/1626 1625/1625/1625
f 1578/1578/1578 1579/1579/1579 1627/1627/1627
f 1578/1578/1578 1627/1627/1627 1626/1626/1626
f 1579/1579/1579 1580/1580/1580 1628/1628/1628
f 1579/1579/1579 1628/1628/1628 1627/1627/1627
f 1580/1580/1580 1581/1581/1581 1629/1629/1629
f 1580/1580/1580 1629/1629/1629 1628/1628/1628
f 1581/1581/1581 1582/1582/1582 1630/1630/1630
f 1581/1581/1581 1630/1630/1630 1629/1629/1629
f 1582/1582/1582 1583/1583/1583 1631/1631/1631
f 1582/1582/1582 1631/1631/1631 1630/1630/1630
f 1583/1583/1583 1584/1584/1584 1632/1632/1632
f 1583/1583/1583 1632/1632/1632 1631/1631/1631
f 1584/1584/1584 1537/1537/1537 1585/1585/1585
f 1584/1584/1584 1585/1585/1585 1632/1632/1632
f 1585/1585/1585 1586/1586/1586 1634/1634/1634
f 1585/1585/1585 1634/1634/1634 1633/1633/1633
f 1586/1586/1586 1587/1587/1587 1635/1635/1635
f 1586/1586/1586 1635/1635/1635 1634/1634/1634
f 1587/1587/1587 1588/1588/1588 1636/1636/1636
f 1587/1587/1587 1636/1636/1636 1635/1635/1635
f 1588/1588/1588 1589/1589/1589 1637/1637/1637
f 1588/1588/1588 1637/1637/1637 1636/1636/1636
f 1589/1589/1589 1590/1590/1590 1638/1638/1638
f 1589/1589/1589 1638/1638/1638 1637/1637/1637
f 1590/1590/1590 1591/1591/1591 1639/1639/1639
f 1590/1590/1590 1639/1639/1639 1638/1638/1638
f 1591/1591/1591 1592/1592/1592 1640/1640/1640
f 1591/1591/1591 1640/1640/1640 1639/1639/1639
f 1592/1592/1592 1593/1593/1593 1641/1641/1641
f 1592/1592/1592 1641/1641/1641 1640/1640/1640
f 1593/1593/1593 1594/1594/1594 1642/1642/1642
f 1593/1593/1593 1642/1642/1642 1641/1641/1641
f 1594/1594/1594 1595/1595/1595 1643/1643/1643
f 1594/1594/1594 1643/1643/1643 1642/1642/1642
f 1595/1595/1595 1596/1596/1596 1644/1644/1644
f 1595/1595/1595 1644/1644/1644 1643/1643/1643
f 1596/1596/1596 1597/1597/1597 1645/1645/1645
f 1596/1596/1596 1645/1645/1645 1644/1644/1644
f 1597/1597/1597 1598/1598/1598 1646/1646/1646
f 1597/1597/1597 1646/1646/1646 1645/1645/1645
f 1598/1598/1598 1599/1599/1599 1647/1647/1647
f 1598/1598/1598 1647/1647/1647 1646/1646/1646
f 1599/1599/1599 1600/1600/1600 1648/1648/1648
f 1599/1599/1599 1648/1648/1648 1647/1647/1647
f 1600/1600/1600 1601/1601/1601 1649/1649/1649
f 1600/1600/1600 1649/1649/1649 1648/1648/1648
f 1601/1601/1601 1602/1602/1602 1650/1650/1650
f 1601/1601/1601 1650/1650/1650 1649/1649/1649
f 1602/1602/1602 1603/1603/1603 1651/1651/1651
f 1602/1602/1602 1651/1651/1651 1650/1650/1650
f 1603/1603/1603 1604/1604/1604 1652/1652/1652
f 1603/1603/1603 1652/1652/1652 1651/1651/1651
f 1604/1604/1604 1605/1605/1605 1653/1653/1653
f 1604/1604/1604 1653/1653/1653 1652/1652/1652
f 1605/1605/1605 1606/1606/1606 1654/1654/1654
f 1605/1605/1605 1654/1654/1654 1653/1653/1653
f 1606/1606/1606 1607/1607/1607 1655/1655/1655
f 1606/1606/1606 1655/1655/1655 1654/1654/1654
f 1607/1607/1607 1608/1608/1608 1656/1656/1656
f 1607/1607/1607 1656/1656/1656 1655/1655/1655
f 1608/1608/1608 1609/1609/1609 1657/1657/1657
f 1608/1608/1608 1657/1657/1657 1656/1656/1656
f 1609/1609/1609 1610/1610/1610 1658/1658/1658
f 1609/1609/1609 1658/1658/1658 1657/1657/1657
f 1610/1610/1610 1611/1611/1611 1659/1659/1659
f 1610/1610/1610 1659/1659/1659 1658/1658/1658
f 1611/1611/1611 1612/1612/1612 1660/1660/1660
f 1611/1611/1611 1660/1660/1660 1659/1659/1659
f 1612/1612/1612 1613/1613/1613 1661/1661/1661
f 1612/1612/1612 1661/1661/1661 1660/1660/1660
f 1613/1613/1613 1614/1614/1614 1662/1662/1662
f 1613/1613/1613 1662/1662/1662 1661/1661/1661
f 1614/1614/1614 1615/1615/1615 1663/1663/1663
f 1614/1614/1614 1663/1663/1663 1662/1662/1662
f 1615/1615/1615 1616/1616/1616 1664/1664/1664
f 1615/1615/1615 1664/1664/1664 1663/1663/1663
f 1616/1616/1616 1617/1617/1617 1665/1665/1665
f 1616/1616/1616 1665/1665/1665 1664/1664/1664
f 1617/1617/1617 1618/1618/1618 1666/1666/1666
f 1617/1617/1617 1666/1666/1666 1665/1665/1665
f 1618/1618/1618 1619/1619/1619 1667/1667/1667
f 1618/1618/1618 1667/1667/1667 1666/1666/1666
f 1619/1619/1619 1620/1620/1620 1668/1668/1668
f 1619/1619/1619 1668/1668/1668 1667/1667/1667
f 1620/1620/1620 1621/1621/1621 1669/1669/1669
f 1620/1620/1620 1669/1669/1669 1668/1668/1668
f 1621/1621/1621 1622/1622/1622 1670/1670/1670
f 1621/1621/1621 1670/1670/1670 1669/1669/1669
f 1622/1622/1622 1623/1623/1623 1671/1671/1671
f 1622/1622/1622 1671/1671/1671 1670/1670/1670
f 1623/1623/1623 1624/1624/1624 1672/1672/1672
f 1623/1623/1623 1672/1672/1672 1671/1671/1671
f 1624/1624/1624 1625/1625/1625 1673/1673/1673
f 1624/1624/1624 1673/1673/1673 1672/1672/1672
f 1625/1625/1625 1626/1626/1626 1674/1674/1674
f 1625/1625/1625 1674/1674/1674 1673/1673/1673
f 1626/1626/1626 1627/1627/1627 1675/1675/1675
f 1626/1626/1626 1675/1675/1675 1674/1674/1674
f 1627/1627/1627 1628/1628/1628 1676/1676/1676
f 1627/1627/1627 1676/1676/1676 1675/1675/1675
f 1628/1628/1628 1629/1629/1629 1677/1677/1677
f 1628/1628/1628 1677/1677/1677 1676/1676/1676
f 1629/1629/1629 1630/1630/1630 1678/1678/1678
f 1629/1629/1629 1678/1678/1678 1677/1677/1677
f 1630/1630/1630 1631/1631/1631 1679/1679/1679
f 1630/1630/1630 1679/1679/1679 1678/1678/1678
f 1631/1631/1631 1632/1632/1632 1680/1680/1680
f 1631/1631/1631 1680/1680/1680 1679/1679/1679
f 1632/1632/1632 1585/1585/1585 1633/1633/1633
f 1632/1632/1632 1633/1633/1633 1680/1680/1680
f 1633/1633/1633 1634/1634/1634 1682/1682/1682
f 1633/1633/1633 1682/1682/1682 1681/1681/1681
f 1634/1634/1634 1635/1635/1635 1683/1683/1683
f 1634/1634/1634 1683/1683/1683 1682/1682/1682
f 1635/1635/1635 1636/1636/1636 1684/1684/1684
f 1635/1635/1635 1684/1684/1684 1683/1683/1683
f 1636/1636/1636 1637/1637/1637 1685/1685/1685
f 1636/1636/1636 1685/1685/1685 1684/1684/1684
f 1637/1637/1637 1638/1638/1638 1686/1686/1686
f 1637/1637/1637 1686/1686/1686 1685/1685/1685
f 1638/1638/1638 1639/1639/1639 1687/1687/1687
f 1638/1638/1638 1687/1687/1687 1686/1686/1686
f 1639/1639/1639 1640/1640/1640 1688/1688/1688
f 1639/1639/1639 1688/1688/1688 1687/1687/1687
f 1640/1640/1640 1641/1641/1641 1689/1689/1689
f 1640/1640/1640 1689/1689/1689 1688/1688/1688
f 1641/1641/1641 1642/1642/1642 1690/1690/1690
f 1641/1641/1641 1690/1690/1690 1689/1689/1689
f 1642/1642/1642 1643/1643/1643 1691/1691/1691
f 1642/1642/1642 1691/1691/1691 1690/1690/1690
f 1643/1643/1643 1644/1644/1644 1692/1692/1692
f 1643/1643/1643 1692/1692/1692 1691/1691/1691
f 1644/1644/1644 1645/1645/1645 1693/1693/1693
f 1644/1644/1644 1693/1693/1693 1692/1692/1692
f 1645/1645/1645 1646/1646/1646 1694/1694/1694
f 1645/1645/1645 1694/1694/1694 1693/1693/1693
f 1646/1646/1646 1647/1647/1647 1695/1695/1695
f 1646/1646/1646 1695/1695/1695 1694/1694/1694
f 1647/1647/1647 1648/1648/1648 1696/1696/1696
f 1647/1647/1647 1696/1696/1696 1695/1695/1695
f 1648/1648/1648 1649/1649/1649 1697/1697/1697
f 1648/1648/1648 1697/1697/1697 1696/1696/1696
f 1649/1649/1649 1650/1650/1650 1698/1698/1698
f 1649/1649/1649 1698/1698/1698 1697/1697/1697
f 1650/1650/1650 1651/1651/1651 1699/1699/1699
f 1650/1650/1650 1699/1699/1699 1698/1698/1698
f 1651/1651/1651 1652/1652/1652 1700/1700/1700
f 1651/1651/1651 1700/1700/1700 1699/1699/1699
f 1652/1652/1652 1653/1653/1653 1701/1701/1701
f 1652/1652/1652 1701/1701/1701 1700/1700/1700
f 1653/1653/1653 1654/1654/1654 1702/1702/1702
f 1653/1653/1653 1702/1702/1702 1701/1701/1701
f 1654/1654/1654 1655/1655/1655 1703/1703/1703
f 1654/1654/1654 1703/1703/1703 1702/1702/1702
f 1655/1655/1655 1656/1656/1656 1704/1704/1704
f 1655/1655/1655 1704/1704/1704 1703/1703/1703
f 1656/1656/1656 1657/1657/1657 1705/1705/1705
f 1656/1656/1656 1705/1705/1705 1704/1704/1704
f 1657/1657/1657 1658/1658/1658 1706/1706/1706
f 1657/1657/1657 1706/1706/1706 1705/1705/1705
f 1658/1658/1658 1659/1659/1659 1707/1707/1707
f 1658/1658/1658 1707/1707/1707 1706/1706/1706
f 1659/1659/1659 1660/1660/1660 1708/1708/1708
f 1659/1659/1659 1708/1708/1708 1707/1707/1707
f 1660/1660/1660 1661/1661/1661 1709/1709/1709
f 1660/1660/1660 1709/1709/1709 1708/1708/1708
f 1661/1661/1661 1662/1662/1662 1710/1710/1710
f 1661/1661/1661 1710/1710/1710 1709/1709/1709
f 1662/1662/1662 1663/1663/1663 1711/1711/1711
f 1662/1662/1662 1711/1711/1711 1710/1710/1710
f 1663/1663/1663 1664/1664/1664 1712/1712/1712
f 1663/1663/1663 1712/1712/1712 1711/1711/1711
f 1664/1664/1664 1665/1665/1665 1713/1713/1713
f 1664/1664/1664 1713/1713/1713 1712/1712/1712
f 1665/1665/1665 1666/1666/1666 1714/1714/1714
f 1665/1665/1665 1714/1714/1714 1713/1713/1713
f 1666/1666/1666 1667/1667/1667 1715/1715/1715
f 1666/1666/1666 1715/1715/1715 1714/1714/1714
f 1667/1667/1667 1668/1668/1668 1716/1716/1716
f 1667/1667/1667 1716/1716/1716 1715/1715/1715
f 1668/1668/1668 1669/1669/1669 1717/1717/1717
f 1668/1668/1668 1717/1717/1717 1716/1716/1716
f 1669/1669/1669 1670/1670/1670 1718/1718/1718
f 1669/1669/1669 1718/1718/1718 1717/1717/1717
f 1670/1670/1670 1671/1671/1671 1719/1719/1719
f 1670/1670/1670 1719/1719/1719 1718/1718/1718
f 1671/1671/1671 1672/1672/1672 1720/1720/1720
f 1671/1671/1671 1720/1720/1720 1719/1719/1719
f 1672/1672/1672 1673/1673/1673 1721/1721/1721
f 1672/1672/1672 1721/1721/1721 1720/1720/1720
f 1673/1673/1673 1674/1674/1674 1722/1722/1722
f 1673/1673/1673 1722/1722/1722 1721/1721/1721
f 1674/1674/1674 1675/1675/1675 1723/1723/1723
f 1674/1674/1674 1723/1723/1723 1722/1722/1722
f 1675/1675/1675 1676/1676/1676 1724/1724/1724
f 1675/1675/1675 1724/1724/1724 1723/1723/1723
f 1676/1676/1676 1677/1677/1677 1725/1725/1725
f 1676/1676/1676 1725/1725/1725 1724/1724/1724
f 1677/1677/1677 1678/1678/1678 1726/1726/1726
f 1677/1677/1677 1726/1726/1726 1725/1725/1725
f 1678/1678/1678 1679/1679/1679 1727/1727/1727
f 1678/1678/1678 1727/1727/1727 1726/1726/1726
f 1679/1679/1679 1680/1680/1680 1728/1728/1728
f 1679/1679/1679 1728/1728/1728 1727/1727/1727
f 1680/1680/1680 1633/1633/1633 1681/1681/1681
f 1680/1680/1680 1681/1681/1681 1728/1728/1728
f 1681/1681/1681 1682/1682/1682 1730/1730/1730
f 1681/1681/1681 1730/1730/1730 1729/1729/1729
f 1682/1682/1682 1683/1683/1683 1731/1731/1731
f 1682/1682/1682 1731/1731/1731 1730/1730/1730
f 1683/1683/1683 1684/1684/1684 1732/1732/1732
f 1683/1683/1683 1732/1732/1732 1731/1731/1731
f 1684/1684/1684 1685/1685/1685 1733/1733/1733
f 1684/1684/1684 1733/1733/1733 1732/1732/1732
f 1685/1685/1685 1686/1686/1686 1734/1734/1734
f 1685/1685/1685 1734/1734/1734 1733/1733/1733
f 1686/1686/1686 1687/1687/1687 1735/1735/1735
f 1686/1686/1686 1735/1735/1735 1734/1734/1734
f 1687/1687/1687 1688/1688/1688 1736/1736/1736
f 1687/1687/1687 1736/1736/1736 1735/1735/1735
f 1688/1688/1688 1689/1689/1689 1737/1737/1737
f 1688/1688/1688 1737/1737/1737 1736/1736/1736
f 1689/1689/1689 1690/1690/1690 1738/1738/1738
f 1689/1689/1689 1738/1738/1738 1737/1737/1737
f 1690/1690/1690 1691/1691/1691 1739/1739/1739
f 1690/1690/1690 1739/1739/1739 1738/1738/1738
f 1691/1691/1691 1692/1692/1692 1740/1740/1740
f 1691/1691/1691 1740/1740/1740 1739/1739/1739
f 1692/1692/1692 1693/1693/1693 1741/1741/1741
f 1692/1692/1692 1741/1741/1741 1740/1740/1740
f 1693/1693/1693 1694/1694/1694 1742/1742/1742
f 1693/1693/1693 1742/1742/1742 1741/1741/1741
f 1694/1694/1694 1695/1695/1695 1743/1743/1743
f 1694/1694/1694 1743/1743/1743 1742/1742/1742
f 1695/1695/1695 1696/1696/1696 1744/1744/1744
f 1695/1695/1695 1744/1744/1744 1743/1743/1743
f 1696/1696/1696 1697/1697/1697 1745/1745/1745
f 1696/1696/1696 1745/1745/1745 1744/1744/1744
f 1697/1697/1697 1698/1698/1698 1746/1746/1746
f 1697/1697/1697 1746/1746/1746 1745/1745/1745
f 1698/1698/1698 1699/1699/1699 1747/1747/1747
f 1698/1698/1698 1747/1747/1747 1746/1746/1746
f 1699/1699/1699 1700/1700/1700 1748/1748/1748
f 1699/1699/1699 1748/1748/1748 1747/1747/1747
f 1700/1700/1700 1701/1701/1701 1749/1749/1749
f 1700/1700/1700 1749/1749/1749 1748/1748/1748
f 1701/1701/1701 1702/1702/1702 1750/1750/1750
f 1701/1701/1701 1750/1750/1750 1749/1749/1749
f 1702/1702/1702 1703/1703/1703 1751/1751/1751
f 1702/1702/1702 1751/1751/1751 1750/1750/1750
f 1703/1703/1703 1704/1704/1704 1752/1752/1752
f 1703/1703/1703 1752/1752/1752 1751/1751/1751
f 1704/1704/1704 1705/1705/1705 1753/1753/1753
f 1704/1704/1704 1753/1753/1753 1752/1752/1752
f 1705/1705/1705 1706/1706/1706 1754/1754/1754
f 1705/1705/1705 1754/1754/1754 1753/1753/1753
f 1706/1706/1706 1707/1707/1707 1755/1755/1755
f 1706/1706/1706 1755/1755/1755 1754/1754/1754
f 1707/1707/1707 1708/1708/1708 1756/1756/1756
f 1707/1707/1707 1756/1756/1756 1755/1755/1755
f 1708/1708/1708 1709/1709/1709 1757/1757/1757
f 1708/1708/1708 1757/1757/1757 1756/1756/1756
f 1709/1709/1709 1710/1710/1710 1758/1758/1758
f 1709/1709/1709 1758/1758/1758 1757/1757/1757
f 1710/1710/1710 1711/1711/1711 1759/1759/1759
f 1710/1710/1710 1759/1759/1759 1758/1758/1758
f 1711/1711/1711 1712/1712/1712 1760/1760/1760
f 1711/1711/1711 1760/1760/1760 1759/1759/1759
f 1712/1712/1712 1713/1713/1713 1761/1761/1761
f 1712/1712/1712 1761/1761/1761 1760/1760/1760
f 1713/1713/1713 1714/1714/1714 1762/1762/1762
f 1713/1713/1713 1762/1762/1762 1761/1761/1761
f 1714/1714/1714 1715/1715/1715 1763/1763/1763
f 1714/1714/1714 1763/1763/1763 1762/1762/1762
f 1715/1715/1715 1716/1716/1716 1764/1764/1764
f 1715/1715/1715 1764/1764/1764 1763/1763/1763
f 1716/1716/1716 1717/1717/1717 1765/1765/1765
f 1716/1716/1716 1765/1765/1765 1764/1764/1764
f 1717/1717/1717 1718/1718/1718 1766/1766/1766
f 1717/1717/1717 1766/1766/1766 1765/1765/1765
f 1718/1718/1718 1719/1719/1719 1767/1767/1767
f 1718/1718/1718 1767/1767/1767 1766/1766/1766
f 1719/1719/1719 1720/1720/1720 1768/1768/1768
f 1719/1719/1719 1768/1768/1768 1767/1767/1767
f 1720/1720/1720 1721/1721/1721 1769/1769/1769
f 1720/1720/1720 1769/1769/1769 1768/1768/1768
f 1721/1721/1721 1722/1722/1722 1770/1770/1770
f 1721/1721/1721 1770/1770/1770 1769/1769/1769
f 1722/1722/1722 1723/1723/1723 1771/1771/1771
f 1722/1722/1722 1771/1771/1771 1770/1770/1770
f 1723/1723/1723 1724/1724/1724 1772/1772/1772
f 1723/1723/1723 1772/1772/1772 1771/1771/1771
f 1724/1724/1724 1725/1725/1725 1773/1773/1773
f 1724/1724/1724 1773/1773/1773 1772/1772/1772
f 1725/1725/1725 1726/1726/1726 1774/1774/1774
f 1725/1725/1725 1774/1774/1774 1773/1773/1773
f 1726/1726/1726 1727/1727/1727 1775/1775/1775
f 1726/1726/1726 1775/1775/1775 1774/1774/1774
f 1727/1727/1727 1728/1728/1728 1776/1776/1776
f 1727/1727/1727 1776/1776/1776 1775/1775/1775
f 1728/1728/1728 1681/1681/1681 1729/1729/1729
f 1728/1728/1728 1729/1729/1729 1776/1776/1776
f 1729/1729/1729 1730/1730/1730 1778/1778/1778
f 1729/1729/1729 1778/1778/1778 1777/1777/1777
f 1730/1730/1730 1731/1731/1731 1779/1779/1779
f 1730/1730/1730 1779/1779/1779 1778/1778/1778
f 1731/1731/1731 1732/1732/1732 1780/1780/1780
f 1731/1731/1731 1780/1780/1780 1779/1779/1779
f 1732/1732/1732 1733/1733/1733 1781/1781/1781
f 1732/1732/1732 1781/1781/1781 1780/1780/1780
f 1733/1733/1733 1734/1734/1734 1782/1782/1782
f 1733/1733/1733 1782/1782/1782 1781/1781/1781
f 1734/1734/1734 1735/1735/1735 1783/1783/1783
f 1734/1734/1734 1783/1783/1783 1782/1782/1782
f 1735/1735/1735 1736/1736/1736 1784/1784/1784
f 1735/1735/1735 1784/1784/1784 1783/1783/1783
f 1736/1736/1736 1737/1737/1737 1785/1785/1785
f 1736/1736/1736 1785/1785/1785 1784/1784/1784
f 1737/1737/1737 1738/1738/1738 1786/1786/1786
f 1737/1737/1737 1786/1786/1786 1785/1785/1785
f 1738/1738/1738 1739/1739/1739 1787/1787/1787
f 1738/1738/1738 1787/1787/1787 1786/1786/1786
f 1739/1739/1739 1740/1740/1740 1788/1788/1788
f 1739/1739/1739 1788/1788/1788 1787/1787/1787
f 1740/1740/1740 1741/1741/1741 1789/1789/1789
f 1740/1740/1740 1789/1789/1789 1788/1788/1788
f 1741/1741/1741 1742/1742/1742 1790/1790/1790
f 1741/1741/1741 1790/1790/1790 1789/1789/1789
f 1742/1742/1742 1743/1743/1743 1791/1791/1791
f 1742/1742/1742 1791/1791/1791 1790/1790/1790
f 1743/1743/1743 1744/1744/1744 1792/1792/1792
f 1743/1743/1743 1792/1792/1792 1791/1791/1791
f 1744/1744/1744 1745/1745/1745 1793/1793/1793
f 1744/1744/1744 1793/1793/1793 1792/1792/1792
f 1745/1745/1745 1746/1746/1746 1794/1794/1794
f 1745/1745/1745 1794/1794/1794 1793/1793/1793
f 1746/1746/1746 1747/1747/1747 1795/1795/1795
f 1746/1746/1746 1795/1795/1795 1794/1794/1794
f 1747/1747/1747 1748/1748/1748 1796/1796/1796
f 1747/1747/1747 1796/1796/1796 1795/1795/1795
f 1748/1748/1748 1749/1749/1749 1797/1797/1797
f 1748/1748/1748 1797/1797/1797 1796/1796/1796
f 1749/1749/1749 1750/1750/1750 1798/1798/1798
f 1749/1749/1749 1798/1798/1798 1797/1797/1797
f 1750/1750/1750 1751/1751/1751 1799/1799/1799
f 1750/1750/1750 1799/1799/1799 1798/1798/1798
f 1751/1751/1751 1752/1752/1752 1800/1800/1800
f 1751/1751/1751 1800/1800/1800 1799/1799/1799
f 1752/1752/1752 1753/1753/1753 1801/1801/1801
f 1752/1752/1752 1801/1801/1801 1800/1800/1800
f 1753/1753/1753 1754/1754/1754 1802/1802/1802
f 1753/1753/1753 1802/1802/1802 1801/1801/1801
f 1754/1754/1754 1755/1755/1755 1803/1803/1803
f 1754/1754/1754 1803/1803/1803 1802/1802/1802
f 1755/1755/1755 1756/1756/1756 1804/1804/1804
f 1755/1755/1755 1804/1804/1804 1803/1803/1803
f 1756/1756/1756 1757/1757/1757 1805/1805/1805
f 1756/1756/1756 1805/1805/1805 1804/1804/1804
f 1757/1757/1757 1758/1758/1758 1806/1806/1806
f 1757/1757/1757 1806/1806/1806 1805/1805/1805
f 1758/1758/1758 1759/1759/1759 1807/1807/1807
f 1758/1758/1758 1807/1807/1807 1806/1806/1806
f 1759/1759/1759 1760/1760/1760 1808/1808/1808
f 1759/1759/1759 1808/1808/1808 1807/1807/1807
f 1760/1760/1760 1761/1761/1761 1809/1809/1809
f 1760/1760/1760 1809/1809/1809 1808/1808/1808
f 1761/1761/1761 1762/1762/1762 1810/1810/1810
f 1761/1761/1761 1810/1810/1810 1809/1809/1809
f 1762/1762/1762 1763/1763/1763 1811/1811/1811
f 1762/1762/1762 1811/1811/1811 1810/1810/1810
f 1763/1763/1763 1764/1764/1764 1812/1812/1812
f 1763/1763/1763 1812/1812/1812 1811/1811/1811
f 1764/1764/1764 1765/1765/1765 1813/1813/1813
f 1764/1764/1764 1813/1813/1813 1812/1812/1812
f 1765/1765/1765 1766/1766/1766 1814/1814/1814
f 1765/1765/1765 1814/1814/1814 1813/1813/1813
f 1766/1766/1766 1767/1767/1767 1815/1815/1815
f 1766/1766/1766 1815/1815/1815 1814/1814/1814
f 1767/1767/1767 1768/1768/1768 1816/1816/1816
f 1767/1767/1767 1816/1816/1816 1815/1815/1815
f 1768/1768/1768 1769/1769/1769 1817/1817/1817
f 1768/1768/1768 1817/1817/1817 1816/1816/1816
f 1769/1769/1769 1770/1770/1770 1818/1818/1818
f 1769/1769/1769 1818/1818/1818 1817/1817/1817
f 1770/1770/1770 1771/1771/1771 1819/1819/1819
f 1770/1770/1770 1819/1819/1819 1818/1818/1818
f 1771/1771/1771 1772/1772/1772 1820/1820/1820
f 1771/1771/1771 1820/1820/1820 1819/1819/1819
f 1772/1772/1772 1773/1773/1773 1821/1821/1821
f 1772/1772/1772 1821/1821/1821 1820/1820/1820
f 1773/1773/1773 1774/1774/1774 1822/1822/1822
f 1773/1773/1773 1822/1822/1822 1821/1821/1821
f 1774/1774/1774 1775/1775/1775 1823/1823/1823
f 1774/1774/1774 1823/1823/1823 1822/1822/1822
f 1775/1775/1775 1776/1776/1776 1824/1824/1824
f 1775/1775/1775 1824/1824/1824 1823/1823/1823
f 1776/1776/1776 1729/1729/1729 1777/1777/1777
f 1776/1776/1776 1777/1777/1777 1824/1824/1824
f 1777/1777/1777 1778/1778/1778 1826/1826/1826
f 1777/1777/1777 1826/1826/1826 1825/1825/1825
f 1778/1778/1778 1779/1779/1779 1827/1827/1827
f 1778/1778/1778 1827/1827/1827 1826/1826/1826
f 1779/1779/1779 1780/1780/1780 1828/1828/1828
f 1779/1779/1779 1828/1828/1828 1827/1827/1827
f 1780/1780/1780 1781/1781/1781 1829/1829/1829
f 1780/1780/1780 1829/1829/1829 1828/1828/1828
f 1781/1781/1781 1782/1782/1782 1830/1830/1830
f 1781/1781/1781 1830/1830/1830 1829/1829/1829
f 1782/1782/1782 1783/1783/1783 1831/1831/1831
f 1782/1782/1782 1831/1831/1831 1830/1830/1830
f 1783/1783/1783 1784/1784/1784 1832/1832/1832
f 1783/1783/1783 1832/1832/1832 1831/1831/1831
f 1784/1784/1784 1785/1785/1785 1833/1833/1833
f 1784/1784/1784 1833/1833/1833 1832/1832/1832
f 1785/1785/1785 1786/1786/1786 1834/1834/1834
f 1785/1785/1785 1834/1834/1834 1833/1833/1833
f 1786/1786/1786 1787/1787/1787 1835/1835/1835
f 1786/1786/1786 1835/1835/1835 1834/1834/1834
f 1787/1787/1787 1788/1788/1788 1836/1836/1836
f 1787/1787/1787 1836/1836/1836 1835/1835/1835
f 1788/1788/1788 1789/1789/1789 1837/1837/1837
f 1788/1788/1788 1837/1837/1837 1836/1836/1836
f 1789/1789/1789 1790/1790/1790 1838/1838/1838
f 1789/1789/1789 1838/1838/1838 1837/1837/1837
f 1790/1790/1790 1791/1791/1791 1839/1839/1839
f 1790/1790/1790 1839/1839/1839 1838/1838/1838
f 1791/1791/1791 1792/1792/1792 1840/1840/1840
f 1791/1791/1791 1840/1840/1840 1839/1839/1839
f 1792/1792/1792 1793/1793/1793 1841/1841/1841
f 1792/1792/1792 1841/1841/1841 1840/1840/1840
f 1793/1793/1793 1794/1794/1794 1842/1842/1842
f 1793/1793/1793 1842/1842/1842 1841/1841/1841
f 1794/1794/1794 1795/1795/1795 1843/1843/1843
f 1794/1794/1794 1843/1843/1843 1842/1842/1842
f 1795/1795/1795 1796/1796/1796 1844/1844/1844
f 1795/1795/1795 1844/1844/1844 1843/1843/1843
f 1796/1796/1796 1797/1797/1797 1845/1845/1845
f 1796/1796/1796 1845/1845/1845 1844/1844/1844
f 1797/1797/1797 1798/1798/1798 1846/1846/1846
f 1797/1797/1797 1846/1846/1846 1845/1845/1845
f 1798/1798/1798 1799/1799/1799 1847/1847/1847
f 1798/1798/1798 1847/1847/1847 1846/1846/1846
f 1799/1799/1799 1800/1800/1800 1848/1848/1848
f 1799/1799/1799 1848/1848/1848 1847/1847/1847
f 1800/1800/1800 1801/1801/1801 1849/1849/1849
f 1800/1800/1800 1849/1849/1849 1848/1848/1848
f 1801/1801/1801 1802/1802/1802 1850/1850/1850
f 1801/1801/1801 1850/1850/1850 1849/1849/1849
f 1802/1802/1802 1803/1803/1803 1851/1851/1851
f 1802/1802/1802 1851/1851/1851 1850/1850/1850
f 1803/1803/1803 1804/1804/1804 1852/1852/1852
f 1803/1803/1803 1852/1852/1852 1851/1851/1851
f 1804/1804/1804 1805/1805/1805 1853/1853/1853
f 1804/1804/1804 1853/1853/1853 1852/1852/1852
f 1805/1805/1805 1806/1806/1806 1854/1854/1854
f 1805/1805/1805 1854/1854/1854 1853/1853/1853
f 1806/1806/1806 1807/1807/1807 1855/1855/1855
f 1806/1806/1806 1855/1855/1855 1854/1854/1854
f 1807/1807/1807 1808/1808/1808 1856/1856/1856
f 1807/1807/1807 1856/1856/1856 1855/1855/1855
f 1808/1808/1808 1809/1809/1809 1857/1857/1857
f 1808/1808/1808 1857/1857/1857 1856/1856/1856
f 1809/1809/1809 1810/1810/1810 1858/1858/1858
f 1809/1809/1809 1858/1858/1858 1857/1857/1857
f 1810/1810/1810 1811/1811/1811 1859/1859/1859
f 1810/1810/1810 1859/1859/1859 1858/1858/1858
f 1811/1811/1811 1812/1812/1812 1860/1860/1860
f 1811/1811/1811 1860/1860/1860 1859/1859/1859
f 1812/1812/1812 1813/1813/1813 1861/1861/1861
f 1812/1812/1812 1861/1861/1861 1860/1860/1860
f 1813/1813/1813 1814/1814/1814 1862/1862/1862
f 1813/1813/1813 1862/1862/1862 1861/1861/1861
f 1814/1814/1814 1815/1815/1815 1863/1863/1863
f 1814/1814/1814 1863/1863/1863 1862/1862/1862
f 1815/1815/1815 1816/1816/1816 1864/1864/1864
f 1815/1815/1815 1864/1864/1864 1863/1863/1863
f 1816/1816/1816 1817/1817/1817 1865/1865/1865
f 1816/1816/1816 1865/1865/1865 1864/1864/1864
f 1817/1817/1817 1818/1818/1818 1866/1866/1866
f 1817/1817/1817 1866/1866/1866 1865/1865/1865
f 1818/1818/1818 1819/1819/1819 1867/1867/1867
f 1818/1818/1818 1867/1867/1867 1866/1866/1866
f 1819/1819/1819 1820/1820/1820 1868/1868/1868
f 1819/1819/1819 1868/1868/1868 1867/1867/1867
f 1820/1820/1820 1821/1821/1821 1869/1869/1869
f 1820/1820/1820 1869/1869/1869 1868/1868/1868
f 1821/1821/1821 1822/1822/1822 1870/1870/1870
f 1821/1821/1821 1870/1870/1870 1869/1869/1869
f 1822/1822/1822 1823/1823/1823 1871/1871/1871
f 1822/1822/1822 1871/1871/1871 1870/1870/1870
f 1823/1823/1823 1824/1824/1824 1872/1872/1872
f 1823/1823/1823 1872/1872/1872 1871/1871/1871
f 1824/1824/1824 1777/1777/1777 1825/1825/1825
f 1824/1824/1824 1825/1825/1825 1872/1872/1872
f 1825/1825/1825 1826/1826/1826 1874/1874/1874
f 1825/1825/1825 1874/1874/1874 1873/1873/1873
f 1826/1826/1826 1827/1827/1827 1875/1875/1875
f 1826/1826/1826 1875/1875/1875 1874/1874/1874
f 1827/1827/1827 1828/1828/1828 1876/1876/1876
f 1827/1827/1827 1876/1876/1876 1875/1875/1875
f 1828/1828/1828 1829/1829/1829 1877/1877/1877
f 1828/1828/1828 1877/1877/1877 1876/1876/1876
f 1829/1829/1829 1830/1830/1830 1878/1878/1878
f 1829/1829/1829 1878/1878/1878 1877/1877/1877
f 1830/1830/1830 1831/1831/1831 1879/1879/1879
f 1830/1830/1830 1879/1879/1879 1878/1878/1878
f 1831/1831/1831 1832/1832/1832 1880/1880/1880
f 1831/1831/1831 1880/1880/1880 1879/1879/1879
f 1832/1832/1832 1833/1833/1833 1881/1881/1881
f 1832/1832/1832 1881/1881/1881 1880/1880/1880
f 1833/1833/1833 1834/1834/1834 1882/1882/1882
f 1833/1833/1833 1882/1882/1882 1881/1881/1881
f 1834/1834/1834 1835/1835/1835 1883/1883/1883
f 1834/1834/1834 1883/1883/1883 1882/1882/1882
f 1835/1835/1835 1836/1836/1836 1884/1884/1884
f 1835/1835/1835 1884/1884/1884 1883/1883/1883
f 1836/1836/1836 1837/1837/1837 1885/1885/1885
f 1836/1836/1836 1885/1885/1885 1884/1884/1884
f 1837/1837/1837 1838/1838/1838 1886/1886/1886
f 1837/1837/1837 1886/1886/1886 1885/1885/1885
f 1838/1838/1838 1839/1839/1839 1887/1887/1887
f 1838/1838/1838 1887/1887/1887 1886/1886/1886
f 1839/1839/1839 1840/1840/1840 1888/1888/1888
f 1839/1839/1839 1888/1888/1888 1887/1887/1887
f 1840/1840/1840 1841/1841/1841 1889/1889/1889
f 1840/1840/1840 1889/1889/1889 1888/1888/1888
f 1841/1841/1841 1842/1842/1842 1890/1890/1890
f 1841/1841/1841 1890/1890/1890 1889/1889/1889
f 1842/1842/1842 1843/1843/1843 1891/1891/1891
f 1842/1842/1842 1891/1891/1891 1890/1890/1890
f 1843/1843/1843 1844/1844/1844 1892/1892/1892
f 1843/1843/1843 1892/1892/1892 1891/1891/1891
f 1844/1844/1844 1845/1845/1845 1893/1893/1893
f 1844/1844/1844 1893/1893/1893 1892/1892/1892
f 1845/1845/1845 1846/1846/1846 1894/1894/1894
f 1845/1845/1845 1894/1894/1894 1893/1893/1893
f 1846/1846/1846 1847/1847/1847 1895/1895/1895
f 1846/1846/1846 1895/1895/1895 1894/1894/1894
f 1847/1847/1847 1848/1848/1848 1896/1896/1896
f 1847/1847/1847 1896/1896/1896 1895/1895/1895
f 1848/1848/1848 1849/1849/1849 1897/1897/1897
f 1848/1848/1848 1897/1897/1897 1896/1896/1896
f 1849/1849/1849 1850/1850/1850 1898/1898/1898
f 1849/1849/1849 1898/1898/1898 1897/1897/1897
f 1850/1850/1850 1851/1851/1851 1899/1899/1899
f 1850/1850/1850 1899/1899/1899 1898/1898/1898
f 1851/1851/1851 1852/1852/1852 1900/1900/1900
f 1851/1851/1851 1900/1900/1900 1899/1899/1899
f 1852/1852/1852 1853/1853/1853 1901/1901/1901
f 1852/1852/1852 1901/1901/1901 1900/1900/1900
f 1853/1853/1853 1854/1854/1854 1902/1902/1902
f 1853/1853/1853 1902/1902/1902 1901/1901/1901
f 1854/1854/1854 1855/1855/1855 1903/1903/1903
f 1854/1854/1854 1903/1903/1903 1902/1902/1902
f 1855/1855/1855 1856/1856/1856 1904/1904/1904
f 1855/1855/1855 1904/1904/1904 1903/1903/1903
f 1856/1856/1856 1857/1857/1857 1905/1905/1905
f 1856/1856/1856 1905/1905/1905 1904/1904/1904
f 1857/1857/1857 1858/1858/1858 1906/1906/1906
f 1857/1857/1857 1906/1906/1906 1905/1905/1905
f 1858/1858/1858 1859/1859/1859 1907/1907/1907
f 1858/1858/1858 1907/1907/1907 1906/1906/1906
f 1859/1859/1859 1860/1860/1860 1908/1908/1908
f 1859/1859/1859 1908/1908/1908 1907/1907/1907
f 1860/1860/1860 1861/1861/1861 1909/1909/1909
f 1860/1860/1860 1909/1909/1909 1908/1908/1908
f 1861/1861/1861 1862/1862/1862 1910/1910/1910
f 1861/1861/1861 1910/1910/1910 1909/1909/1909
f 1862/1862/1862 1863/1863/1863 1911/1911/1911
f 1862/1862/1862 1911/1911/1911 1910/1910/1910
f 1863/1863/1863 1864/1864/1864 1912/1912/1912
f 1863/1863/1863 1912/1912/1912 1911/1911/1911
f 1864/1864/1864 1865/1865/1865 1913/1913/1913
f 1864/1864/1864 1913/1913/1913 1912/1912/1912
f 1865/1865/1865 1866/1866/1866 1914/1914/1914
f 1865/1865/1865 1914/1914/1914 1913/1913/1913
f 1866/1866/1866 1867/1867/1867 1915/1915/1915
f 1866/1866/1866 1915/1915/1915 1914/1914/1914
f 1867/1867/1867 1868/1868/1868 1916/1916/1916
f 1867/1867/1867 1916/1916/1916 1915/1915/1915
f 1868/1868/1868 1869/1869/1869 1917/1917/1917
f 1868/1868/1868 1917/1917/1917 1916/1916/1916
f 1869/1869/1869 1870/1870/1870 1918/1918/1918
f 1869/1869/1869 1918/1918/1918 1917/1917/1917
f 1870/1870/1870 1871/1871/1871 1919/1919/1919
f 1870/1870/1870 1919/1919/1919 1918/1918/1918
f 1871/1871/1871 1872/1872/1872 1920/1920/1920
f 1871/1871/1871 1920/1920/1920 1919/1919/1919
f 1872/1872/1872 1825/1825/1825 1873/1873/1873
f 1872/1872/1872 1873/1873/1873 1920/1920/1920
f 1921/1921/1921 2/2/2 1/1/1
f 1921/1921/1921 3/3/3 2/2/2
f 1921/1921/1921 4/4/4 3/3/3
f 1921/1921/1921 5/5/5 4/4/4
f 1921/1921/1921 6/6/6 5/5/5
f 1921/1921/1921 7/7/7 6/6/6
f 1921/1921/1921 8/8/8 7/7/7
f 1921/1921/1921 9/9/9 8/8/8
f 1921/1921/1921 10/10/10 9/9/9
f 1921/1921/1921 11/11/11 10/10/10
f 1921/1921/1921 12/12/12 11/11/11
f 1921/1921/1921 13/13/13 12/12/12
f 1921/1921/1921 14/14/14 13/13/13
f 1921/1921/1921 15/15/15 14/14/14
f 1921/1921/1921 16/16/16 15/15/15
f 1921/1921/1921 17/17/17 16/16/16
f 1921/1921/1921 18/18/18 17/17/17
f 1921/1921/1921 19/19/19 18/18/18
f 1921/1921/1921 20/20/20 19/19/19
f 1921/1921/1921 21/21/21 20/20/20
f 1921/1921/1921 22/22/22 21/21/21
f 1921/1921/1921 23/23/23 22/22/22
f 1921/1921/1921 24/24/24 23/23/23
f 1921/1921/1921 25/25/25 24/24/24
f 1921/1921/1921 26/26/26 25/25/25
f 1921/1921/1921 27/27/27 26/26/26
f 1921/1921/1921 28/28/28 27/27/27
f 1921/1921/1921 29/29/29 28/28/28
f 1921/1921/1921 30/30/30 29/29/29
f 1921/1921/1921 31/31/31 30/30/30
f 1921/1921/1921 32/32/32 31/31/31
f 1921/1921/1921 33/33/33 32/32/32
f 1921/1921/1921 34/34/34 33/33/33
f 1921/1921/1921 35/35/35 34/34/34
f 1921/1921/1921 36/36/36 35/35/35
f 1921/1921/1921 37/37/37 36/36/36
f 1921/1921/1921 38/38/38 37/37/37
f 1921/1921/1921 39/39/39 38/38/38
f 1921/1921/1921 40/40/40 39/39/39
f 1921/1921/1921 41/41/41 40/40/40
f 1921/1921/1921 42/42/42 41/41/41
f 1921/1921/1921 43/43/43 42/42/42
f 1921/1921/1921 44/44/44 43/43/43
f 1921/1921/1921 45/45/45 44/44/44
f 1921/1921/1921 46/46/46 45/45/45
f 1921/1921/1921 47/47/47 46/46/46
f 1921/1921/1921 48/48/48 47/47/47
f 1921/1921/1921 1/1/1 48/48/48
f 1922/1922/1922 1873/1873/1873 1874/1874/1874
f 1922/1922/1922 1874/1874/1874 1875/1875/1875
f 1922/1922/1922 1875/1875/1875 1876/1876/1876
f 1922/1922/1922 1876/1876/1876 1877/1877/1877
f 1922/1922/1922 1877/1877/1877 1878/1878/1878
f 1922/1922/1922 1878/1878/1878 1879/1879/1879
f 1922/1922/1922 1879/1879/1879 1880/1880/1880
f 1922/1922/1922 1880/1880/1880 1881/1881/1881
f 1922/1922/1922 1881/1881/1881 1882/1882/1882
f 1922/1922/1922 1882/1882/1882 1883/1883/1883
f 1922/1922/1922 1883/1883/1883 1884/1884/1884
f 1922/1922/1922 1884/1884/1884 1885/1885/1885
f 1922/1922/1922 1885/1885/1885 1886/1886/1886
f 1922/1922/1922 1886/1886/1886 1887/1887/1887
f 1922/1922/1922 1887/1887/1887 1888/1888/1888
f 1922/1922/1922 1888/1888/1888 1889/1889/1889
f 1922/1922/1922 1889/1889/1889 1890/1890/1890
f 1922/1922/1922 1890/1890/1890 1891/1891/1891
f 1922/1922/1922 1891/1891/1891 1892/1892/1892
f 1922/1922/1922 1892/1892/1892 1893/1893/1893
f 1922/1922/1922 1893/1893/1893 1894/1894/1894
f 1922/1922/1922 1894/1894/1894 1895/1895/1895
f 1922/1922/1922 1895/1895/1895 1896/1896/1896
f 1922/1922/1922 1896/1896/1896 1897/1897/1897
f 1922/1922/1922 1897/1897/1897 1898/1898/1898
f 1922/1922/1922 1898/1898/1898 1899/1899/1899
f 1922/1922/1922 1899/1899/1899 1900/1900/1900
f 1922/1922/1922 1900/1900/1900 1901/1901/1901
f 1922/1922/1922 1901/1901/1901 1902/1902/1902
f 1922/1922/1922 1902/1902/1902 1903/1903/1903
f 1922/1922/1922 1903/1903/1903 1904/1904/1904
f 1922/1922/1922 1904/1904/1904 1905/1905/1905
f 1922/1922/1922 1905/1905/1905 1906/1906/1906
f 1922/1922/1922 1906/1906/1906 1907/1907/1907
f 1922/1922/1922 1907/1907/1907 1908/1908/1908
f 1922/1922/1922 1908/1908/1908 1909/1909/1909
f 1922/1922/1922 1909/1909/1909 1910/1910/1910
f 1922/1922/1922 1910/1910/1910 1911/1911/1911
f 1922/1922/1922 1911/1911/1911 1912/1912/1912
f 1922/1922/1922 1912/1912/1912 1913/1913/1913
f 1922/1922/1922 1913/1913/1913 1914/1914/1914
f 1922/1922/1922 1914/1914/1914 1915/1915/1915
f 1922/1922/1922 1915/1915/1915 1916/1916/1916
f 1922/1922/1922 1916/1916/1916 1917/1917/1917
f 1922/1922/1922 1917/1917/1917 1918/1918/1918
f 1922/1922/1922 1918/1918/1918 1919/1919/1919
f 1922/1922/1922 1919/1919/1919 1920/1920/1920
f 1922/1922/1922 1920/1920/1920 1873/1873/1873
